gid,role,role_score,cluster_id,priority_score,evidence,in_deg,out_deg,in_kzt,out_kzt,pagerank,pass_through,depth,is_seed,truncated_by_depth,hub,authority,betweenness,net_kzt,n_seed_in,in_cycle,turnover_days
100000000343175100,coordinator,0.966,9,0.8954,"betweenness=0.0011(топ~2%), pagerank=0.0007, мост: получает от 8, шлёт 31; seed-плательщиков 1",8,31,178712.0,4000039.0,0.0007166946382018719,22.382598818210305,0,True,False,0.006589397755091413,0.0002893306725283008,0.001113447146722526,-3821327.0,1,False,0.0
100000000456947100,peripheral,0.1,72,0.0,изолированный узел: 0 входящих и 0 исходящих рёбер в выгрузке,0,0,0.0,0.0,0.0,,0,True,False,0.0,0.0,0.0,0.0,0,False,
100000000580561100,transit,0.98,42,0.7305,"pass_through=53.18, 27,980₸ -> 1,488,077₸; двусторонний поток",2,3,27980.0,1488077.0,0.0008384348345170698,53.183595425303785,0,True,False,9.24211245881081e-20,2.0241050640856566e-20,1.2092493060924398e-06,-1460097.0,0,True,4.0
100000001415126100,terminal,0.677,20,0.3273,"получил 27,000₸ от 1 за 1 перев., исходящих нет (глубина 0<4) -> деньги осели",1,0,27000.0,0.0,0.00041140900981635563,0.0,0,True,False,-0.0,2.887436431929503e-07,0.0,27000.0,0,False,
100000001429930100,terminal,0.67,13,0.304,"получил 26,000₸ от 1 за 1 перев., исходящих нет (глубина 0<4) -> деньги осели",1,0,26000.0,0.0,0.00035234645645923095,0.0,0,True,False,-0.0,4.259946144350817e-08,0.0,26000.0,0,False,
100000001616816100,consolidator,0.395,6,0.8674,"получил от 5 плательщиков; authority=0.0000; seed-плательщиков 0, циклы=True",5,3,176195.0,181326.0,0.0024461862547303505,1.0291211441868384,0,True,False,2.187037232152681e-05,4.7490014961613077e-07,0.0001064947274559291,-5131.0,0,True,0.5
100000001732159100,transit,0.84,10,0.8271,"pass_through=0.63, 2,378,100₸ -> 1,505,966₸; двусторонний поток",2,4,2378100.0,1505966.0,0.0010993974323755234,0.633264370716118,0,True,False,5.340185807580995e-05,7.699492624918259e-07,2.0618231041378772e-05,872134.0,2,True,1.0
100000002527114100,distributor,0.498,1,0.8542,"разослал на 111 получателей, 3,289,249₸ за 113 перев., hub=-0.0000; out/in по узлам 111/3",3,111,129000.0,3289249.0,0.0008146179725184568,25.49805426356589,0,True,False,-5.607079207066482e-16,-1.557239363248677e-19,0.00019670455379103686,-3160249.0,0,True,4.0
100000002916006100,peripheral,0.1,20,0.0602,"слабая активность: in_deg=0, out_deg=1, вход 0₸, выход 32,000₸",0,1,0.0,32000.0,0.00028684885067513784,,0,True,False,-4.996685148785561e-20,3.1556117588663743e-19,0.0,-32000.0,0,False,
100000003016635100,coordinator,0.989,5,0.9641,"betweenness=0.0073(топ~2%), pagerank=0.0012, мост: получает от 8, шлёт 73; seed-плательщиков 0",8,73,586981.0,9414081.0,0.0011952566810188175,16.038135817002594,0,True,False,0.015842594967054764,1.2490791051078888e-05,0.00733908623831256,-8827100.0,0,True,0.0
100000003200071100,peripheral,0.1,68,0.0567,"слабая активность: in_deg=0, out_deg=1, вход 0₸, выход 30,000₸",0,1,0.0,30000.0,0.00028684885067513784,,0,True,False,-3.811554574119982e-21,7.844582313114122e-20,0.0,-30000.0,0,False,
100000003265658100,peripheral,0.1,73,0.0,изолированный узел: 0 входящих и 0 исходящих рёбер в выгрузке,0,0,0.0,0.0,0.0,,0,True,False,0.0,0.0,0.0,0.0,0,False,
100000003349739100,peripheral,0.1,74,0.0,изолированный узел: 0 входящих и 0 исходящих рёбер в выгрузке,0,0,0.0,0.0,0.0,,0,True,False,0.0,0.0,0.0,0.0,0,False,
100000003684369100,coordinator,0.992,2,1.0,"betweenness=0.0023(топ~2%), pagerank=0.0020, мост: получает от 24, шлёт 62; seed-плательщиков 1",24,62,3848436.0,8588655.0,0.0020288699638522645,2.2317260830113845,0,True,False,0.024746163659923805,0.0013537174513606478,0.002342531671550131,-4740219.0,1,True,0.0
100000003770083100,peripheral,0.1,75,0.0,изолированный узел: 0 входящих и 0 исходящих рёбер в выгрузке,0,0,0.0,0.0,0.0,,0,True,False,0.0,0.0,0.0,0.0,0,False,
100000003975102100,transit,0.645,5,0.5155,"pass_through=3.45, 25,650₸ -> 88,500₸; двусторонний поток",1,2,25650.0,88500.0,0.00034699252992357845,3.4502923976608186,0,True,False,4.6427047123602793e-07,-5.21141052426779e-19,6.016015297809888e-06,-62850.0,0,False,1.0
100000003977183100,transit,0.874,6,0.6734,"pass_through=6.19, 123,800₸ -> 766,000₸; двусторонний поток",2,4,123800.0,766000.0,0.0003329322852730705,6.187399030694669,0,True,False,4.951925900256078e-05,4.2006641912096906e-05,1.612332408123253e-06,-642200.0,1,True,0.0
100000004007116100,peripheral,0.2,23,0.5493,"удерживает средства: получил 764,704₸, отдал 148,000₸ (pass_through=0.19), in_deg=3",3,4,764704.0,148000.0,0.0006304640304726735,0.19353893794200108,0,True,False,4.3771937141843385e-19,1.9286224468559692e-19,4.0308310203081327e-07,616704.0,0,True,1.0
100000004019124100,consolidator,0.439,5,0.6865,"получил от 3 плательщиков; authority=0.0000; seed-плательщиков 2, циклы=False",3,0,193000.0,0.0,0.001207959054622012,0.0,0,True,False,-0.0,2.6673228853140647e-08,0.0,193000.0,2,False,
100000004021459100,peripheral,0.1,76,0.0,изолированный узел: 0 входящих и 0 исходящих рёбер в выгрузке,0,0,0.0,0.0,0.0,,0,True,False,0.0,0.0,0.0,0.0,0,False,
100000004041163100,transit,0.996,20,0.7945,"pass_through=17.32, 50,000₸ -> 866,000₸; двусторонний поток",1,2,50000.0,866000.0,0.0020929038577057807,17.32,0,True,False,4.6424055325837017e-07,1.665324847076051e-20,2.3781903019817984e-05,-816000.0,1,True,0.0
100000004174835100,peripheral,0.1,77,0.0,изолированный узел: 0 входящих и 0 исходящих рёбер в выгрузке,0,0,0.0,0.0,0.0,,0,True,False,0.0,0.0,0.0,0.0,0,False,
100000004193835100,peripheral,0.2,5,0.3582,"удерживает средства: получил 47,000₸, отдал 5,000₸ (pass_through=0.11), in_deg=1",1,1,47000.0,5000.0,0.0004719965493240662,0.10638297872340426,0,True,False,4.605582293614621e-07,6.973423550245326e-11,6.791950269219204e-06,42000.0,0,False,0.0
100000004269433100,peripheral,0.1,16,0.171,"слабая активность: in_deg=0, out_deg=1, вход 0₸, выход 1,372,000₸",0,1,0.0,1372000.0,0.00028684885067513784,,0,True,False,-1.9408166796393118e-21,-1.8842510547996143e-19,0.0,-1372000.0,0,False,
100000004358004100,distributor,0.794,2,0.3999,"разослал на 11 получателей, 980,850₸ за 17 перев., hub=0.0036; out/in по узлам 11/0",0,11,0.0,980850.0,0.00028684885067513784,,0,True,False,0.0036381727346354404,-8.77268312164625e-20,0.0,-980850.0,0,False,
100000004388983100,peripheral,0.1,63,0.1528,"слабая активность: in_deg=0, out_deg=2, вход 0₸, выход 450,816₸",0,2,0.0,450816.0,0.00028684885067513784,,0,True,False,-3.8437538850781365e-20,1.0625003323675408e-19,0.0,-450816.0,0,False,
100000004714705100,peripheral,0.1,20,0.0645,"слабая активность: in_deg=0, out_deg=1, вход 0₸, выход 36,550₸",0,1,0.0,36550.0,0.00028684885067513784,,0,True,False,-8.206591164080146e-23,-2.360320382203886e-19,0.0,-36550.0,0,False,
100000004723755100,peripheral,0.1,2,0.1029,"слабая активность: in_deg=0, out_deg=1, вход 0₸, выход 95,000₸",0,1,0.0,95000.0,0.00028684885067513784,,0,True,False,2.3834227655004224e-20,-9.902054081679121e-21,0.0,-95000.0,0,False,
100000004813068100,peripheral,0.1,24,0.1403,"слабая активность: in_deg=0, out_deg=3, вход 0₸, выход 297,000₸",0,3,0.0,297000.0,0.00028684885067513784,,0,True,False,2.903465517503911e-20,4.7364114324145076e-20,0.0,-297000.0,0,False,
100000004971871100,peripheral,0.2,57,0.3589,"удерживает средства: получил 25,400₸, отдал 5,650₸ (pass_through=0.22), in_deg=1",1,1,25400.0,5650.0,0.0007461346034888532,0.22244094488188976,0,True,False,5.0594428543279695e-21,-1.6722236024599424e-20,0.0,19750.0,0,True,2.0
100000005017150100,peripheral,0.1,78,0.0,изолированный узел: 0 входящих и 0 исходящих рёбер в выгрузке,0,0,0.0,0.0,0.0,,0,True,False,0.0,0.0,0.0,0.0,0,False,
100000005087431100,peripheral,0.1,79,0.0,изолированный узел: 0 входящих и 0 исходящих рёбер в выгрузке,0,0,0.0,0.0,0.0,,0,True,False,0.0,0.0,0.0,0.0,0,False,
100000005235389100,peripheral,0.1,80,0.0,изолированный узел: 0 входящих и 0 исходящих рёбер в выгрузке,0,0,0.0,0.0,0.0,,0,True,False,0.0,0.0,0.0,0.0,0,False,
100000005264990100,transit,0.657,20,0.5619,"pass_through=7.15, 17,070₸ -> 122,000₸; двусторонний поток",1,2,17070.0,122000.0,0.00036559855128775223,7.147041593438781,0,True,False,4.6424055325837017e-07,2.8874364319294734e-07,7.898413384293786e-05,-104930.0,0,False,4.0
100000005370580100,terminal,0.657,13,0.2985,"получил 24,075₸ от 1 за 1 перев., исходящих нет (глубина 0<4) -> деньги осели",1,0,24075.0,0.0,0.000347497114492524,0.0,0,True,False,-0.0,4.2599461443038784e-08,0.0,24075.0,0,False,
100000005382566100,consolidator,0.668,20,0.9593,"получил от 7 плательщиков; authority=0.0000; seed-плательщиков 6, циклы=True",7,1,393066.0,50000.0,0.0021219671978348746,0.12720510041570626,0,True,False,7.088047551499184e-21,1.0820738113117921e-06,4.7160722937605155e-05,343066.0,6,True,0.0
100000005386383100,transit,0.606,20,0.5561,"pass_through=0.77, 37,500₸ -> 29,000₸; двусторонний поток",2,1,37500.0,29000.0,0.000526627532264104,0.7733333333333333,0,True,False,4.605582293614621e-07,-1.216809637338177e-19,2.9011906268667784e-05,8500.0,0,False,
100000005392290100,peripheral,0.1,67,0.0955,"слабая активность: in_deg=0, out_deg=1, вход 0₸, выход 81,465₸",0,1,0.0,81465.0,0.00028684885067513784,,0,True,False,3.490562890759487e-21,-8.112884131258618e-20,0.0,-81465.0,0,False,
100000005395727100,terminal,0.606,16,0.2943,"получил 17,000₸ от 1 за 1 перев., исходящих нет (глубина 0<4) -> деньги осели",1,0,17000.0,0.0,0.00037285017574888944,0.0,0,True,False,-0.0,-4.290907453784812e-20,0.0,17000.0,0,False,
100000005409680100,terminal,0.77,17,0.402,"получил 55,060₸ от 2 за 2 перев., исходящих нет (глубина 0<4) -> деньги осели",2,0,55060.0,0.0,0.0006362170091600223,0.0,0,True,False,-0.0,3.582520634368298e-05,0.0,55060.0,0,False,
100000005417257100,peripheral,0.1,20,0.1078,"слабая активность: in_deg=0, out_deg=2, вход 0₸, выход 106,000₸",0,2,0.0,106000.0,0.00028684885067513784,,0,True,False,-8.025143377354538e-21,-1.381400790294757e-19,0.0,-106000.0,0,False,
100000005454368100,terminal,0.745,13,0.3468,"получил 48,600₸ от 2 за 2 перев., исходящих нет (глубина 0<4) -> деньги осели",2,0,48600.0,0.0,0.00039592373535834297,0.0,0,True,False,-0.0,5.07174384908518e-06,0.0,48600.0,0,False,
100000005480435100,peripheral,0.1,81,0.0,изолированный узел: 0 входящих и 0 исходящих рёбер в выгрузке,0,0,0.0,0.0,0.0,,0,True,False,0.0,0.0,0.0,0.0,0,False,
100000005485830100,distributor,0.663,44,0.3711,"разослал на 5 получателей, 275,885₸ за 9 перев., hub=0.0000; out/in по узлам 5/0",0,5,0.0,275885.0,0.00028684885067513784,,0,True,False,1.8367098106444262e-19,9.781858423679951e-20,0.0,-275885.0,0,False,
100000005493505100,consolidator,0.378,2,0.5973,"получил от 3 плательщиков; authority=0.0000; seed-плательщиков 1, циклы=False",3,0,62020.0,0.0,0.0006201052363006143,0.0,0,True,False,-0.0,4.328893645293868e-08,0.0,62020.0,1,False,
100000005495722100,peripheral,0.1,82,0.0,изолированный узел: 0 входящих и 0 исходящих рёбер в выгрузке,0,0,0.0,0.0,0.0,,0,True,False,0.0,0.0,0.0,0.0,0,False,
100000005498992100,distributor,0.84,7,0.409,"разослал на 16 получателей, 2,262,868₸ за 19 перев., hub=0.0012; out/in по узлам 16/0",0,16,0.0,2262868.0,0.00028684885067513784,,0,True,False,0.0012206418473347874,1.8759541099214967e-19,0.0,-2262868.0,0,False,
100000005519347100,transit,0.717,5,0.614,"pass_through=1.35, 73,100₸ -> 99,000₸; двусторонний поток",2,1,73100.0,99000.0,0.0005591119636921237,1.3543091655266757,0,True,False,1.1352806919024311e-08,-3.5532396808058166e-19,1.5451518911181176e-06,-25900.0,1,False,6.0
100000005523088100,terminal,0.977,20,0.5318,"получил 700,000₸ от 1 за 2 перев., исходящих нет (глубина 0<4) -> деньги осели",1,0,700000.0,0.0,0.001727016136115811,0.0,0,True,False,-0.0,8.651558043238397e-09,0.0,700000.0,1,False,
100000005543136100,peripheral,0.1,2,0.0155,"слабая активность: in_deg=0, out_deg=1, вход 0₸, выход 10,000₸",0,1,0.0,10000.0,0.00028684885067513784,,0,True,False,1.842487611777304e-08,3.884837356504697e-19,0.0,-10000.0,0,False,
100000005550592100,peripheral,0.1,83,0.0,изолированный узел: 0 входящих и 0 исходящих рёбер в выгрузке,0,0,0.0,0.0,0.0,,0,True,False,0.0,0.0,0.0,0.0,0,False,
100000005560900100,peripheral,0.1,84,0.0,изолированный узел: 0 входящих и 0 исходящих рёбер в выгрузке,0,0,0.0,0.0,0.0,,0,True,False,0.0,0.0,0.0,0.0,0,False,
100000005568407100,peripheral,0.1,85,0.0,изолированный узел: 0 входящих и 0 исходящих рёбер в выгрузке,0,0,0.0,0.0,0.0,,0,True,False,0.0,0.0,0.0,0.0,0,False,
100000005668605100,consolidator,0.442,20,0.6225,"получил от 3 плательщиков; authority=0.0000; seed-плательщиков 1, циклы=False",3,0,94500.0,0.0,0.0008418642511074619,0.0,0,True,False,-0.0,2.9287207228897162e-06,0.0,94500.0,1,False,
100000005744674100,peripheral,0.1,20,0.0793,"слабая активность: in_deg=0, out_deg=1, вход 0₸, выход 50,066₸",0,1,0.0,50066.0,0.00028684885067513784,,0,True,False,4.605582293614621e-07,-2.21101728921429e-19,0.0,-50066.0,0,False,
100000006232815100,distributor,0.66,29,0.7688,"разослал на 5 получателей, 296,500₸ за 5 перев., hub=0.0000; out/in по узлам 5/1",1,5,160000.0,296500.0,0.0005589743134767565,1.853125,0,True,False,1.0825842447491955e-19,9.759223334590878e-20,2.821581714215693e-06,-136500.0,0,True,4.0
100000006249740100,peripheral,0.1,49,0.1017,"слабая активность: in_deg=0, out_deg=3, вход 0₸, выход 93,007₸",0,3,0.0,93007.0,0.00028684885067513784,,0,True,False,-1.0105694175422702e-19,-1.5297269476347024e-19,0.0,-93007.0,0,False,
100000006831291100,peripheral,0.1,49,0.0263,"слабая активность: in_deg=0, out_deg=1, вход 0₸, выход 15,000₸",0,1,0.0,15000.0,0.00028684885067513784,,0,True,False,-3.593851220000485e-20,-2.7776047672576674e-19,0.0,-15000.0,0,False,
100000006866783100,coordinator,0.981,0,0.9572,"betweenness=0.0061(топ~2%), pagerank=0.0009, мост: получает от 13, шлёт 67; seed-плательщиков 0",13,67,838812.0,3948037.0,0.0008741047179040796,4.706700667133994,0,True,False,0.11545872592100166,0.0006837652775653562,0.006148793520652797,-3109225.0,0,True,0.0
100000007018630100,peripheral,0.1,62,0.1287,"слабая активность: in_deg=0, out_deg=1, вход 0₸, выход 200,000₸",0,1,0.0,200000.0,0.00028684885067513784,,0,True,False,1.9399755124223507e-20,1.578850031773279e-19,0.0,-200000.0,0,False,
100000007747786100,distributor,0.973,6,0.4117,"разослал на 31 получателей, 4,238,009₸ за 35 перев., hub=0.0002; out/in по узлам 31/0",0,31,0.0,4238009.4,0.00028684885067513784,,0,True,False,0.0002329593000068508,-2.689251046426911e-19,0.0,-4238009.4,0,False,
100000007982728100,distributor,0.765,6,0.4068,"разослал на 8 получателей, 1,804,384₸ за 12 перев., hub=0.0022; out/in по узлам 8/0",0,8,0.0,1804384.0,0.00028684885067513784,,0,True,False,0.002194464245976047,-1.313212649669591e-19,0.0,-1804384.0,0,False,
100000008117324100,peripheral,0.1,86,0.0,изолированный узел: 0 входящих и 0 исходящих рёбер в выгрузке,0,0,0.0,0.0,0.0,,0,True,False,0.0,0.0,0.0,0.0,0,False,
100000008205000100,peripheral,0.1,87,0.0,изолированный узел: 0 входящих и 0 исходящих рёбер в выгрузке,0,0,0.0,0.0,0.0,,0,True,False,0.0,0.0,0.0,0.0,0,False,
100000008314203100,transit,0.876,10,0.6532,"pass_through=0.86, 382,076₸ -> 327,000₸; двусторонний поток",2,2,382076.0,327000.0,0.0005050728131960829,0.8558506684533967,0,True,False,4.055189449426815e-05,1.0094203836572607e-06,0.0,55076.0,2,True,1.0
100000008418835100,peripheral,0.2,16,0.5335,"удерживает средства: получил 1,372,000₸, отдал 186,179₸ (pass_through=0.14), in_deg=1",1,4,1372000.0,186179.0,0.0005309030338467363,0.13569897959183674,0,True,False,0.00012847887531502845,-4.559916135917247e-21,0.0003220633985226198,1185821.0,1,False,0.0
100000008513251100,peripheral,0.1,88,0.0,изолированный узел: 0 входящих и 0 исходящих рёбер в выгрузке,0,0,0.0,0.0,0.0,,0,True,False,0.0,0.0,0.0,0.0,0,False,
100000008516839100,consolidator,0.231,20,0.6453,"получил от 3 плательщиков; authority=-0.0000; seed-плательщиков 1, циклы=False",3,0,155000.0,0.0,0.0010741596212647674,0.0,0,True,False,-0.0,-1.1739627691307608e-19,0.0,155000.0,1,False,
100000008522127100,peripheral,0.1,61,0.1165,"слабая активность: in_deg=0, out_deg=1, вход 0₸, выход 145,000₸",0,1,0.0,145000.0,0.00028684885067513784,,0,True,False,-7.922976115514015e-21,-2.263617293171576e-19,0.0,-145000.0,0,False,
100000008571433100,transit,0.993,50,0.7411,"pass_through=4.10, 350,000₸ -> 1,434,000₸; двусторонний поток",2,2,350000.0,1434000.0,0.0016372326866585763,4.097142857142857,0,True,False,7.20709630747909e-20,1.2534469023287802e-19,1.0077077550770332e-06,-1084000.0,0,True,1.0
100000008575624100,peripheral,0.1,45,0.0997,"слабая активность: in_deg=0, out_deg=3, вход 0₸, выход 89,500₸",0,3,0.0,89500.0,0.00028684885067513784,,0,True,False,2.601230883204632e-19,4.523341575525495e-20,0.0,-89500.0,0,False,
100000008601794100,transit,0.998,54,0.7389,"pass_through=1.76, 494,400₸ -> 871,400₸; двусторонний поток",2,1,494400.0,871400.0,0.0023872850889654295,1.7625404530744337,0,True,False,2.135504975065296e-21,-2.0259024218908978e-20,4.0308310203081327e-07,-377000.0,0,True,0.0
100000008637537100,consolidator,0.59,10,0.9455,"получил от 3 плательщиков; authority=0.0001; seed-плательщиков 2, циклы=True",3,3,619890.0,2351495.0,0.000832076082742809,3.793406894771653,0,True,False,7.634003709764949e-07,9.450604459427575e-05,7.886373928483128e-05,-1731605.0,2,True,1.0
100000008650785100,transit,0.726,5,0.6501,"pass_through=1.31, 92,000₸ -> 120,120₸; двусторонний поток",2,2,92000.0,120120.0,0.0006151829911466887,1.3056521739130436,0,True,False,-8.948155392031204e-20,8.721849828395964e-09,2.2807785523243515e-05,-28120.0,1,False,2.5
100000008654653100,peripheral,0.1,5,0.0829,"слабая активность: in_deg=0, out_deg=1, вход 0₸, выход 54,000₸",0,1,0.0,54000.0,0.00028684885067513784,,0,True,False,1.1352806919024311e-08,-3.128894613439338e-19,0.0,-54000.0,0,False,
100000008659445100,transit,0.998,43,0.7395,"pass_through=6.32, 138,490₸ -> 875,150₸; двусторонний поток",3,4,138490.0,875150.0,0.002457648618435237,6.319228825185934,0,True,False,1.204214963258583e-19,-1.1030409919552587e-19,1.0077077550770332e-06,-736660.0,0,True,2.5
100000008669037100,peripheral,0.1,89,0.0,изолированный узел: 0 входящих и 0 исходящих рёбер в выгрузке,0,0,0.0,0.0,0.0,,0,True,False,0.0,0.0,0.0,0.0,0,False,
100000008673001100,terminal,0.803,20,0.4109,"получил 80,000₸ от 1 за 1 перев., исходящих нет (глубина 0<4) -> деньги осели",1,0,80000.0,0.0,0.0004710406870310613,0.0,0,True,False,-0.0,-5.9929856516952665e-21,0.0,80000.0,1,False,
100000008680731100,distributor,0.942,11,0.4047,"разослал на 27 получателей, 1,464,354₸ за 28 перев., hub=0.0005; out/in по узлам 27/0",0,27,0.0,1464354.0,0.00028684885067513784,,0,True,False,0.0005419654118780482,6.355355868815997e-20,0.0,-1464354.0,0,False,
100000008701222100,peripheral,0.1,90,0.0,изолированный узел: 0 входящих и 0 исходящих рёбер в выгрузке,0,0,0.0,0.0,0.0,,0,True,False,0.0,0.0,0.0,0.0,0,False,
100000008738325100,transit,0.697,20,0.5678,"pass_through=1.48, 36,550₸ -> 54,000₸; двусторонний поток",1,1,36550.0,54000.0,0.0005309030338467363,1.4774281805745555,0,True,False,1.246538282627051e-06,-1.9281247869798541e-22,2.0154155101540663e-07,-17450.0,1,False,
100000003134937100,terminal,0.566,5,0.1636,"получил 10,286₸ от 1 за 1 перев., исходящих нет (глубина 1<4) -> деньги осели",1,0,10286.0,0.0,0.0002879597204265748,0.0,1,False,False,-0.0,0.00029524161332083836,0.0,10286.0,1,False,
100000005074393100,distributor,0.695,13,0.8842,"разослал на 6 получателей, 685,500₸ за 10 перев., hub=0.0000; out/in по узлам 6/4",4,6,563026.0,685500.0,0.00106451347090125,1.2175281425724567,1,False,False,2.6167064333592366e-06,0.0007322918602276501,0.00022068799836187026,-122474.0,1,True,3.5
100000001924185100,terminal,0.869,9,0.3999,"получил 151,000₸ от 2 за 2 перев., исходящих нет (глубина 1<4) -> деньги осели",2,0,151000.0,0.0,0.00031161113451595403,0.0,1,False,False,-0.0,0.0005839675713304681,0.0,151000.0,2,False,
100000004070318100,distributor,0.873,0,0.7782,"разослал на 19 получателей, 551,860₸ за 37 перев., hub=0.0050; out/in по узлам 19/4",4,19,207246.55,551860.0,0.0003155185661358385,2.662818753798314,1,False,False,0.004977218192349834,0.00665530354080486,0.002108784807773284,-344613.45,1,True,1.0
100000005807278100,terminal,0.542,44,0.2081,"получил 8,385₸ от 1 за 1 перев., исходящих нет (глубина 1<4) -> деньги осели",1,0,8385.0,0.0,0.0002942664135215915,0.0,1,False,False,-0.0,-1.1321605532398547e-20,0.0,8385.0,1,False,
100000003377795100,terminal,0.535,6,0.1502,"получил 7,000₸ от 1 за 1 перев., исходящих нет (глубина 1<4) -> деньги осели",1,0,7000.0,0.0,0.0002872519595691864,0.0,1,False,False,-0.0,4.34141500904033e-06,0.0,7000.0,1,False,
100000004330371100,peripheral,0.2,5,0.6326,"удерживает средства: получил 264,171₸, отдал 90,681₸ (pass_through=0.34), in_deg=2",2,2,264171.0,90681.0,0.0012610864292053748,0.3432662934235779,1,False,False,5.358905915260763e-06,0.0002976021731345238,0.00034040367966502183,173490.0,1,True,1.0
100000008165763100,distributor,0.86,2,0.808,"разослал на 17 получателей, 1,267,858₸ за 17 перев., hub=0.0077; out/in по узлам 17/15",15,17,1165815.0,1267858.0,0.0009141720501285504,1.087529324978663,1,False,False,0.007660859302985806,0.0009408997842647414,0.00035120969385587,-102043.0,1,False,0.0
100000001684867100,terminal,0.694,5,0.2241,"получил 30,550₸ от 1 за 1 перев., исходящих нет (глубина 1<4) -> деньги осели",1,0,30550.0,0.0,0.0002901481964758766,0.0,1,False,False,-0.0,0.00029524161332083863,0.0,30550.0,1,False,
100000003900547100,terminal,0.653,5,0.2017,"получил 23,700₸ от 1 за 1 перев., исходящих нет (глубина 1<4) -> деньги осели",1,0,23700.0,0.0,0.0002894084086285751,0.0,1,False,False,-0.0,0.00029524161332083847,0.0,23700.0,1,False,
100000006656003100,peripheral,0.2,1,0.2057,"удерживает средства: получил 20,000₸, отдал 9,000₸ (pass_through=0.45), in_deg=1",1,1,20000.0,9000.0,0.0002910637433394611,0.45,1,False,False,-6.628008148171747e-20,-1.108715662700239e-17,0.0,11000.0,1,True,0.0
100000008237827100,terminal,0.723,2,0.2691,"получил 40,001₸ от 1 за 1 перев., исходящих нет (глубина 1<4) -> деньги осели",1,0,40001.0,0.0,0.00029489033300800986,0.0,1,False,False,-0.0,0.0004611679650745768,0.0,40001.0,1,False,
100000003014659100,terminal,0.924,9,0.4109,"получил 280,000₸ от 1 за 1 перев., исходящих нет (глубина 1<4) -> деньги осели",1,0,280000.0,0.0,0.00032951873404572026,0.0,1,False,False,-0.0,0.0001227996062558915,0.0,280000.0,1,False,
100000007939160100,peripheral,0.2,42,0.5818,"удерживает средства: получил 795,000₸, отдал 14,300₸ (pass_through=0.02), in_deg=1",1,2,795000.0,14300.0,0.0006680900198229332,0.017987421383647798,1,False,False,9.9626037335901e-20,1.6262184510115535e-19,4.0308310203081327e-07,780700.0,1,True,
100000007274584100,terminal,0.715,2,0.2644,"получил 38,000₸ от 1 за 1 перев., исходящих нет (глубина 1<4) -> деньги осели",1,0,38000.0,0.0,0.0002944880679109353,0.0,1,False,False,-0.0,0.0004611679650745769,0.0,38000.0,1,False,
100000001524952100,terminal,0.835,0,0.347,"получил 103,807₸ от 1 за 1 перев., исходящих нет (глубина 1<4) -> деньги осели",1,0,103807.0,0.0,0.00030640694076239356,0.0,1,False,False,-0.0,0.0021516816268908234,0.0,103807.0,1,False,
100000003131693100,terminal,0.94,2,0.4337,"получил 353,277₸ от 1 за 1 перев., исходящих нет (глубина 1<4) -> деньги осели",1,0,353277.0,0.0,0.0003578688440280544,0.0,1,False,False,-0.0,0.0004611679650745765,0.0,353277.0,1,False,
100000008383405100,terminal,0.663,24,0.2898,"получил 25,000₸ от 1 за 2 перев., исходящих нет (глубина 1<4) -> деньги осели",1,0,25000.0,0.0,0.00030739213208688855,0.0,1,False,False,-0.0,1.3357103112645464e-19,0.0,25000.0,1,False,
100000008736173100,terminal,0.696,1,0.2509,"получил 31,060₸ от 1 за 1 перев., исходящих нет (глубина 1<4) -> деньги осели",1,0,31060.0,0.0,0.00029339457898283194,0.0,1,False,False,-0.0,-1.1507017135544902e-17,0.0,31060.0,1,False,
100000002861485100,terminal,0.684,5,0.2186,"получил 29,323₸ от 1 за 1 перев., исходящих нет (глубина 1<4) -> деньги осели",1,0,29323.0,0.0,0.0002900156826527176,0.0,1,False,False,-0.0,0.00029524161332083836,0.0,29323.0,1,False,
100000008745474100,terminal,0.724,1,0.2725,"получил 40,559₸ от 1 за 1 перев., исходящих нет (глубина 1<4) -> деньги осели",1,0,40559.0,0.0,0.00029539644225375224,0.0,1,False,False,-0.0,-1.1833951608544398e-17,0.0,40559.0,1,False,
100000008691330100,terminal,0.641,1,0.2192,"получил 21,440₸ от 1 за 1 перев., исходящих нет (глубина 1<4) -> деньги осели",1,0,21440.0,0.0,0.00029136721561129244,0.0,1,False,False,-0.0,-1.2000499135978394e-17,0.0,21440.0,1,False,
100000007639767100,distributor,0.781,0,0.7567,"разослал на 10 получателей, 822,244₸ за 13 перев., hub=0.0026; out/in по узлам 10/4",4,10,90913.0,822244.0,0.00030278321457567097,9.044295095310902,1,False,False,0.0025974459331570224,0.006025939301765313,0.0025542440466601903,-731331.0,1,True,6.0
100000002921047100,peripheral,0.2,6,0.427,"удерживает средства: получил 338,000₸, отдал 163,000₸ (pass_through=0.48), in_deg=2",2,1,338000.0,163000.02,0.00031846212425336036,0.48224857988165676,1,False,False,-1.153043299061078e-21,5.617563035292341e-06,2.1968029060679322e-05,174999.98,1,False,0.0
100000004783447100,terminal,0.673,1,0.2361,"получил 26,200₸ от 1 за 1 перев., исходящих нет (глубина 1<4) -> деньги осели",1,0,26200.0,0.0,0.00029237036006540134,0.0,1,False,False,-0.0,-1.1662395248622734e-17,0.0,26200.0,1,False,
100000008696919100,terminal,0.698,1,0.2532,"получил 31,945₸ от 1 за 1 перев., исходящих нет (глубина 1<4) -> деньги осели",1,0,31945.0,0.0,0.0002935810879832282,0.0,1,False,False,-0.0,-1.1444897502608236e-17,0.0,31945.0,1,False,
100000008736940100,consolidator,0.35,43,0.8711,"получил от 3 плательщиков, 451,090₸; authority=0.0000; seed-плательщиков 1, циклы=True",3,3,451090.0,182100.0,0.0024481745423749314,0.40368884258130305,1,False,False,3.2647139969490386e-21,1.648693194788336e-19,8.061662040616265e-07,268990.0,1,True,0.0
100000005940652100,terminal,0.543,10,0.1671,"получил 8,395₸ от 1 за 1 перев., исходящих нет (глубина 1<4) -> деньги осели",1,0,8395.0,0.0,0.0002893773976301017,0.0,1,False,False,-0.0,1.4226681778113787e-08,0.0,8395.0,1,False,
100000004180097100,consolidator,0.613,0,0.8668,"получил от 3 плательщиков, 104,854₸; authority=0.0022; seed-плательщиков 1, циклы=True",3,3,104854.0,47800.0,0.0008599843237032197,0.4558719743643542,1,False,False,7.623101045108014e-06,0.0021866488045282017,0.0003190402752573887,57054.0,1,True,0.0
100000005539201100,transit,0.336,5,0.4521,"pass_through=0.55, 45,504₸ -> 25,000₸; двусторонний поток",1,1,45504.0,25000.0,0.00029176320194573737,0.5494022503516175,1,False,False,-7.492797186989978e-21,0.0002952416133208382,4.2693218556763636e-05,20504.0,1,False,
100000005620225100,terminal,0.748,0,0.2903,"получил 49,846₸ от 2 за 2 перев., исходящих нет (глубина 1<4) -> деньги осели",2,0,49845.66,0.0,0.00029755896877035,0.0,1,False,False,-0.0,0.00279449731151758,0.0,49845.66,1,False,
100000004388353100,terminal,0.78,9,0.3689,"получил 62,960₸ от 2 за 2 перев., исходящих нет (глубина 1<4) -> деньги осели",2,0,62960.0,0.0,0.00034227174180232346,0.0,1,False,False,-0.0,0.00015190147771062317,0.0,62960.0,1,False,
100000007442518100,distributor,0.745,30,0.881,"разослал на 9 получателей, 4,419,999₸ за 12 перев., hub=0.0000; out/in по узлам 9/5",5,9,510000.0,4419999.0,0.0006515232072674916,8.666664705882352,1,False,False,2.080221563269975e-05,0.005493256774154664,0.00025656239444261263,-3909999.0,1,True,2.0
100000000267734100,distributor,0.678,6,0.7939,"разослал на 7 получателей, 282,000₸ за 8 перев., hub=0.0000; out/in по узлам 7/2",2,7,180000.0,282000.0,0.0005396268570373781,1.5666666666666667,1,False,False,1.0035363499364669e-19,4.376405902722849e-06,3.6277479182773194e-06,-102000.0,1,True,7.5
100000001987030100,transit,0.39,16,0.4619,"pass_through=0.62, 30,864₸ -> 19,000₸; двусторонний поток",2,1,30864.0,19000.0,0.0002951862409947934,0.6156039398652151,1,False,False,1.8969132871445534e-06,0.00033091796293033715,5.804396669243711e-05,11864.0,1,False,13.0
100000002603478100,terminal,0.65,11,0.216,"получил 23,500₸ от 1 за 1 перев., исходящих нет (глубина 1<4) -> деньги осели",1,0,23500.0,0.0,0.0002907654400411877,0.0,1,False,False,-0.0,1.0100033668708499e-05,0.0,23500.0,1,False,
100000001380054100,transit,0.974,29,0.7445,"pass_through=2.83, 127,050₸ -> 360,000₸; двусторонний поток",2,3,127050.0,360000.0,0.000719375157774433,2.833530106257379,1,False,False,5.4063196022623056e-20,9.765340745584849e-20,2.821581714215693e-06,-232950.0,1,True,3.5
100000002992171100,terminal,0.587,1,0.1871,"получил 14,627₸ от 1 за 1 перев., исходящих нет (глубина 1<4) -> деньги осели",1,0,14627.0,0.0,0.0002899314124251907,0.0,1,False,False,-0.0,-1.1159093121898802e-17,0.0,14627.0,1,False,
100000002781227100,transit,0.933,61,0.7973,"pass_through=1.11: получил 191,168₸ -> отдал 212,420₸, оборот ~2д; цикл=True",2,3,191167.62,212420.0,0.0023373647787345705,1.1111714421092862,1,False,False,2.655928916903834e-06,-1.8614899084819015e-20,0.00013523438073133784,-21252.380000000005,1,True,1.5
100000008745643100,terminal,0.637,1,0.2158,"получил 20,313₸ от 1 за 1 перев., исходящих нет (глубина 1<4) -> деньги осели",1,0,20313.0,0.0,0.00029112970640965776,0.0,1,False,False,-0.0,-1.1153031233061697e-17,0.0,20313.0,1,False,
100000002836736100,terminal,0.965,6,0.4709,"получил 509,000₸ от 2 за 2 перев., исходящих нет (глубина 1<4) -> деньги осели",2,0,509000.0,0.0,0.0004537654899640319,0.0,1,False,False,-0.0,5.452157877818537e-06,0.0,509000.0,1,False,
100000004188160100,transit,0.8,5,0.6342,"pass_through=1.52, 87,862₸ -> 133,846₸; двусторонний поток",2,5,87862.0,133846.0,0.00029815609164499123,1.5233661878855478,1,False,False,9.609308633689223e-05,0.0003309179629303373,0.00250225193563317,-45984.0,1,True,0.5
100000004841728100,terminal,0.761,1,0.2956,"получил 52,208₸ от 1 за 1 перев., исходящих нет (глубина 1<4) -> деньги осели",1,0,52208.0,0.0,0.0002978514064860873,0.0,1,False,False,-0.0,-1.1608848487583924e-17,0.0,52208.0,1,False,
100000001554432100,terminal,0.766,2,0.2965,"получил 53,920₸ от 1 за 1 перев., исходящих нет (глубина 1<4) -> деньги осели",1,0,53920.0,0.0,0.0002976884978686694,0.0,1,False,False,-0.0,0.00046116796507457674,0.0,53920.0,1,False,
100000008768896100,terminal,0.741,1,0.2845,"получил 47,060₸ от 1 за 1 перев., исходящих нет (глубина 1<4) -> деньги осели",1,0,47060.0,0.0,0.0002967664931142905,0.0,1,False,False,-0.0,-1.1714984382012803e-17,0.0,47060.0,1,False,
100000008232832100,peripheral,0.2,10,0.3673,"удерживает средства: получил 337,000₸, отдал 138,000₸ (pass_through=0.41), in_deg=1",1,1,337000.0,138000.0,0.0004962754348031012,0.4094955489614243,1,False,False,1.2324458723359463e-05,9.951937018789933e-07,0.0,199000.0,1,False,
100000002864256100,terminal,0.856,2,0.3684,"получил 135,780₸ от 1 за 1 перев., исходящих нет (глубина 1<4) -> деньги осели",1,0,135780.0,0.0,0.0003141449800508374,0.0,1,False,False,-0.0,0.0004611679650745762,0.0,135780.0,1,False,
100000001929088100,terminal,0.948,6,0.4424,"получил 396,010₸ от 2 за 2 перев., исходящих нет (глубина 1<4) -> деньги осели",2,0,396010.0,0.0,0.0003190036140627866,0.0,1,False,False,-0.0,2.7089220469160846e-05,0.0,396010.0,2,False,
100000002794197100,terminal,0.693,6,0.2079,"получил 30,100₸ от 1 за 1 перев., исходящих нет (глубина 1<4) -> деньги осели",1,0,30100.0,0.0,0.00028858221891954645,0.0,1,False,False,-0.0,4.341415009040369e-06,0.0,30100.0,1,False,
100000005669845100,terminal,0.63,29,0.2995,"получил 20,000₸ от 1 за 1 перев., исходящих нет (глубина 1<4) -> деньги осели",1,0,20000.0,0.0,0.0003189386946552994,0.0,1,False,False,-0.0,8.458459989148253e-20,0.0,20000.0,1,False,
100000002211413100,terminal,0.713,1,0.2643,"получил 37,000₸ от 1 за 1 перев., исходящих нет (глубина 1<4) -> деньги осели",1,0,37000.0,0.0,0.0002946464021041359,0.0,1,False,False,-0.0,-1.201211282159794e-17,0.0,37000.0,1,False,
100000002784085100,terminal,0.896,7,0.3725,"получил 200,000₸ от 1 за 1 перев., исходящих нет (глубина 1<4) -> деньги осели",1,0,200000.0,0.0,0.00030841919266341104,0.0,1,False,False,-0.0,2.2747805460120585e-05,0.0,200000.0,1,False,
100000008782421100,terminal,0.748,1,0.2891,"получил 49,680₸ от 1 за 1 перев., исходящих нет (глубина 1<4) -> деньги осели",1,0,49680.0,0.0,0.00029731864405331684,0.0,1,False,False,-0.0,-1.1331890131240603e-17,0.0,49680.0,1,False,
100000003739818100,terminal,0.772,2,0.3015,"получил 57,293₸ от 1 за 1 перев., исходящих нет (глубина 1<4) -> деньги осели",1,0,57293.0,0.0,0.00029836657891436273,0.0,1,False,False,-0.0,0.0004611679650745772,0.0,57293.0,1,False,
100000002214570100,terminal,0.675,1,0.2371,"получил 26,471₸ от 1 за 1 перев., исходящих нет (глубина 1<4) -> деньги осели",1,0,26471.0,0.0,0.00029242747186100296,0.0,1,False,False,-0.0,-1.1126203533219497e-17,0.0,26471.0,1,False,
100000006443391100,consolidator,0.48,7,0.8287,"получил от 3 плательщиков, 86,776₸; authority=0.0000; seed-плательщиков 1, циклы=True",3,2,86775.93,60041.71000000001,0.0024348970700620136,0.6919166409394865,1,False,False,-8.15928233116543e-20,2.3115980147424423e-05,1.2092493060924398e-06,26734.219999999987,1,True,0.0
100000005473151100,peripheral,0.2,8,0.6053,"удерживает средства: получил 1,220,000₸, отдал 225,000₸ (pass_through=0.18), in_deg=3",3,4,1220000.0,225000.0,0.00047031732601366874,0.18442622950819673,1,False,False,8.612528143285535e-20,6.247986024185348e-06,0.00024573673398807077,995000.0,1,True,0.0
100000005124479100,peripheral,0.2,0,0.3769,"удерживает средства: получил 137,753₸, отдал 22,000₸ (pass_through=0.16), in_deg=2",2,2,137753.0,22000.0,0.00030458050269059725,0.15970614070110994,1,False,False,-1.7841496806324028e-21,0.001593106408723179,4.836997224369759e-05,115753.0,1,False,4.0
100000005527892100,distributor,0.714,18,0.6872,"разослал на 8 получателей, 552,419₸ за 8 перев., hub=0.0000; out/in по узлам 8/3",3,8,220001.0,552419.0,0.00031382479998316135,2.510984040981632,1,False,False,3.0608802363913136e-06,0.0030873352842451774,0.000504061585139276,-332418.0,1,False,1.5
100000008028628100,terminal,0.772,1,0.303,"получил 57,224₸ от 1 за 1 перев., исходящих нет (глубина 1<4) -> деньги осели",1,0,57224.0,0.0,0.00029890850156629963,0.0,1,False,False,-0.0,-1.141373565246676e-17,0.0,57224.0,1,False,
100000001953577100,terminal,0.599,1,0.194,"получил 15,600₸ от 1 за 1 перев., исходящих нет (глубина 1<4) -> деньги осели",1,0,15600.0,0.0,0.00029013646695331,0.0,1,False,False,-0.0,-1.1890897895170721e-17,0.0,15600.0,1,False,
100000008193577100,distributor,0.66,43,0.8295,"разослал на 5 получателей, 480,180₸ за 16 перев., hub=0.0000; out/in по узлам 5/2",2,5,154300.0,480180.0,0.0012553919287856357,3.1119896305897603,1,False,False,5.954516059878285e-20,1.7118986257583576e-19,1.0077077550770332e-06,-325880.0,1,True,3.0
100000008753193100,terminal,0.709,1,0.2607,"получил 35,225₸ от 1 за 1 перев., исходящих нет (глубина 1<4) -> деньги осели",1,0,35225.0,0.0,0.00029427233038017725,0.0,1,False,False,-0.0,-1.2147439283071629e-17,0.0,35225.0,1,False,
100000008746025100,terminal,0.643,1,0.2205,"получил 22,000₸ от 1 за 1 перев., исходящих нет (глубина 1<4) -> деньги осели",1,0,22000.0,0.0,0.0002914852326058935,0.0,1,False,False,-0.0,-1.1193285916458828e-17,0.0,22000.0,1,False,
100000002934441100,terminal,0.778,0,0.3219,"получил 60,846₸ от 2 за 2 перев., исходящих нет (глубина 1<4) -> деньги осели",2,0,60845.6,0.0,0.00030382983985550484,0.0,1,False,False,-0.0,0.002794497311517579,0.0,60845.6,1,False,
100000003701161100,consolidator,0.599,22,0.9299,"получил от 4 плательщиков, 1,527,103₸; authority=0.0004; seed-плательщиков 1, циклы=True",4,3,1527103.0,349000.0,0.0016606404744765647,0.22853730232996727,1,False,False,2.777311487492798e-06,0.00039351922464168356,0.00021665716734156214,1178103.0,1,True,1.0
100000006707582100,distributor,0.815,9,0.8543,"разослал на 14 получателей, 961,138₸ за 15 перев., hub=0.0012; out/in по узлам 14/2",2,14,39520.0,961138.0,0.0005404098122016989,24.320293522267207,1,False,False,0.001246416169583433,2.292968210960321e-05,0.0003696943850792609,-921618.0,1,True,1.0
100000003239379100,terminal,0.818,11,0.3317,"получил 92,500₸ от 1 за 1 перев., исходящих нет (глубина 1<4) -> деньги осели",1,0,92500.0,0.0,0.00030226521307341917,0.0,1,False,False,-0.0,1.0100033668708126e-05,0.0,92500.0,1,False,
100000000979923100,terminal,0.825,9,0.3323,"получил 97,900₸ от 1 за 1 перев., исходящих нет (глубина 1<4) -> деньги осели",1,0,97900.0,0.0,0.00030176807061078073,0.0,1,False,False,-0.0,0.00012279960625589142,0.0,97900.0,1,False,
100000001111763100,terminal,0.608,1,0.1999,"получил 17,144₸ от 1 за 1 перев., исходящих нет (глубина 1<4) -> деньги осели",1,0,17144.0,0.0,0.00029046185666699575,0.0,1,False,False,-0.0,-1.2015927010539416e-17,0.0,17144.0,1,False,
100000003865939100,terminal,0.805,67,0.4205,"получил 81,465₸ от 1 за 1 перев., исходящих нет (глубина 1<4) -> деньги осели",1,0,81465.0,0.0,0.0005309030338467363,0.0,1,False,False,-0.0,8.201018785538335e-21,0.0,81465.0,1,False,
100000002858835100,terminal,0.658,1,0.2286,"получил 24,400₸ от 1 за 1 перев., исходящих нет (глубина 1<4) -> деньги осели",1,0,24400.0,0.0,0.0002919910197256123,0.0,1,False,False,-0.0,-1.1719364614497084e-17,0.0,24400.0,1,False,
100000003404627100,consolidator,0.526,10,0.6944,"получил от 4 плательщиков, 877,700₸; authority=0.0000; seed-плательщиков 1, циклы=False",4,0,877700.0,0.0,0.0013842186166753438,0.0,1,False,False,-0.0,2.8956108420057998e-05,0.0,877700.0,1,False,
100000008691027100,terminal,0.612,1,0.2022,"получил 17,534₸ от 1 за 1 перев., исходящих нет (глубина 1<4) -> деньги осели",1,0,17534.0,0.0,0.00029054404707395005,0.0,1,False,False,-0.0,-1.1306257074944597e-17,0.0,17534.0,1,False,
100000004071080100,consolidator,0.836,0,0.8717,"получил от 9 плательщиков, 238,600₸; authority=0.0093; seed-плательщиков 1, циклы=True",9,2,238600.0,46500.0,0.0013756642514148804,0.19488683989941324,1,False,False,0.00027800905763374566,0.00926305388284218,2.861890024418774e-05,192100.0,1,True,0.0
100000002864680100,terminal,0.771,11,0.2919,"получил 55,932₸ от 1 за 1 перев., исходящих нет (глубина 1<4) -> деньги осели",1,0,55932.0,0.0,0.00029617066669309104,0.0,1,False,False,-0.0,1.0100033668708228e-05,0.0,55932.0,1,False,
100000001330685100,consolidator,0.653,4,0.7563,"получил от 3 плательщиков, 2,435,923₸; authority=0.0062; seed-плательщиков 1, циклы=False",3,1,2435923.0,100500.0,0.0004400994663647204,0.04125746175063826,1,False,False,-1.785409117548334e-21,0.006229763140151124,1.9549530448494444e-05,2335423.0,1,False,
100000008745725100,terminal,0.741,1,0.2845,"получил 47,060₸ от 1 за 1 перев., исходящих нет (глубина 1<4) -> деньги осели",1,0,47060.0,0.0,0.0002967664931142905,0.0,1,False,False,-0.0,-1.1981326157597873e-17,0.0,47060.0,1,False,
100000002621949100,terminal,0.875,2,0.3849,"получил 164,612₸ от 1 за 1 перев., исходящих нет (глубина 1<4) -> деньги осели",1,0,164612.0,0.0,0.00031994113561248247,0.0,1,False,False,-0.0,0.00046116796507457685,0.0,164612.0,1,False,
100000007908818100,distributor,0.674,2,0.7826,"разослал на 6 получателей, 302,000₸ за 13 перев., hub=0.0000; out/in по узлам 6/4",4,6,727475.0,302000.0,0.0004774440730320625,0.4151345407058662,1,False,False,1.603382820010698e-19,0.0008570152459958348,0.00018058122970980434,425475.0,2,False,2.0
100000008691495100,terminal,0.677,1,0.2389,"получил 27,000₸ от 1 за 1 перев., исходящих нет (глубина 1<4) -> деньги осели",1,0,27000.0,0.0,0.00029253895577197427,0.0,1,False,False,-0.0,-1.2207423119088946e-17,0.0,27000.0,1,False,
100000003832231100,terminal,0.707,2,0.258,"получил 35,000₸ от 1 за 1 перев., исходящих нет (глубина 1<4) -> деньги осели",1,0,35000.0,0.0,0.0002938849718133724,0.0,1,False,False,-0.0,0.0004611679650745765,0.0,35000.0,1,False,
100000002371751100,transit,0.57,62,0.6196,"pass_through=1.25: получил 200,000₸ -> отдал 250,000₸, оборот ~1д; цикл=False",1,1,200000.0,250000.0,0.0005309030338467363,1.25,1,False,False,2.9946426189451915e-21,4.5579398276930524e-20,2.0154155101540663e-07,-50000.0,1,False,1.0
100000002894076100,consolidator,0.632,6,0.6605,"получил от 4 плательщиков, 1,122,782₸; authority=0.0001; seed-плательщиков 2, циклы=False",4,0,1122782.0,0.0,0.0003843819319233609,0.0,1,False,False,-0.0,0.00013028097700293632,0.0,1122782.0,2,False,
100000001362940100,terminal,0.804,2,0.328,"получил 81,000₸ от 1 за 1 перев., исходящих нет (глубина 1<4) -> деньги осели",1,0,81000.0,0.0,0.00030313244530933775,0.0,1,False,False,-0.0,0.0004611679650745766,0.0,81000.0,1,False,
100000008741372100,terminal,0.71,1,0.2618,"получил 35,975₸ от 1 за 1 перев., исходящих нет (глубина 1<4) -> деньги осели",1,0,35975.0,0.0,0.00029443038885508933,0.0,1,False,False,-0.0,-1.1678244391510162e-17,0.0,35975.0,1,False,
100000002618492100,terminal,0.928,9,0.4347,"получил 296,500₸ от 2 за 2 перев., исходящих нет (глубина 1<4) -> деньги осели",2,0,296500.0,0.0,0.00037066846997843025,0.0,1,False,False,-0.0,0.0001460277403805248,0.0,296500.0,1,False,
100000002750332100,terminal,0.57,7,0.1655,"получил 11,360₸ от 1 за 1 перев., исходящих нет (глубина 1<4) -> деньги осели",1,0,11360.0,0.0,0.00028807404610007176,0.0,1,False,False,-0.0,2.27478054601205e-05,0.0,11360.0,1,False,
100000004948177100,consolidator,0.565,5,0.6208,"получил от 3 плательщиков, 437,163₸; authority=0.0003; seed-плательщиков 1, циклы=False",3,0,437163.0,0.0,0.0004240124456297769,0.0,1,False,False,-0.0,0.00032984033923956133,0.0,437163.0,1,False,
100000002511825100,terminal,0.783,0,0.3077,"получил 65,000₸ от 1 за 1 перев., исходящих нет (глубина 1<4) -> деньги осели",1,0,65000.0,0.0,0.00029909538371887886,0.0,1,False,False,-0.0,0.002151681626890822,0.0,65000.0,1,False,
100000008566737100,terminal,0.907,0,0.418,"получил 230,000₸ от 2 за 2 перев., исходящих нет (глубина 1<4) -> деньги осели",2,0,230000.0,0.0,0.00035100729487815317,0.0,1,False,False,-0.0,0.0006222222245244093,0.0,230000.0,1,False,
100000008661585100,terminal,0.728,1,0.2765,"получил 43,141₸ от 1 за 1 перев., исходящих нет (глубина 1<4) -> деньги осели",1,0,43141.0,0.0,0.00029594058489671636,0.0,1,False,False,-0.0,-1.1399064678849938e-17,0.0,43141.0,1,False,
100000004759121100,consolidator,0.746,0,0.9135,"получил от 6 плательщиков, 710,000₸; authority=0.0104; seed-плательщиков 1, циклы=True",6,2,710000.0,312000.0,0.0014251342380562687,0.4394366197183099,1,False,False,-3.894768209849447e-20,0.010350236998713132,7.839966334499319e-05,398000.0,1,True,0.0
100000004360785100,terminal,0.821,5,0.3139,"получил 94,705₸ от 1 за 1 перев., исходящих нет (глубина 1<4) -> деньги осели",1,0,94705.0,0.0,0.0002970768226574279,0.0,1,False,False,-0.0,0.00029524161332083847,0.0,94705.0,1,False,
100000005092518100,terminal,0.671,1,0.235,"получил 26,144₸ от 1 за 1 перев., исходящих нет (глубина 1<4) -> деньги осели",1,0,26144.0,0.0,0.00029235855836594126,0.0,1,False,False,-0.0,-1.170540445963946e-17,0.0,26144.0,1,False,
100000008737958100,terminal,0.765,1,0.3077,"получил 53,373₸ от 2 за 2 перев., исходящих нет (глубина 1<4) -> деньги осели",2,0,53373.0,0.0,0.0003009630124549001,0.0,1,False,False,-0.0,-1.185385506117463e-17,0.0,53373.0,1,False,
100000003044518100,terminal,0.704,6,0.2139,"получил 34,423₸ от 1 за 1 перев., исходящих нет (глубина 1<4) -> деньги осели",1,0,34423.0,0.0,0.0002888311674551139,0.0,1,False,False,-0.0,4.341415009040056e-06,0.0,34423.0,1,False,
100000004159526100,consolidator,0.541,14,0.8835,"получил от 4 плательщиков, 275,037₸; authority=0.0001; seed-плательщиков 1, циклы=True",4,4,275037.0,68000.0,0.0008567019383121542,0.24723946232688693,1,False,False,-6.284928448098235e-20,5.239896447168288e-05,9.956152620161088e-05,207037.0,1,True,3.0
100000007544358100,transit,0.669,5,0.6081,"pass_through=1.09: получил 322,500₸ -> отдал 350,000₸, оборот ~3д; цикл=False",2,1,322500.0,350000.0,0.00034208926864801845,1.0852713178294573,1,False,False,-2.91856942586885e-20,0.00031971676346710383,1.9952613550525257e-05,-27500.0,1,False,3.0
100000005901606100,terminal,0.71,1,0.2615,"получил 35,660₸ от 1 за 1 перев., исходящих нет (глубина 1<4) -> деньги осели",1,0,35660.0,0.0,0.0002943640042956263,0.0,1,False,False,-0.0,-1.1642192216829748e-17,0.0,35660.0,1,False,
100000006658598100,terminal,0.546,5,0.1569,"получил 9,000₸ от 1 за 1 перев., исходящих нет (глубина 1<4) -> деньги осели",1,0,9000.0,0.0,0.0002878208347080887,0.0,1,False,False,-0.0,0.0002952416133208386,0.0,9000.0,1,False,
100000002793851100,terminal,0.569,5,0.165,"получил 11,052₸ от 1 за 1 перев., исходящих нет (глубина 1<4) -> деньги осели",1,0,11052.0,0.0,0.00028804244706760154,0.0,1,False,False,-0.0,0.00029524161332083885,0.0,11052.0,1,False,
100000005612411100,distributor,0.687,2,0.6969,"разослал на 8 получателей, 506,997₸ за 8 перев., hub=0.0000; out/in по узлам 8/3",3,8,115500.0,506997.0,0.0003286627982415822,4.389584415584416,1,False,False,3.2085290688100485e-20,0.0002807499625384629,0.0001580085759960788,-391497.0,1,False,0.0
100000007511163100,transit,0.827,5,0.6724,"pass_through=1.29: получил 63,666₸ -> отдал 82,052₸, оборот ~0д; цикл=True",2,3,63666.0,82052.0,0.0003410988058420589,1.2887883642760658,1,False,False,0.00012739686232496705,0.0003053651890932957,0.00013879494813261005,-18386.0,1,True,0.0
100000002648315100,transit,0.368,6,0.4712,"pass_through=0.58, 132,000₸ -> 76,000₸; двусторонний поток",1,2,132000.0,76000.0,0.00029445033267719544,0.5757575757575758,1,False,False,-6.451424629056197e-20,4.341415009040302e-06,4.0308310203081327e-07,56000.0,1,False,6.0
100000004739664100,transit,0.62,1,0.3469,"pass_through=0.83: получил 12,000₸ -> отдал 10,000₸; цикл=False",1,1,12000.0,10000.0,0.00028937778627373184,0.8333333333333334,1,False,False,5.011338721707136e-21,-1.2485977572387532e-17,1.4107908571078464e-06,2000.0,1,False,
100000003713616100,terminal,0.6,5,0.1787,"получил 15,893₸ от 1 за 1 перев., исходящих нет (глубина 1<4) -> деньги осели",1,0,15893.0,0.0,0.0002885652664791032,0.0,1,False,False,-0.0,0.00029524161332083863,0.0,15893.0,1,False,
100000003476560100,terminal,0.752,2,0.2888,"получил 50,000₸ от 1 за 1 перев., исходящих нет (глубина 1<4) -> деньги осели",1,0,50000.0,0.0,0.0002969004523011872,0.0,1,False,False,-0.0,0.00046116796507457636,0.0,50000.0,1,False,
100000008782800100,terminal,0.729,1,0.2771,"получил 43,381₸ от 1 за 1 перев., исходящих нет (глубина 1<4) -> деньги осели",1,0,43381.0,0.0,0.00029599116360868824,0.0,1,False,False,-0.0,-1.1819830204194793e-17,0.0,43381.0,1,False,
100000004218576100,terminal,0.671,1,0.235,"получил 26,144₸ от 1 за 1 перев., исходящих нет (глубина 1<4) -> деньги осели",1,0,26144.0,0.0,0.00029235855836594126,0.0,1,False,False,-0.0,-1.1431881841765517e-17,0.0,26144.0,1,False,
100000003299365100,transit,1.0,2,0.5571,"pass_through=1.00: получил 200,000₸ -> отдал 200,000₸, оборот ~0д; цикл=True",1,1,200000.0,200000.0,0.00032705525717933515,1.0,1,False,False,0.000576176695098597,0.00046116796507457636,0.0,0.0,1,True,0.0
100000008730021100,terminal,0.798,16,0.4093,"получил 75,555₸ от 1 за 3 перев., исходящих нет (глубина 1<4) -> деньги осели",1,0,75555.0,0.0,0.00047017474651074484,0.0,1,False,False,-0.0,2.3943243202603426e-06,0.0,75555.0,1,False,
100000002757797100,terminal,0.829,11,0.3389,"получил 100,000₸ от 1 за 1 перев., исходящих нет (глубина 1<4) -> деньги осели",1,0,100000.0,0.0,0.0003035151884030096,0.0,1,False,False,-0.0,1.0100033668708405e-05,0.0,100000.0,1,False,
100000002845605100,terminal,0.773,0,0.299,"получил 57,567₸ от 1 за 1 перев., исходящих нет (глубина 1<4) -> деньги осели",1,0,57567.0,0.0,0.0002976949455632769,0.0,1,False,False,-0.0,0.0021516816268908234,0.0,57567.0,1,False,
100000000817146100,terminal,0.792,5,0.4371,"получил 70,020₸ от 1 за 1 перев., исходящих нет (глубина 1<4) -> деньги осели",1,0,70020.0,0.0,0.0005919922486484172,0.0,1,False,False,-0.0,1.4508856260992715e-19,0.0,70020.0,1,False,
100000002957306100,terminal,0.948,9,0.4686,"получил 398,490₸ от 2 за 2 перев., исходящих нет (глубина 1<4) -> деньги осели",2,0,398490.0,0.0,0.0003567681108089113,0.0,1,False,False,-0.0,0.0005839675713304684,0.0,398490.0,2,False,
100000008188026100,transit,0.81,16,0.6451,"pass_through=3.91, 86,468₸ -> 337,983₸; двусторонний поток",2,4,86468.0,337983.17,0.0003006429930811247,3.9087659018365173,1,False,False,-2.7983735639133516e-19,0.0003478114498496624,8.343820212037835e-05,-251515.16999999998,1,True,10.5
100000004790991100,terminal,0.912,5,0.3856,"получил 239,413₸ от 1 за 4 перев., исходящих нет (глубина 1<4) -> деньги осели",1,0,239413.0,0.0,0.00031270502992856704,0.0,1,False,False,-0.0,0.0002952416133208385,0.0,239413.0,1,False,
100000002973903100,consolidator,0.541,11,0.5236,"получил от 3 плательщиков, 92,880₸; authority=0.0002; seed-плательщиков 1, циклы=False",3,0,92880.0,0.0,0.0003182802675880095,0.0,1,False,False,-0.0,0.00015492745254173387,0.0,92880.0,1,False,
100000004325327100,transit,0.713,0,0.5032,"pass_through=0.99: получил 70,817₸ -> отдал 70,000₸, оборот ~2д; цикл=False",2,1,70817.0,70000.0,0.0002971132536102905,0.988463222107686,1,False,False,4.737265998527493e-21,0.005057463282107317,3.909906089698889e-05,817.0,1,False,2.0
100000001477796100,terminal,0.885,2,0.3991,"получил 182,000₸ от 1 за 1 перев., исходящих нет (глубина 1<4) -> деньги осели",1,0,182000.0,0.0,0.00033213392111121977,0.0,1,False,False,-0.0,6.780076054127207e-05,0.0,182000.0,1,False,
100000007536804100,transit,0.344,6,0.4529,"pass_through=0.55, 100,000₸ -> 55,000₸; двусторонний поток",1,2,100000.0,55000.0,0.00029260754916154514,0.55,1,False,False,-5.567160525270204e-22,4.341415009039958e-06,8.061662040616265e-07,45000.0,1,False,3.0
100000008665380100,peripheral,0.2,0,0.2797,"удерживает средства: получил 69,100₸, отдал 18,200₸ (pass_through=0.26), in_deg=2",2,1,69100.0,18200.0,0.0002920753644667843,0.2633863965267728,1,False,False,-7.357877161685007e-23,0.005057463282107319,1.9549530448494444e-05,50900.0,1,False,1.0
100000001870116100,terminal,0.655,1,0.2276,"получил 24,000₸ от 1 за 1 перев., исходящих нет (глубина 1<4) -> деньги осели",1,0,24000.0,0.0,0.0002919067218723258,0.0,1,False,False,-0.0,-1.1655586328144567e-17,0.0,24000.0,1,False,
100000001074553100,terminal,0.682,7,0.2583,"получил 28,971₸ от 2 за 2 перев., исходящих нет (глубина 1<4) -> деньги осели",2,0,28971.0,0.0,0.00029079508036821935,0.0,1,False,False,-0.0,3.284783912882888e-05,0.0,28971.0,2,False,
100000000978041100,terminal,0.73,1,0.2788,"получил 44,445₸ от 1 за 1 перев., исходящих нет (глубина 1<4) -> деньги осели",1,0,44445.0,0.0,0.00029621539589843026,0.0,1,False,False,-0.0,-1.2058330700800785e-17,0.0,44445.0,1,False,
100000002603769100,consolidator,0.644,0,0.6664,"получил от 3 плательщиков, 1,185,368₸; authority=0.0033; seed-плательщиков 1, циклы=False",3,0,1185368.0,0.0,0.0005438818121874436,0.0,1,False,False,-0.0,0.0033208802164018092,0.0,1185368.0,1,False,
100000005034574100,terminal,0.918,63,0.4457,"получил 258,816₸ от 1 за 16 перев., исходящих нет (глубина 1<4) -> деньги осели",1,0,258816.0,0.0,0.00042696172925917313,0.0,1,False,False,-0.0,-2.0292875366951768e-20,0.0,258816.0,1,False,
100000002958286100,terminal,0.918,7,0.3915,"получил 257,000₸ от 1 за 1 перев., исходящих нет (глубина 1<4) -> деньги осели",1,0,257000.0,0.0,0.00031456674013006884,0.0,1,False,False,-0.0,2.2747805460120375e-05,0.0,257000.0,1,False,
100000005634552100,transit,0.49,0,0.5036,"pass_through=46.27, 25,850₸ -> 1,196,000₸; двусторонний поток",1,3,25850.0,1196000.0,0.0002896406048142245,46.2669245647969,1,False,False,0.0016790760342021956,0.00029524161332083874,2.967699338701863e-05,-1170150.0,1,False,
100000008736760100,terminal,0.768,1,0.3003,"получил 54,757₸ от 1 за 1 перев., исходящих нет (глубина 1<4) -> деньги осели",1,0,54757.0,0.0,0.00029838859455615536,0.0,1,False,False,-0.0,-1.1545382830912226e-17,0.0,54757.0,1,False,
100000008701944100,terminal,0.761,16,0.3879,"получил 52,124₸ от 1 за 1 перев., исходящих нет (глубина 1<4) -> деньги осели",1,0,52124.0,0.0,0.0004133220026112795,0.0,1,False,False,-0.0,2.394324320260345e-06,0.0,52124.0,1,False,
100000008748408100,distributor,0.892,6,0.6765,"разослал на 21 получателей, 1,499,960₸ за 22 перев., hub=0.0015; out/in по узлам 21/1",1,21,360000.0,1499960.0,0.0003355410946441464,4.166555555555555,1,False,False,0.0015411842099784692,4.089589904331874e-05,7.255495836554639e-06,-1139960.0,1,False,1.0
100000008486520100,peripheral,0.2,5,0.2466,"удерживает средства: получил 35,720₸, отдал 14,000₸ (pass_through=0.39), in_deg=1",1,1,35720.0,14000.0,0.0002907065473036939,0.3919372900335946,1,False,False,4.2302593536692146e-22,0.00029524161332083825,1.9549530448494444e-05,21720.0,1,False,
100000003163256100,transit,0.653,5,0.3615,"pass_through=1.11: получил 13,485₸ -> отдал 15,000₸; цикл=False",1,1,13485.0,15000.0,0.0002883052067511759,1.1123470522803114,1,False,False,-2.132007910090923e-21,0.0002952416133208387,1.9549530448494444e-05,-1515.0,1,False,
100000003102157100,terminal,0.823,0,0.3415,"получил 96,746₸ от 1 за 2 перев., исходящих нет (глубина 1<4) -> деньги осели",1,0,96746.0,0.0,0.000305076590457442,0.0,1,False,False,-0.0,0.002151681626890823,0.0,96746.0,1,False,
100000004741837100,terminal,0.668,5,0.2089,"получил 25,596₸ от 1 за 1 перев., исходящих нет (глубина 1<4) -> деньги осели",1,0,25596.0,0.0,0.0002896131732648501,0.0,1,False,False,-0.0,0.00029524161332083836,0.0,25596.0,1,False,
100000008443341100,transit,0.971,11,0.7309,"pass_through=1.45, 34,500₸ -> 50,000₸; двусторонний поток",2,3,34500.0,50000.0,0.0006717923143888373,1.4492753623188406,1,False,False,0.00024016148339999936,0.0021688850729875767,0.0003662682646506782,-15500.0,1,True,0.0
100000004792397100,terminal,0.796,1,0.3232,"получил 73,520₸ от 1 за 1 перев., исходящих нет (глубина 1<4) -> деньги осели",1,0,73520.0,0.0,0.0003023427961091902,0.0,1,False,False,-0.0,-1.1098098971075296e-17,0.0,73520.0,1,False,
100000003809101100,peripheral,0.2,9,0.5371,"удерживает средства: получил 166,050₸, отдал 55,200₸ (pass_through=0.33), in_deg=2",2,2,166050.0,55200.0,0.0003635610112366245,0.3324299909665763,1,False,False,1.2795102982494816e-19,0.0001238299760320707,0.00013562402772996764,110850.0,1,True,0.0
100000002838861100,consolidator,0.624,7,0.9183,"получил от 5 плательщиков, 554,524₸; authority=0.0000; seed-плательщиков 2, циклы=True",5,1,554523.95,10000.0,0.002144533479807019,0.018033486200190272,1,False,False,6.139020705900937e-21,3.0731960461663755e-05,1.975107199950985e-05,544523.95,2,True,8.0
100000008560717100,consolidator,0.777,4,0.6995,"получил от 7 плательщиков, 529,000₸; authority=0.0123; seed-плательщиков 1, циклы=False",7,1,529000.0,25000.0,0.0003322955354998569,0.04725897920604915,1,False,False,1.2825991332114876e-20,0.012337796852200902,1.9549530448494444e-05,504000.0,1,False,12.0
100000008693069100,terminal,0.63,1,0.213,"получил 20,000₸ от 1 за 1 перев., исходящих нет (глубина 1<4) -> деньги осели",1,0,20000.0,0.0,0.0002910637433394611,0.0,1,False,False,-0.0,-1.1028446388956379e-17,0.0,20000.0,1,False,
100000008672162100,terminal,0.598,1,0.1937,"получил 15,550₸ от 1 за 1 перев., исходящих нет (глубина 1<4) -> деньги осели",1,0,15550.0,0.0,0.0002901259297216492,0.0,1,False,False,-0.0,-1.1778473041621476e-17,0.0,15550.0,1,False,
100000007311010100,peripheral,0.2,2,0.3566,"удерживает средства: получил 64,480₸, отдал 20,000₸ (pass_through=0.31), in_deg=2",2,1,64480.0,20000.0,0.00031073529373132754,0.31017369727047145,1,False,False,-1.2050147157402643e-20,0.0006039352620193619,2.43865276728642e-05,44480.0,1,False,
100000005505655100,transit,0.707,26,0.6293,"pass_through=0.60, 33,070₸ -> 20,000₸; двусторонний поток",2,1,33070.0,20000.0,0.0003229334635277658,0.6047777441790142,1,False,False,8.933928361491867e-09,0.000297742295062849,0.0002736934262789222,13070.0,1,True,0.0
100000004707703100,transit,0.701,5,0.6933,"pass_through=0.97: получил 239,300₸ -> отдал 231,650₸, оборот ~0д; цикл=False",2,5,239300.0,231650.0,0.0006383417067098001,0.9680317592979524,1,False,False,-2.87885635285069e-19,0.000297602173134524,0.00010893973006882227,7650.0,1,False,0.5
100000004005964100,consolidator,0.351,23,0.7642,"получил от 3 плательщиков, 97,900₸; authority=0.0000; seed-плательщиков 1, циклы=True",3,3,97900.0,72000.0,0.00040628580390527795,0.7354443309499489,1,False,False,3.794176460140155e-19,1.6974244890718617e-19,5.038538775385166e-07,25900.0,1,True,1.0
100000008244300100,consolidator,0.601,4,0.5685,"получил от 5 плательщиков, 65,430₸; authority=0.0002; seed-плательщиков 1, циклы=False",5,0,65430.0,0.0,0.00048145402937650815,0.0,1,False,False,-0.0,0.00015744284086380414,0.0,65430.0,1,False,
100000002692044100,terminal,0.824,11,0.3362,"получил 97,000₸ от 1 за 1 перев., исходящих нет (глубина 1<4) -> деньги осели",1,0,97000.0,0.0,0.0003030151982711734,0.0,1,False,False,-0.0,1.0100033668708243e-05,0.0,97000.0,1,False,
100000001103905100,terminal,0.617,1,0.2051,"получил 18,000₸ от 1 за 1 перев., исходящих нет (глубина 1<4) -> деньги осели",1,0,18000.0,0.0,0.0002906422540730288,0.0,1,False,False,-0.0,-1.1876312480951457e-17,0.0,18000.0,1,False,
100000008755361100,terminal,0.587,1,0.1871,"получил 14,627₸ от 1 за 1 перев., исходящих нет (глубина 1<4) -> деньги осели",1,0,14627.0,0.0,0.0002899314124251907,0.0,1,False,False,-0.0,-1.1634609921131797e-17,0.0,14627.0,1,False,
100000002810870100,terminal,0.702,1,0.2567,"получил 33,677₸ от 1 за 1 перев., исходящих нет (глубина 1<4) -> деньги осели",1,0,33677.0,0.0,0.0002939460976879586,0.0,1,False,False,-0.0,-1.1432701299170302e-17,0.0,33677.0,1,False,
100000005897462100,terminal,0.825,9,0.3326,"получил 98,400₸ от 1 за 1 перев., исходящих нет (глубина 1<4) -> деньги осели",1,0,98400.0,0.0,0.0003018442668310854,0.0,1,False,False,-0.0,0.00012279960625589159,0.0,98400.0,1,False,
100000000941942100,terminal,0.853,2,0.3653,"получил 130,000₸ от 1 за 1 перев., исходящих нет (глубина 1<4) -> деньги осели",1,0,130000.0,0.0,0.00031298301490286607,0.0,1,False,False,-0.0,0.00046116796507457647,0.0,130000.0,1,False,
100000008723830100,transit,0.714,5,0.6128,"pass_through=0.99: получил 459,785₸ -> отдал 455,000₸, оборот ~1д; цикл=False",2,1,459785.0,455000.0,0.0003417527073129887,0.9895929619278576,1,False,False,4.334068475610227e-21,0.0003197167634671036,1.9952613550525257e-05,4785.0,1,False,1.0
100000008776576100,terminal,0.588,1,0.188,"получил 14,765₸ от 1 за 1 перев., исходящих нет (глубина 1<4) -> деньги осели",1,0,14765.0,0.0,0.0002899604951845745,0.0,1,False,False,-0.0,-1.2205580213244142e-17,0.0,14765.0,1,False,
100000005432267100,terminal,0.94,2,0.4269,"получил 350,001₸ от 2 за 2 перев., исходящих нет (глубина 1<4) -> деньги осели",2,0,350001.0,0.0,0.000343840296909673,0.0,1,False,False,-0.0,0.000574825201969476,0.0,350001.0,1,False,
100000006745291100,terminal,0.806,9,0.3157,"получил 82,534₸ от 1 за 1 перев., исходящих нет (глубина 1<4) -> деньги осели",1,0,82534.0,0.0,0.0002994264083683794,0.0,1,False,False,-0.0,0.00012279960625589167,0.0,82534.0,1,False,
100000008670667100,terminal,0.598,1,0.1932,"получил 15,534₸ от 1 за 1 перев., исходящих нет (глубина 1<4) -> деньги осели",1,0,15534.0,0.0,0.00029012255780751776,0.0,1,False,False,-0.0,-1.1310996019294698e-17,0.0,15534.0,1,False,
100000002480800100,terminal,0.971,2,0.509,"получил 569,251₸ от 2 за 2 перев., исходящих нет (глубина 1<4) -> деньги осели",2,0,569251.0,0.0,0.0006438277688958372,0.0,1,False,False,-0.0,0.00046485516402146445,0.0,569251.0,1,False,
100000002182176100,terminal,0.727,0,0.2704,"получил 42,465₸ от 1 за 1 перев., исходящих нет (глубина 1<4) -> деньги осели",1,0,42465.0,0.0,0.0002948496049167142,0.0,1,False,False,-0.0,0.002151681626890824,0.0,42465.0,1,False,
100000008219168100,terminal,0.764,6,0.2442,"получил 53,200₸ от 1 за 2 перев., исходящих нет (глубина 1<4) -> деньги осели",1,0,53200.0,0.0,0.0002899124782699065,0.0,1,False,False,-0.0,4.341415009040596e-06,0.0,53200.0,1,False,
100000004226848100,terminal,0.931,2,0.4255,"получил 301,866₸ от 1 за 1 перев., исходящих нет (глубина 1<4) -> деньги осели",1,0,301866.0,0.0,0.000347533586204118,0.0,1,False,False,-0.0,0.00046116796507457663,0.0,301866.0,1,False,
100000006326645100,terminal,0.667,1,0.2324,"получил 25,264₸ от 1 за 1 перев., исходящих нет (глубина 1<4) -> деньги осели",1,0,25264.0,0.0,0.000292173103088711,0.0,1,False,False,-0.0,-1.2211092532814028e-17,0.0,25264.0,1,False,
100000003589877100,distributor,0.711,10,0.6627,"разослал на 6 получателей, 416,129₸ за 6 перев., hub=0.0001; out/in по узлам 6/2",2,6,176000.0,416129.0,0.00030834598588796167,2.364369318181818,1,False,False,0.0001231626058516145,4.83305645758681e-06,9.709264220167214e-05,-240129.0,1,False,0.0
100000003942602100,transit,1.0,1,0.4139,"pass_through=1.00: получил 30,000₸ -> отдал 30,000₸, оборот ~0д; цикл=True",1,1,30000.0,30000.0,0.00029317118967162276,1.0,1,False,False,-6.628008148171747e-20,-1.2200867612472763e-17,0.0,0.0,1,True,0.0
100000000922570100,transit,0.683,11,0.4456,"pass_through=1.06: получил 47,101₸ -> отдал 50,000₸; цикл=False",1,1,47101.0,50000.0,0.00029469886240834274,1.0615485870788306,1,False,False,-2.8670568132009506e-22,1.0100033668708438e-05,2.0154155101540663e-07,-2899.0,1,False,
100000005079754100,transit,0.572,2,0.5399,"pass_through=1.74, 70,000₸ -> 122,000₸; двусторонний поток",1,2,70000.0,122000.0,0.0003009210929516069,1.7428571428571429,1,False,False,5.958045069726252e-20,0.0004611679650745763,9.673994448739518e-05,-52000.0,1,False,1.0
100000003187359100,terminal,0.622,1,0.2084,"получил 19,072₸ от 1 за 1 перев., исходящих нет (глубина 1<4) -> деньги осели",1,0,19072.0,0.0,0.0002908681723198365,0.0,1,False,False,-0.0,-1.1707783801117649e-17,0.0,19072.0,1,False,
100000000998559100,terminal,0.829,2,0.3461,"получил 100,000₸ от 1 за 1 перев., исходящих нет (глубина 1<4) -> деньги осели",1,0,100000.0,0.0,0.00030695205392723647,0.0,1,False,False,-0.0,0.00046116796507457647,0.0,100000.0,1,False,
100000008690932100,terminal,0.647,1,0.2229,"получил 23,000₸ от 1 за 1 перев., исходящих нет (глубина 1<4) -> деньги осели",1,0,23000.0,0.0,0.00029169597723910964,0.0,1,False,False,-0.0,-1.1817737148818701e-17,0.0,23000.0,1,False,
100000008773876100,terminal,0.67,1,0.2346,"получил 26,120₸ от 1 за 1 перев., исходящих нет (глубина 1<4) -> деньги осели",1,0,26120.0,0.0,0.00029235350049474404,0.0,1,False,False,-0.0,-1.2114227195408366e-17,0.0,26120.0,1,False,
100000006789108100,terminal,0.714,9,0.2524,"получил 37,500₸ от 1 за 1 перев., исходящих нет (глубина 1<4) -> деньги осели",1,0,37500.0,0.0,0.00029256356719798375,0.0,1,False,False,-0.0,0.00012279960625589167,0.0,37500.0,1,False,
100000004058740100,terminal,0.689,1,0.2468,"получил 30,000₸ от 1 за 1 перев., исходящих нет (глубина 1<4) -> деньги осели",1,0,30000.0,0.0,0.00029317118967162276,0.0,1,False,False,-0.0,-1.2122194546550858e-17,0.0,30000.0,1,False,
100000007641801100,terminal,0.896,6,0.3452,"получил 200,000₸ от 1 за 1 перев., исходящих нет (глубина 1<4) -> деньги осели",1,0,200000.0,0.0,0.00029836624764795243,0.0,1,False,False,-0.0,4.341415009040437e-06,0.0,200000.0,1,False,
100000000555721100,terminal,0.844,0,0.3558,"получил 113,000₸ от 2 за 3 перев., исходящих нет (глубина 1<4) -> деньги осели",2,0,113000.0,0.0,0.0003094618711002591,0.0,1,False,False,-0.0,0.0032895890599809637,0.0,113000.0,1,False,
100000008729801100,terminal,0.612,1,0.2022,"получил 17,534₸ от 1 за 1 перев., исходящих нет (глубина 1<4) -> деньги осели",1,0,17534.0,0.0,0.00029054404707395005,0.0,1,False,False,-0.0,-1.133738271220421e-17,0.0,17534.0,1,False,
100000004664905100,terminal,0.935,5,0.4505,"получил 329,020₸ от 2 за 4 перев., исходящих нет (глубина 1<4) -> деньги осели",2,0,329020.0,0.0,0.00041365015812107553,0.0,1,False,False,-0.0,0.00030536518909329537,0.0,329020.0,1,False,
100000003057225100,terminal,0.91,5,0.3843,"получил 236,000₸ от 1 за 1 перев., исходящих нет (глубина 1<4) -> деньги осели",1,0,236000.0,0.0,0.0003123364319836269,0.0,1,False,False,-0.0,0.0002952416133208383,0.0,236000.0,1,False,
100000000703902100,terminal,0.668,1,0.2334,"получил 25,499₸ от 1 за 1 перев., исходящих нет (глубина 1<4) -> деньги осели",1,0,25499.0,0.0,0.0002922226280775168,0.0,1,False,False,-0.0,-1.0983113787949604e-17,0.0,25499.0,1,False,
100000008720798100,terminal,0.598,1,0.1932,"получил 15,534₸ от 1 за 1 перев., исходящих нет (глубина 1<4) -> деньги осели",1,0,15534.0,0.0,0.00029012255780751776,0.0,1,False,False,-0.0,-1.1643910086064435e-17,0.0,15534.0,1,False,
100000001411870100,terminal,0.985,6,0.4838,"получил 900,000₸ от 2 за 4 перев., исходящих нет (глубина 1<4) -> деньги осели",2,0,900000.0,0.0,0.00048013729699259474,0.0,1,False,False,-0.0,4.200664191209666e-05,0.0,900000.0,1,False,
100000008556318100,terminal,0.884,2,0.467,"получил 180,132₸ от 2 за 2 перев., исходящих нет (глубина 1<4) -> деньги осели",2,0,180132.0,0.0,0.0005629471177705016,0.0,1,False,False,-0.0,0.0004648551640214645,0.0,180132.0,1,False,
100000002720627100,terminal,0.894,9,0.3876,"получил 199,300₸ от 1 за 1 перев., исходящих нет (глубина 1<4) -> деньги осели",1,0,199300.0,0.0,0.00031722066408855596,0.0,1,False,False,-0.0,0.00012279960625589126,0.0,199300.0,1,False,
100000003022835100,terminal,0.85,2,0.3627,"получил 125,000₸ от 1 за 1 перев., исходящих нет (глубина 1<4) -> деньги осели",1,0,125000.0,0.0,0.00031197785474026117,0.0,1,False,False,-0.0,0.00046116796507457604,0.0,125000.0,1,False,
100000008304115100,terminal,0.759,11,0.2834,"получил 51,000₸ от 1 за 1 перев., исходящих нет (глубина 1<4) -> деньги осели",1,0,51000.0,0.0,0.00029534868291635245,0.0,1,False,False,-0.0,1.0100033668708388e-05,0.0,51000.0,1,False,
100000003886323100,peripheral,0.2,5,0.5504,"удерживает средства: получил 78,168₸, отдал 7,650₸ (pass_through=0.10), in_deg=2",2,1,78168.0,7650.0,0.0018299553035193113,0.09786613447958244,1,False,False,9.06671542924832e-22,0.0002976021731345238,1.9549530448494444e-05,70518.0,1,True,3.0
100000000607731100,transit,0.618,29,0.5047,"pass_through=3.33, 20,000₸ -> 66,666₸; двусторонний поток",1,1,20000.0,66666.0,0.0003189386946552994,3.3333,1,False,False,1.3885866393880568e-21,7.312277945622442e-20,6.046246530462199e-07,-46666.0,1,False,
100000005961971100,terminal,0.742,1,0.2852,"получил 47,353₸ от 1 за 1 перев., исходящих нет (глубина 1<4) -> деньги осели",1,0,47353.0,0.0,0.00029682824129182285,0.0,1,False,False,-0.0,-1.1624358657211813e-17,0.0,47353.0,1,False,
100000000440392100,terminal,0.837,5,0.3236,"получил 105,705₸ от 1 за 4 перев., исходящих нет (глубина 1<4) -> деньги осели",1,0,105705.0,0.0,0.00029826480314214563,0.0,1,False,False,-0.0,0.00029524161332083863,0.0,105705.0,1,False,
100000004105288100,terminal,0.902,2,0.4458,"получил 215,000₸ от 2 за 2 перев., исходящих нет (глубина 1<4) -> деньги осели",2,0,215000.0,0.0,0.0004650702159430337,0.0,1,False,False,-0.0,0.00012379738721095854,0.0,215000.0,1,False,
100000008169544100,peripheral,0.2,5,0.4652,"удерживает средства: получил 137,104₸, отдал 42,800₸ (pass_through=0.31), in_deg=1",1,4,137104.0,42800.0,0.0003016558394366594,0.31217178200490137,1,False,False,0.00013281054775000556,0.0002952416133208386,0.00012033348704726003,94304.0,1,True,1.0
100000004186824100,peripheral,0.2,5,0.4412,"удерживает средства: получил 451,700₸, отдал 7,000₸ (pass_through=0.02), in_deg=2",2,1,451700.0,7000.0,0.0003836267039906735,0.015497011290679655,1,False,False,0.00012666707989799587,0.0003078381006324085,2.2169570611694728e-06,444700.0,1,False,4.0
100000008672200100,terminal,0.544,1,0.162,"получил 8,511₸ от 1 за 1 перев., исходящих нет (глубина 1<4) -> деньги осели",1,0,8511.0,0.0,0.00028864249824844064,0.0,1,False,False,-0.0,-1.1604507732312203e-17,0.0,8511.0,1,False,
100000002188829100,terminal,0.949,2,0.4424,"получил 400,000₸ от 1 за 1 перев., исходящих нет (глубина 1<4) -> деньги осели",1,0,400000.0,0.0,0.0003672616636835324,0.0,1,False,False,-0.0,0.00046116796507457663,0.0,400000.0,1,False,
100000008717341100,terminal,0.587,1,0.1871,"получил 14,627₸ от 1 за 1 перев., исходящих нет (глубина 1<4) -> деньги осели",1,0,14627.0,0.0,0.0002899314124251907,0.0,1,False,False,-0.0,-1.1834445226323476e-17,0.0,14627.0,1,False,
100000002214301100,peripheral,0.2,0,0.2549,"удерживает средства: получил 21,438₸, отдал 8,000₸ (pass_through=0.37), in_deg=1",1,1,21438.0,8000.0,0.0002908879456811643,0.373169138912212,1,False,False,-1.3783281935963516e-20,0.002151681626890822,9.774765224247222e-05,13438.0,1,False,19.0
100000002565277100,terminal,0.96,2,0.4529,"получил 483,319₸ от 1 за 1 перев., исходящих нет (глубина 1<4) -> деньги осели",1,0,483319.0,0.0,0.00038401145160114853,0.0,1,False,False,-0.0,0.0004611679650745768,0.0,483319.0,1,False,
100000005546031100,consolidator,0.36,45,0.7829,"получил от 3 плательщиков, 66,800₸; authority=0.0000; seed-плательщиков 1, циклы=True",3,1,66800.0,8000.0,0.000715599021329773,0.11976047904191617,1,False,False,-7.69529466608841e-21,2.6591723823231846e-19,6.046246530462199e-07,58800.0,1,True,2.0
100000003449074100,terminal,0.557,0,0.1662,"получил 10,000₸ от 1 за 1 перев., исходящих нет (глубина 1<4) -> деньги осели",1,0,10000.0,0.0,0.0002887329326818672,0.0,1,False,False,-0.0,0.0021516816268908234,0.0,10000.0,1,False,
100000008748914100,distributor,0.821,2,0.8911,"разослал на 13 получателей, 4,471,847₸ за 21 перев., hub=0.0033; out/in по узлам 13/2",2,13,180000.0,4471847.0,0.0007942533093309315,24.843594444444445,1,False,False,0.0033332684529872943,5.599811688107334e-20,0.0006515838344328097,-4291847.0,1,True,0.0
100000004744306100,transit,0.685,20,0.6143,"pass_through=1.33, 69,000₸ -> 92,000₸; двусторонний поток",1,2,69000.0,92000.0,0.0004627875910079728,1.3333333333333333,1,False,False,-4.955152412184401e-20,8.651558043238276e-09,3.9905227101050515e-05,-23000.0,1,False,6.0
100000003158727100,consolidator,0.467,6,0.5646,"получил от 3 плательщиков, 367,940₸; authority=0.0000; seed-плательщиков 1, циклы=False",3,0,367940.0,0.0,0.0003155311171243537,0.0,1,False,False,-0.0,7.583777668910632e-06,0.0,367940.0,1,False,
100000001389255100,terminal,0.603,1,0.1971,"получил 16,136₸ от 1 за 1 перев., исходящих нет (глубина 1<4) -> деньги осели",1,0,16136.0,0.0,0.00029024942607671386,0.0,1,False,False,-0.0,-1.1217092541185614e-17,0.0,16136.0,1,False,
100000008695495100,terminal,0.639,1,0.2175,"получил 21,000₸ от 1 за 1 перев., исходящих нет (глубина 1<4) -> деньги осели",1,0,21000.0,0.0,0.0002912744879726773,0.0,1,False,False,-0.0,-1.2011319707771879e-17,0.0,21000.0,1,False,
100000004015047100,consolidator,0.823,6,0.9667,"получил от 9 плательщиков, 919,104₸; authority=0.0001; seed-плательщиков 3, циклы=True",9,1,919104.0,69195.0,0.0022863430313044353,0.07528527783580531,1,False,False,2.021296234547499e-07,5.056892202204942e-05,2.3278049142279465e-05,849909.0,3,True,1.0
100000005183943100,terminal,0.976,42,0.5096,"получил 680,900₸ от 1 за 9 перев., исходящих нет (глубина 1<4) -> деньги осели",1,0,680900.0,0.0,0.000613373519949017,0.0,1,False,False,-0.0,6.886441288814792e-20,0.0,680900.0,1,False,
100000003004487100,consolidator,0.682,31,0.8236,"получил от 4 плательщиков, 183,703₸; authority=0.0057; seed-плательщиков 1, циклы=True",4,2,183702.8,265015.0,0.00035240525203726717,1.4426290726107605,1,False,False,-4.307440911592609e-20,0.005747752526384537,0.00019609992913799065,-81312.20000000001,1,True,2.0
100000003042994100,terminal,0.926,5,0.3996,"получил 286,086₸ от 1 за 3 перев., исходящих нет (глубина 1<4) -> деньги осели",1,0,286086.0,0.0,0.00031774563112522427,0.0,1,False,False,-0.0,0.00029524161332083825,0.0,286086.0,1,False,
100000001899164100,consolidator,0.563,11,0.8943,"получил от 4 плательщиков, 291,675₸; authority=0.0001; seed-плательщиков 1, циклы=True",4,3,291675.0,76500.0,0.0011811551122980375,0.2622782206222679,1,False,False,-4.8189492952037055e-20,0.00012720359609665654,0.00012878505109884485,215175.0,1,True,7.0
100000003946524100,transit,0.951,2,0.6831,"pass_through=1.08: получил 133,757₸ -> отдал 144,750₸, оборот ~6д; цикл=True",2,2,133757.0,144750.0,0.00032750537174210614,1.0821863528637754,1,False,False,1.7306874583445537e-20,0.0004648848820710099,0.0001215295552622902,-10993.0,1,True,6.0
100000008717340100,terminal,0.726,1,0.2737,"получил 41,500₸ от 1 за 1 перев., исходящих нет (глубина 1<4) -> деньги осели",1,0,41500.0,0.0,0.0002955947529536087,0.0,1,False,False,-0.0,-1.2188332435775287e-17,0.0,41500.0,1,False,
100000003831324100,terminal,0.93,6,0.3999,"получил 300,000₸ от 2 за 2 перев., исходящих нет (глубина 1<4) -> деньги осели",2,0,300000.0,0.0,0.0003166000006754672,0.0,1,False,False,-0.0,4.672374915292469e-06,0.0,300000.0,1,False,
100000008129393100,terminal,0.557,49,0.2676,"получил 10,000₸ от 1 за 1 перев., исходящих нет (глубина 1<4) -> деньги осели",1,0,10000.0,0.0,0.00031308926087776764,0.0,1,False,False,-0.0,-1.2894736816485708e-19,0.0,10000.0,1,False,
100000004388209100,terminal,0.571,1,0.1751,"получил 11,800₸ от 1 за 1 перев., исходящих нет (глубина 1<4) -> деньги осели",1,0,11800.0,0.0,0.00028933563734708857,0.0,1,False,False,-0.0,-1.156785664184887e-17,0.0,11800.0,1,False,
100000000706545100,consolidator,0.565,5,0.9006,"получил от 3 плательщиков, 1,070,300₸; authority=0.0003; seed-плательщиков 1, циклы=True",3,1,1070300.0,75800.0,0.003277557229983344,0.07082126506586939,1,False,False,-1.051624989190337e-20,0.000322273010654325,1.9952613550525257e-05,994500.0,1,True,12.0
100000004497606100,terminal,0.598,1,0.1932,"получил 15,534₸ от 1 за 1 перев., исходящих нет (глубина 1<4) -> деньги осели",1,0,15534.0,0.0,0.00029012255780751776,0.0,1,False,False,-0.0,-1.1788971114431e-17,0.0,15534.0,1,False,
100000008470470100,terminal,0.702,1,0.2565,"получил 33,547₸ от 1 за 1 перев., исходящих нет (глубина 1<4) -> деньги осели",1,0,33547.0,0.0,0.0002939187008856405,0.0,1,False,False,-0.0,-1.1916971958399411e-17,0.0,33547.0,1,False,
100000004318918100,terminal,0.799,9,0.3102,"получил 75,600₸ от 1 за 1 перев., исходящих нет (глубина 1<4) -> деньги осели",1,0,75600.0,0.0,0.0002983697191851951,0.0,1,False,False,-0.0,0.0001227996062558916,0.0,75600.0,1,False,
100000005228059100,terminal,0.67,1,0.2343,"получил 26,000₸ от 1 за 1 перев., исходящих нет (глубина 1<4) -> деньги осели",1,0,26000.0,0.0,0.0002923282111387581,0.0,1,False,False,-0.0,-1.1902567532278407e-17,0.0,26000.0,1,False,
100000001609499100,consolidator,0.654,0,0.791,"получил от 3 плательщиков, 263,113₸; authority=0.0067; seed-плательщиков 1, циклы=True",3,2,263113.0,21000.0,0.0003223366953122206,0.07981361620292422,1,False,False,0.0005433343005036621,0.006661875080243065,0.00018737932753908515,242113.0,1,True,2.0
100000002824176100,terminal,0.864,6,0.3955,"получил 144,000₸ от 1 за 1 перев., исходящих нет (глубина 1<4) -> деньги осели",1,0,144000.0,0.0,0.0003401013976697422,0.0,1,False,False,-0.0,9.228378273113048e-07,0.0,144000.0,1,False,
100000001363952100,peripheral,0.2,3,0.3819,"удерживает средства: получил 196,655₸, отдал 91,000₸ (pass_through=0.46), in_deg=2",2,1,196655.0,91000.0,0.0003084632675251654,0.4627393150441128,1,False,False,1.202101029576976e-20,0.0022653388637857213,1.9549530448494444e-05,105655.0,1,False,0.0
100000001049200100,peripheral,0.2,17,0.4533,"удерживает средства: получил 76,624₸, отдал 36,000₸ (pass_through=0.47), in_deg=2",2,4,76624.0,36000.0,0.00029962398783979087,0.46982668615577367,1,False,False,1.1012390978404148e-05,0.00037972234725827377,0.0011795208267563184,40624.0,1,True,5.0
100000002662768100,terminal,0.808,2,0.3397,"получил 84,300₸ от 1 за 1 перев., исходящих нет (глубина 1<4) -> деньги осели",1,0,84300.0,0.0,0.00030782429813536703,0.0,1,False,False,-0.0,6.780076054127245e-05,0.0,84300.0,1,False,
100000004737477100,transit,0.61,0,0.4537,"pass_through=0.82: получил 49,598₸ -> отдал 40,500₸, оборот ~2д; цикл=False",2,1,49598.0,40500.0,0.0002936262172488947,0.8165651840800032,1,False,False,-7.305797137147263e-21,0.00505746328210732,1.9549530448494444e-05,9098.0,1,False,2.0
100000008680451100,terminal,0.651,1,0.2251,"получил 23,534₸ от 1 за 1 перев., исходящих нет (глубина 1<4) -> деньги осели",1,0,23534.0,0.0,0.0002918085148732471,0.0,1,False,False,-0.0,-1.1366770741622855e-17,0.0,23534.0,1,False,
100000001952325100,terminal,0.802,1,0.3273,"получил 77,888₸ от 1 за 2 перев., исходящих нет (глубина 1<4) -> деньги осели",1,0,77888.0,0.0,0.00030326332866707843,0.0,1,False,False,-0.0,-1.1706299607138665e-17,0.0,77888.0,1,False,
100000008751429100,consolidator,0.245,43,0.7669,"получил от 3 плательщиков, 386,200₸; authority=-0.0000; seed-плательщиков 1, циклы=True",3,1,386200.0,72600.0,0.0015247528636116816,0.1879854997410668,1,False,False,7.017258994850729e-20,-5.321537277102811e-20,0.0,313600.0,1,True,0.5
100000001960517100,terminal,0.896,6,0.4188,"получил 200,000₸ от 1 за 1 перев., исходящих нет (глубина 1<4) -> деньги осели",1,0,200000.0,0.0,0.00036081072150097716,0.0,1,False,False,-0.0,9.228378273116605e-07,0.0,200000.0,1,False,
100000008686234100,terminal,0.719,0,0.2646,"получил 39,778₸ от 1 за 1 перев., исходящих нет (глубина 1<4) -> деньги осели",1,0,39778.0,0.0,0.000294343352081506,0.0,1,False,False,-0.0,0.0021516816268908217,0.0,39778.0,1,False,
100000004213658100,terminal,0.667,1,0.2329,"получил 25,347₸ от 1 за 1 перев., исходящих нет (глубина 1<4) -> деньги осели",1,0,25347.0,0.0,0.000292190594893268,0.0,1,False,False,-0.0,-1.1914809817901344e-17,0.0,25347.0,1,False,
100000001194266100,terminal,0.752,2,0.2888,"получил 50,000₸ от 1 за 1 перев., исходящих нет (глубина 1<4) -> деньги осели",1,0,50000.0,0.0,0.0002969004523011872,0.0,1,False,False,-0.0,0.0004611679650745767,0.0,50000.0,1,False,
100000002243354100,terminal,0.638,1,0.2169,"получил 20,879₸ от 1 за 1 перев., исходящих нет (глубина 1<4) -> деньги осели",1,0,20879.0,0.0,0.00029124898787205816,0.0,1,False,False,-0.0,-1.1458663459422712e-17,0.0,20879.0,1,False,
100000006069103100,consolidator,0.563,55,0.8952,"получил от 3 плательщиков, 228,818₸; authority=0.0003; seed-плательщиков 1, циклы=True",3,3,228818.0,270000.0,0.0011564584242151755,1.1799770997036947,1,False,False,2.4787388215888096e-20,0.00031029937376156076,5.905167444751414e-05,-41182.0,1,True,0.5
100000002760175100,terminal,0.887,9,0.3823,"получил 187,410₸ от 1 за 1 перев., исходящих нет (глубина 1<4) -> деньги осели",1,0,187410.0,0.0,0.0003154087179697123,0.0,1,False,False,-0.0,0.00012279960625589145,0.0,187410.0,1,False,
100000003567087100,terminal,0.779,1,0.3086,"получил 62,115₸ от 1 за 1 перев., исходящих нет (глубина 1<4) -> деньги осели",1,0,62115.0,0.0,0.00029993925356735986,0.0,1,False,False,-0.0,-1.1585528951974826e-17,0.0,62115.0,1,False,
100000008229700100,peripheral,0.2,11,0.2108,"удерживает средства: получил 23,500₸, отдал 7,200₸ (pass_through=0.31), in_deg=1",1,1,23500.0,7200.0,0.0002907654400411877,0.30638297872340425,1,False,False,-1.4427872068502397e-21,1.0100033668708475e-05,2.0154155101540663e-07,16300.0,1,False,11.0
100000004076740100,transit,0.976,34,0.7688,"pass_through=1.34, 93,250₸ -> 125,000₸; двусторонний поток",3,6,93250.0,125000.0,0.0007445676652619166,1.3404825737265416,1,False,False,1.958361463728905e-07,0.0021866522981851704,0.0004426156735691908,-31750.0,1,True,6.0
100000003284932100,terminal,0.788,2,0.3156,"получил 69,925₸ от 1 за 1 перев., исходящих нет (глубина 1<4) -> деньги осели",1,0,69925.0,0.0,0.00030090601554916784,0.0,1,False,False,-0.0,0.000461167965074577,0.0,69925.0,1,False,
100000008071620100,terminal,0.739,0,0.2789,"получил 46,968₸ от 1 за 1 перев., исходящих нет (глубина 1<4) -> деньги осели",1,0,46968.0,0.0,0.00029569800704434444,0.0,1,False,False,-0.0,0.0021516816268908213,0.0,46968.0,1,False,
100000003235780100,terminal,0.783,0,0.2747,"получил 65,000₸ от 2 за 2 перев., исходящих нет (глубина 1<4) -> деньги осели",2,0,65000.0,0.0,0.0002925027501530129,0.0,1,False,False,-0.0,0.005057463282107318,0.0,65000.0,1,False,
100000005363908100,transit,0.72,45,0.3996,"pass_through=1.00: получил 19,500₸ -> отдал 19,500₸, оборот ~0д; цикл=False",1,1,19500.0,19500.0,0.00034002266712034653,1.0,1,False,False,1.1318116298230759e-19,2.7115888682741673e-19,0.0,0.0,1,False,0.0
100000001851289100,terminal,0.84,5,0.326,"получил 109,510₸ от 1 за 3 перев., исходящих нет (глубина 1<4) -> деньги осели",1,0,109510.0,0.0,0.00029867573639163206,0.0,1,False,False,-0.0,0.0002952416133208383,0.0,109510.0,1,False,
100000002870937100,terminal,0.808,6,0.2759,"получил 83,700₸ от 1 за 1 перев., исходящих нет (глубина 1<4) -> деньги осели",1,0,83700.0,0.0,0.0002916688813082607,0.0,1,False,False,-0.0,4.341415009040164e-06,0.0,83700.0,1,False,
100000002152857100,distributor,0.7,25,0.665,"разослал на 5 получателей, 1,230,000₸ за 6 перев., hub=0.0000; out/in по узлам 5/1",1,5,105000.0,1230000.0,0.0003010507551660987,11.714285714285714,1,False,False,2.2981552650707765e-05,4.0895899043318606e-05,0.00031883873370637327,-1125000.0,1,False,2.0
100000002600345100,terminal,0.762,5,0.2924,"получил 52,400₸ от 2 за 2 перев., исходящих нет (глубина 1<4) -> деньги осели",2,0,52400.0,0.0,0.0002970437332948684,0.0,1,False,False,-0.0,0.00031971676346710383,0.0,52400.0,1,False,
100000002580377100,peripheral,0.2,5,0.2413,"удерживает средства: получил 37,750₸, отдал 5,000₸ (pass_through=0.13), in_deg=1",1,1,37750.0,5000.0,0.00029092578370223726,0.13245033112582782,1,False,False,9.894165305097196e-21,0.0002952416133208386,1.9549530448494444e-05,32750.0,1,False,3.0
100000004094958100,transit,0.705,45,0.5379,"pass_through=1.03: получил 39,000₸ -> отдал 40,000₸, оборот ~0д; цикл=False",1,1,39000.0,40000.0,0.0003931964835655551,1.0256410256410255,1,False,False,4.2154027636305173e-20,7.407869455854187e-20,2.0154155101540663e-07,-1000.0,1,False,0.0
100000002609774100,transit,0.469,8,0.4033,"pass_through=3.57, 7,700₸ -> 27,500₸; двусторонний поток",1,1,7700.0,27500.0,0.00028768043701444027,3.5714285714285716,1,False,False,1.2056205087957606e-05,0.00029524161332083863,0.0002844926943874977,-19800.0,1,False,
100000002596035100,terminal,0.908,9,0.3993,"получил 231,570₸ от 1 за 1 перев., исходящих нет (глубина 1<4) -> деньги осели",1,0,231570.0,0.0,0.00032213836814701556,0.0,1,False,False,-0.0,0.0001227996062558914,0.0,231570.0,1,False,
100000004664515100,terminal,0.715,0,0.2612,"получил 37,691₸ от 1 за 1 перев., исходящих нет (глубина 1<4) -> деньги осели",1,0,37691.0,0.0,0.0002939501441667016,0.0,1,False,False,-0.0,0.0021516816268908217,0.0,37691.0,1,False,
100000000661912100,coordinator,0.857,0,0.9812,"betweenness=0.0014(топ~2%), pagerank=0.0018, мост: получает от 5, шлёт 2; seed-плательщиков 1",5,2,393036.0,430700.0,0.0017684681959515534,1.0958283719557496,1,False,False,-4.770028943960787e-20,0.007862144498655556,0.001356539653161389,-37664.0,1,True,0.0
100000004144536100,consolidator,0.38,23,0.6467,"получил от 4 плательщиков, 168,000₸; authority=0.0000; seed-плательщиков 1, циклы=False",4,0,168000.0,0.0,0.0009726769407571345,0.0,1,False,False,-0.0,1.6009871872997497e-19,0.0,168000.0,1,False,
100000006177176100,terminal,0.544,5,0.1565,"получил 8,911₸ от 1 за 1 перев., исходящих нет (глубина 1<4) -> деньги осели",1,0,8911.0,0.0,0.00028781122286598507,0.0,1,False,False,-0.0,0.0002952416133208387,0.0,8911.0,1,False,
100000002158488100,terminal,0.698,1,0.2528,"получил 31,723₸ от 1 за 1 перев., исходящих нет (глубина 1<4) -> деньги осели",1,0,31723.0,0.0,0.00029353430267465425,0.0,1,False,False,-0.0,-1.2189089336719489e-17,0.0,31723.0,1,False,
100000000041368100,terminal,0.873,2,0.3829,"получил 160,000₸ от 1 за 1 перев., исходящих нет (глубина 1<4) -> деньги осели",1,0,160000.0,0.0,0.00031901397587849573,0.0,1,False,False,-0.0,0.00046116796507457636,0.0,160000.0,1,False,
100000008722328100,terminal,0.652,1,0.226,"получил 23,677₸ от 1 за 1 перев., исходящих нет (глубина 1<4) -> деньги осели",1,0,23677.0,0.0,0.000291838651355797,0.0,1,False,False,-0.0,-1.1233198362265724e-17,0.0,23677.0,1,False,
100000008735384100,terminal,0.717,1,0.2693,"получил 39,220₸ от 1 за 1 перев., исходящих нет (глубина 1<4) -> деньги осели",1,0,39220.0,0.0,0.0002951142551898758,0.0,1,False,False,-0.0,-1.1442310829453064e-17,0.0,39220.0,1,False,
100000004480280100,transit,0.614,2,0.5851,"pass_through=2.02, 146,694₸ -> 295,850₸; двусторонний поток",1,2,146694.0,295850.0,0.00031633904365377147,2.0167832358515003,1,False,False,1.857218943733101e-08,0.0004611679650745768,3.632954408345218e-05,-149156.0,1,False,2.0
100000004286573100,terminal,0.605,11,0.1902,"получил 16,590₸ от 1 за 1 перев., исходящих нет (глубина 1<4) -> деньги осели",1,0,16590.0,0.0,0.00028961379610419177,0.0,1,False,False,-0.0,1.0100033668708333e-05,0.0,16590.0,1,False,
100000001746925100,peripheral,0.2,2,0.3419,"удерживает средства: получил 65,250₸, отдал 5,000₸ (pass_through=0.08), in_deg=1",1,1,65250.0,5000.0,0.0002999661907971322,0.07662835249042145,1,False,False,-1.1740278137668728e-21,0.0004611679650745762,0.00012092493060924399,60250.0,1,False,
100000001660397100,transit,0.995,0,0.595,"pass_through=1.01: получил 48,600₸ -> отдал 49,000₸, оборот ~0д; цикл=True",2,3,48600.0,49000.0,0.00029647040245110745,1.008230452674897,1,False,False,0.0005350800982536719,0.003756093425026571,0.0005119177069132883,-400.0,1,True,0.5
100000002591469100,terminal,0.91,6,0.3562,"получил 235,670₸ от 1 за 1 перев., исходящих нет (глубина 1<4) -> деньги осели",1,0,235670.0,0.0,0.00030042037539805387,0.0,1,False,False,-0.0,4.3414150090402554e-06,0.0,235670.0,1,False,
100000002731501100,distributor,0.695,23,0.7985,"разослал на 7 получателей, 833,960₸ за 20 перев., hub=0.0000; out/in по узлам 7/3",3,7,570370.0,833960.0,0.0004876865688334443,1.4621386117783193,1,False,False,4.3019135159668726e-19,1.7091597475800652e-19,4.534684897846649e-06,-263590.0,1,True,2.0
100000000089154100,distributor,0.827,0,0.6464,"разослал на 15 получателей, 425,500₸ за 21 перев., hub=0.0028; out/in по узлам 15/1",1,15,10000.0,425500.0,0.0002887329326818672,42.55,1,False,False,0.0028494328304310233,0.002151681626890822,0.00011082142424807871,-415500.0,1,True,3.0
100000008732098100,terminal,0.599,1,0.1948,"получил 15,677₸ от 1 за 1 перев., исходящих нет (глубина 1<4) -> деньги осели",1,0,15677.0,0.0,0.00029015269429006767,0.0,1,False,False,-0.0,-1.1294495273466905e-17,0.0,15677.0,1,False,
100000005456919100,peripheral,0.2,43,0.4987,"удерживает средства: получил 479,950₸, отдал 5,000₸ (pass_through=0.01), in_deg=2",2,1,479950.0,5000.0,0.0013880209367746227,0.010417751849150954,1,False,False,-4.6948239654017824e-20,8.447032575986177e-23,0.0,474950.0,1,True,2.0
100000000507799100,transit,0.467,40,0.3537,"pass_through=1.56, 5,132₸ -> 8,000₸; двусторонний поток",1,1,5132.0,8000.0,0.0002874030975703716,1.558846453624318,1,False,False,-2.198531370732497e-20,0.0002952416133208385,0.00011729718269096666,-2868.0,1,False,3.0
100000008716439100,terminal,0.575,1,0.1772,"получил 12,267₸ от 1 за 1 перев., исходящих нет (глубина 1<4) -> деньги осели",1,0,12267.0,0.0,0.00028943405509080055,0.0,1,False,False,-0.0,-1.1262408667916807e-17,0.0,12267.0,1,False,
100000002981527100,terminal,0.878,7,0.3605,"получил 168,000₸ от 1 за 1 перев., исходящих нет (глубина 1<4) -> деньги осели",1,0,168000.0,0.0,0.0003049679379452873,0.0,1,False,False,-0.0,2.274780546012033e-05,0.0,168000.0,1,False,
100000002844652100,terminal,0.778,6,0.2548,"получил 61,360₸ от 1 за 1 перев., исходящих нет (глубина 1<4) -> деньги осели",1,0,61360.0,0.0,0.0002903823880663974,0.0,1,False,False,-0.0,4.341415009040264e-06,0.0,61360.0,1,False,
100000002605548100,terminal,0.845,9,0.3681,"получил 116,695₸ от 2 за 2 перев., исходящих нет (глубина 1<4) -> деньги осели",2,0,116695.0,0.0,0.0003157303745278675,0.0,1,False,False,-0.0,0.0001250948569094646,0.0,116695.0,1,False,
100000002750956100,terminal,0.742,0,0.2806,"получил 47,416₸ от 1 за 1 перев., исходящих нет (глубина 1<4) -> деньги осели",1,0,47416.0,0.0,0.00029578241391824595,0.0,1,False,False,-0.0,0.0021516816268908234,0.0,47416.0,1,False,
100000002982252100,terminal,0.637,1,0.216,"получил 20,320₸ от 1 за 1 перев., исходящих нет (глубина 1<4) -> деньги осели",1,0,20320.0,0.0,0.0002911311816220903,0.0,1,False,False,-0.0,-1.1911232568546268e-17,0.0,20320.0,1,False,
100000000961900100,terminal,0.711,0,0.2691,"получил 36,000₸ от 2 за 3 перев., исходящих нет (глубина 1<4) -> деньги осели",2,0,36000.0,0.0,0.00029563555809140467,0.0,1,False,False,-0.0,0.002794497311517579,0.0,36000.0,1,False,
100000007175718100,terminal,0.63,44,0.2745,"получил 20,000₸ от 1 за 1 перев., исходящих нет (глубина 1<4) -> деньги осели",1,0,20000.0,0.0,0.0003045413082695412,0.0,1,False,False,-0.0,1.945326533652421e-19,0.0,20000.0,1,False,
100000002306369100,transit,0.81,2,0.6359,"pass_through=3.57, 73,166₸ -> 260,900₸; двусторонний поток",1,6,73166.0,260900.0,0.0003006339250855741,3.5658639258672062,1,False,False,0.003795760997273612,0.002151681626890822,7.145508825410446e-05,-187734.0,1,True,21.0
100000000667713100,transit,0.728,5,0.6695,"pass_through=0.66, 119,495₸ -> 79,236₸; двусторонний поток",2,6,119495.0,79236.0,0.0003215340602637967,0.663090505878907,1,False,False,0.0006759245224283022,0.00030027075770848086,0.00014206922093968531,40259.0,1,True,5.0
100000001072022100,consolidator,0.645,2,0.6559,"получил от 3 плательщиков, 1,684,000₸; authority=0.0035; seed-плательщиков 1, циклы=False",3,0,1684000.0,0.0,0.000504279220993778,0.0,1,False,False,-0.0,0.0034634606285789634,0.0,1684000.0,1,False,
100000008116374100,terminal,0.697,5,0.226,"получил 31,284₸ от 1 за 1 перев., исходящих нет (глубина 1<4) -> деньги осели",1,0,31284.0,0.0,0.000290227467173675,0.0,1,False,False,-0.0,0.00029524161332083836,0.0,31284.0,1,False,
100000000703894100,peripheral,0.2,29,0.421,"удерживает средства: получил 120,000₸, отдал 35,000₸ (pass_through=0.29), in_deg=1",1,1,120000.0,35000.0,0.00047938791455610696,0.2916666666666667,1,False,False,-1.209276872746571e-23,-4.3394884961327455e-20,6.046246530462199e-07,85000.0,1,False,
100000008066326100,terminal,0.623,0,0.2048,"получил 19,320₸ от 1 за 1 перев., исходящих нет (глубина 1<4) -> деньги осели",1,0,19320.0,0.0,0.000290488897112139,0.0,1,False,False,-0.0,0.0021516816268908226,0.0,19320.0,1,False,
100000004662806100,transit,0.416,11,0.5406,"pass_through=0.56, 106,585₸ -> 59,900₸; двусторонний поток",2,2,106585.0,59900.0,0.00030681360440920256,0.5619927757189098,1,False,False,-6.81005426701249e-20,0.0006529157182954654,3.95021439990197e-05,46685.0,1,False,2.0
100000005778283100,consolidator,0.593,6,0.6656,"получил от 3 плательщиков, 615,760₸; authority=0.0001; seed-плательщиков 2, циклы=False",3,0,615760.0,0.0,0.0004394966717771104,0.0,1,False,False,-0.0,0.00011357615241737489,0.0,615760.0,2,False,
100000004408683100,terminal,0.843,5,0.4091,"получил 112,920₸ от 2 за 3 перев., исходящих нет (глубина 1<4) -> деньги осели",2,0,112919.68,0.0,0.0003870102710310572,0.0,1,False,False,-0.0,0.00031210940414831245,0.0,112919.68,1,False,
100000002704875100,consolidator,0.65,3,0.5553,"получил от 3 плательщиков, 244,891₸; authority=0.0048; seed-плательщиков 1, циклы=False",3,0,244891.0,0.0,0.0003164729900080648,0.0,1,False,False,-0.0,0.004839827491626745,0.0,244891.0,1,False,
100000008349675100,transit,0.593,6,0.3957,"pass_through=0.79: получил 46,520₸ -> отдал 36,650₸, оборот ~4д; цикл=False",1,1,46520.0,36650.0,0.0002895277972110145,0.7878331900257953,1,False,False,2.477769113594775e-21,4.341415009040127e-06,2.0154155101540663e-07,9870.0,1,False,4.0
100000006889963100,consolidator,0.746,4,0.7968,"получил от 4 плательщиков, 1,431,000₸; authority=0.0047; seed-плательщиков 2, циклы=False",4,1,1431000.0,443475.8,0.0004291309761802339,0.30990621942697416,1,False,False,1.3982814477825197e-20,0.004656080095149229,2.5595776978956642e-05,987524.2,2,False,0.0
100000008771819100,terminal,0.716,1,0.2688,"получил 38,900₸ от 1 за 1 перев., исходящих нет (глубина 1<4) -> деньги осели",1,0,38900.0,0.0,0.00029504681690724663,0.0,1,False,False,-0.0,-1.1818293323058366e-17,0.0,38900.0,1,False,
100000008586731100,terminal,0.572,11,0.1721,"получил 12,000₸ от 1 за 1 перев., исходящих нет (глубина 1<4) -> деньги осели",1,0,12000.0,0.0,0.0002888488112024825,0.0,1,False,False,-0.0,1.0100033668708499e-05,0.0,12000.0,1,False,
100000005844459100,terminal,0.913,0,0.4139,"получил 243,400₸ от 2 за 2 перев., исходящих нет (глубина 1<4) -> деньги осели",2,0,243400.0,0.0,0.0003395717553947087,0.0,1,False,False,-0.0,0.0032895890599809632,0.0,243400.0,1,False,
100000008172352100,distributor,0.254,33,0.7099,"разослал на 7 получателей, 289,510₸ за 8 перев., hub=-0.0000; out/in по узлам 7/3",3,7,90265.0,289510.0,0.00037692105541289585,3.207333961114496,1,False,False,-1.486050144857728e-19,0.00012101161498525166,0.0001899327576769192,-199245.0,1,False,0.0
100000001162560100,distributor,0.776,7,0.6689,"разослал на 12 получателей, 2,904,398₸ за 14 перев., hub=0.0000; out/in по узлам 12/1",1,12,331300.0,2904398.0,0.0003225801221787124,8.76667069121642,1,False,False,2.6898546450438737e-05,2.2747805460120308e-05,3.0231232652310993e-06,-2573098.0,1,False,5.0
100000008779584100,terminal,0.697,1,0.252,"получил 31,400₸ от 1 за 1 перев., исходящих нет (глубина 1<4) -> деньги осели",1,0,31400.0,0.0,0.0002934662321581254,0.0,1,False,False,-0.0,-1.1560939082725115e-17,0.0,31400.0,1,False,
100000007631637100,terminal,0.597,1,0.1919,"получил 15,341₸ от 1 за 1 перев., исходящих нет (глубина 1<4) -> деньги осели",1,0,15341.0,0.0,0.00029008188409330706,0.0,1,False,False,-0.0,-1.1317057908131801e-17,0.0,15341.0,1,False,
100000007347733100,terminal,0.647,49,0.3273,"получил 23,007₸ от 1 за 1 перев., исходящих нет (глубина 1<4) -> деньги осели",1,0,23007.0,0.0,0.00034722016242832814,0.0,1,False,False,-0.0,-2.404728650034892e-20,0.0,23007.0,1,False,
100000001463701100,terminal,0.976,9,0.5041,"получил 621,000₸ от 2 за 2 перев., исходящих нет (глубина 1<4) -> деньги осели",2,0,621000.0,0.0,0.0005747354940840503,0.0,1,False,False,-0.0,0.00012378143199652338,0.0,621000.0,1,False,
100000008664469100,terminal,0.663,2,0.2296,"получил 25,000₸ от 1 за 1 перев., исходящих нет (глубина 1<4) -> деньги осели",1,0,25000.0,0.0,0.00029187465148816253,0.0,1,False,False,-0.0,0.00046116796507457685,0.0,25000.0,1,False,
100000003923946100,transit,0.907,6,0.7019,"pass_through=2.39, 282,000₸ -> 675,000₸; двусторонний поток",1,4,282000.0,675000.0,0.0003911350885395713,2.393617021276596,1,False,False,5.9602198974141196e-05,9.228378273113168e-07,2.0154155101540663e-06,-393000.0,1,True,0.0
100000006562026100,terminal,0.797,49,0.4779,"получил 75,000₸ от 2 за 6 перев., исходящих нет (глубина 1<4) -> деньги осели",2,0,75000.0,0.0,0.0006883454950625148,0.0,1,False,False,-0.0,-8.443692977335518e-20,0.0,75000.0,2,False,
100000008776298100,terminal,0.728,1,0.2761,"получил 42,800₸ от 1 за 1 перев., исходящих нет (глубина 1<4) -> деньги осели",1,0,42800.0,0.0,0.0002958687209767897,0.0,1,False,False,-0.0,-1.1415246190024466e-17,0.0,42800.0,1,False,
100000006446271100,terminal,0.803,2,0.351,"получил 80,000₸ от 2 за 2 перев., исходящих нет (глубина 1<4) -> деньги осели",2,0,80000.0,0.0,0.00031530743019438074,0.0,1,False,False,-0.0,0.0006039352620193617,0.0,80000.0,1,False,
100000004588479100,terminal,0.882,5,0.3635,"получил 177,633₸ от 1 за 2 перев., исходящих нет (глубина 1<4) -> деньги осели",1,0,177633.0,0.0,0.00030603289953348885,0.0,1,False,False,-0.0,0.0002952416133208383,0.0,177633.0,1,False,
100000002324543100,terminal,0.694,7,0.2227,"получил 30,202₸ от 1 за 1 перев., исходящих нет (глубина 1<4) -> деньги осели",1,0,30202.0,0.0,0.000290106188018787,0.0,1,False,False,-0.0,2.2747805460120396e-05,0.0,30202.0,1,False,
100000007129492100,transit,0.555,9,0.5102,"pass_through=0.73: получил 50,990₸ -> отдал 37,000₸, оборот ~0д; цикл=False",2,1,50990.0,37000.0,0.0002958353310195962,0.725632476956266,1,False,False,-4.931328496279293e-22,0.0005839675713304682,2.5595776978956642e-05,13990.0,2,False,0.0
100000003877908100,terminal,0.721,2,0.2685,"получил 40,000₸ от 1 за 1 перев., исходящих нет (глубина 1<4) -> деньги осели",1,0,40000.0,0.0,0.0002948901319759773,0.0,1,False,False,-0.0,0.00046116796507457636,0.0,40000.0,1,False,
100000002748180100,distributor,0.714,12,0.5369,"разослал на 8 получателей, 679,743₸ за 9 перев., hub=0.0000; out/in по узлам 8/1",1,8,9900.0,679743.0,0.00028849881811019714,68.66090909090909,1,False,False,2.1937427867105186e-06,1.0100033668708532e-05,8.666286693662486e-06,-669843.0,1,False,17.0
100000000945428100,terminal,0.814,0,0.3337,"получил 89,629₸ от 1 за 1 перев., исходящих нет (глубина 1<4) -> деньги осели",1,0,89629.0,0.0,0.00030373568929325265,0.0,1,False,False,-0.0,0.0021516816268908243,0.0,89629.0,1,False,
100000003115284100,consolidator,0.866,9,0.9602,"получил от 8 плательщиков, 2,160,500₸; authority=0.0050; seed-плательщиков 2, циклы=True",8,2,2160500.0,517000.0,0.0015347529278087765,0.23929645915297384,1,False,False,1.732468863374822e-05,0.005009559527507029,0.00012999430040493728,1643500.0,2,True,0.0
100000005394708100,transit,0.645,20,0.5262,"pass_through=2.50, 26,000₸ -> 65,000₸; двусторонний поток",1,1,26000.0,65000.0,0.00034671119749081296,2.5,1,False,False,-4.996685148785561e-20,-1.2861953695924697e-20,2.0154155101540663e-07,-39000.0,1,False,1.0
100000008747113100,terminal,0.893,4,0.3722,"получил 197,801₸ от 2 за 2 перев., исходящих нет (глубина 1<4) -> деньги осели",2,0,197801.0,0.0,0.0003088857922381494,0.0,1,False,False,-0.0,0.003401342045244736,0.0,197801.0,1,False,
100000004491881100,terminal,0.608,1,0.1999,"получил 17,144₸ от 1 за 1 перев., исходящих нет (глубина 1<4) -> деньги осели",1,0,17144.0,0.0,0.00029046185666699575,0.0,1,False,False,-0.0,-1.1800403811952288e-17,0.0,17144.0,1,False,
100000006008169100,terminal,0.79,11,0.3081,"получил 70,000₸ от 1 за 1 перев., исходящих нет (глубина 1<4) -> деньги осели",1,0,70000.0,0.0,0.00029851528708464806,0.0,1,False,False,-0.0,1.0100033668708178e-05,0.0,70000.0,1,False,
100000002681449100,transit,0.551,10,0.4957,"pass_through=1.41, 94,638₸ -> 133,000₸; двусторонний поток",2,2,94638.0,133000.0,0.0002964581246634431,1.4053551427544961,1,False,False,0.00014075988950704412,0.0032836200705394255,1.794996199420444e-05,-38362.0,1,False,5.5
100000002645609100,consolidator,0.682,0,0.6072,"получил от 4 плательщиков, 546,821₸; authority=0.0059; seed-плательщиков 1, циклы=False",4,0,546820.6799999999,0.0,0.0003569252678559468,0.0,1,False,False,-0.0,0.005933623592512468,0.0,546820.6799999999,1,False,
100000006369769100,terminal,0.721,1,0.271,"получил 40,000₸ от 1 за 1 перев., исходящих нет (глубина 1<4) -> деньги осели",1,0,40000.0,0.0,0.0002952786360037844,0.0,1,False,False,-0.0,-1.1788967850100304e-17,0.0,40000.0,1,False,
100000002173161100,consolidator,0.562,5,0.6447,"получил от 3 плательщиков, 1,427,500₸; authority=0.0003; seed-плательщиков 1, циклы=False",3,0,1427500.0,0.0,0.0004373498063612444,0.0,1,False,False,-0.0,0.0003011826207838535,0.0,1427500.0,1,False,
100000008686313100,distributor,0.741,0,0.8496,"разослал на 7 получателей, 333,800₸ за 13 перев., hub=0.0019; out/in по узлам 7/6",6,7,1912716.0,333800.0,0.00046965063948727694,0.17451623764322566,1,False,False,0.0018982930976390647,0.010825895242180972,0.002018830542803389,1578916.0,1,True,1.0
100000004692798100,peripheral,0.2,11,0.5718,"удерживает средства: получил 240,305₸, отдал 15,000₸ (pass_through=0.06), in_deg=2",2,1,240305.0,15000.0,0.0019344960727247736,0.06242067372713843,1,False,False,3.415872049068993e-22,1.0180786965396777e-05,2.0154155101540663e-07,225305.0,1,True,0.0
100000002939838100,consolidator,0.581,5,0.6248,"получил от 3 плательщиков, 571,233₸; authority=0.0005; seed-плательщиков 1, циклы=False",3,0,571233.0,0.0,0.000401791975544181,0.0,1,False,False,-0.0,0.0004689886713541254,0.0,571233.0,1,False,
100000003119550100,terminal,0.639,1,0.2175,"получил 21,000₸ от 1 за 1 перев., исходящих нет (глубина 1<4) -> деньги осели",1,0,21000.0,0.0,0.0002912744879726773,0.0,1,False,False,-0.0,-1.2158029520251155e-17,0.0,21000.0,1,False,
100000004315838100,peripheral,0.2,2,0.2896,"удерживает средства: получил 50,000₸, отдал 18,000₸ (pass_through=0.36), in_deg=2",2,1,50000.0,18000.0,0.00029268806861577895,0.36,1,False,False,-7.108693368741813e-21,0.0034013420452447363,2.4184986121848794e-05,32000.0,1,False,
100000002671806100,terminal,0.576,11,0.1739,"получил 12,440₸ от 1 за 1 перев., исходящих нет (глубина 1<4) -> деньги осели",1,0,12440.0,0.0,0.0002889221430884851,0.0,1,False,False,-0.0,1.0100033668708497e-05,0.0,12440.0,1,False,
100000008716222100,terminal,0.617,1,0.2051,"получил 18,000₸ от 1 за 1 перев., исходящих нет (глубина 1<4) -> деньги осели",1,0,18000.0,0.0,0.0002906422540730288,0.0,1,False,False,-0.0,-1.1701712042977407e-17,0.0,18000.0,1,False,
100000005496254100,terminal,0.577,0,0.1759,"получил 12,700₸ от 1 за 1 перев., исходящих нет (глубина 1<4) -> деньги осели",1,0,12700.0,0.0,0.00028924163482368416,0.0,1,False,False,-0.0,0.002151681626890824,0.0,12700.0,1,False,
100000004622227100,transit,0.577,0,0.4302,"pass_through=0.76: получил 24,931₸ -> отдал 19,000₸, оборот ~3д; цикл=False",1,3,24931.0,19000.0,0.0002915460555261149,0.762103405398901,1,False,False,0.00034393568930460815,0.0021516816268908234,4.866146516249831e-05,5931.0,1,False,3.0
100000000274067100,transit,0.915,6,0.7168,"pass_through=5.73, 517,704₸ -> 2,969,000₸; двусторонний поток",2,3,517704.0,2969000.0,0.0004154993568724503,5.734937338710924,1,False,False,-1.5122758076341968e-20,4.3764059027228e-06,1.2092493060924398e-06,-2451296.0,1,True,0.5
100000008782056100,terminal,0.683,1,0.2443,"получил 29,082₸ от 1 за 1 перев., исходящих нет (глубина 1<4) -> деньги осели",1,0,29082.0,0.0,0.0002929777260983303,0.0,1,False,False,-0.0,-1.1729398677436947e-17,0.0,29082.0,1,False,
100000006788200100,consolidator,0.679,6,0.7179,"получил от 4 плательщиков, 272,156₸; authority=0.0047; seed-плательщиков 1, циклы=False",4,3,272155.8,64500.0,0.0003386582613458307,0.23699660268125833,1,False,False,1.2623492597195062e-05,0.004712143611845394,9.855381844653384e-05,207655.8,1,False,9.0
100000001164648100,terminal,0.582,19,0.2008,"получил 13,660₸ от 2 за 2 перев., исходящих нет (глубина 1<4) -> деньги осели",2,0,13660.0,0.0,0.0002914417567020063,0.0,1,False,False,-0.0,0.00029892899526736544,0.0,13660.0,1,False,
100000005133757100,terminal,0.783,3,0.3131,"получил 65,000₸ от 2 за 2 перев., исходящих нет (глубина 1<4) -> деньги осели",2,0,65000.0,0.0,0.00030074590188942306,0.0,1,False,False,-0.0,0.0005914483427951581,0.0,65000.0,1,False,
100000006445501100,terminal,0.817,9,0.325,"получил 91,000₸ от 1 за 1 перев., исходящих нет (глубина 1<4) -> деньги осели",1,0,91000.0,0.0,0.0003007165627705771,0.0,1,False,False,-0.0,0.0001227996062558913,0.0,91000.0,1,False,
100000004390333100,distributor,0.769,0,0.7164,"разослал на 9 получателей, 506,500₸ за 14 перев., hub=0.0029; out/in по узлам 9/2",2,9,64558.0,506500.0,0.0002965323541047166,7.845658167849066,1,False,False,0.0028691080189600336,0.005057463282107321,0.00016112902413035324,-441942.0,1,True,14.5
100000001641789100,terminal,0.615,6,0.3532,"получил 17,826₸ от 1 за 1 перев., исходящих нет (глубина 1<4) -> деньги осели",1,0,17826.0,0.0,0.000491406781653084,0.0,1,False,False,-0.0,4.0757489676167957e-07,0.0,17826.0,1,False,
100000000968253100,terminal,0.592,1,0.1898,"получил 15,000₸ от 1 за 1 перев., исходящих нет (глубина 1<4) -> деньги осели",1,0,15000.0,0.0,0.0002900100201733803,0.0,1,False,False,-0.0,-1.1057314457017224e-17,0.0,15000.0,1,False,
100000001527186100,terminal,0.976,2,0.4698,"получил 678,000₸ от 1 за 2 перев., исходящих нет (глубина 1<4) -> деньги осели",1,0,678000.0,0.0,0.0004231485687243667,0.0,1,False,False,-0.0,0.00046116796507457663,0.0,678000.0,1,False,
100000005852946100,terminal,0.653,2,0.2244,"получил 23,746₸ от 1 за 1 перев., исходящих нет (глубина 1<4) -> деньги осели",1,0,23746.0,0.0,0.00029162255731938124,0.0,1,False,False,-0.0,0.00046116796507457674,0.0,23746.0,1,False,
100000001530983100,distributor,0.779,5,0.7653,"разослал на 11 получателей, 1,829,538₸ за 17 перев., hub=0.0002; out/in по узлам 11/4",4,11,564158.0,1829538.0,0.0003576738124284952,3.24295321523403,1,False,False,0.00021682601059342367,0.005439667156910644,0.00033776124599615314,-1265380.0,2,False,3.0
100000008221543100,terminal,0.969,15,0.4532,"получил 542,000₸ от 2 за 2 перев., исходящих нет (глубина 1<4) -> деньги осели",2,0,542000.0,0.0,0.0003731180590785931,0.0,1,False,False,-0.0,0.002385026252669213,0.0,542000.0,1,False,
100000001937767100,transit,0.983,14,0.8018,"pass_through=36.47, 53,000₸ -> 1,933,000₸; двусторонний поток",1,4,53000.0,1933000.0,0.0008950374707711293,36.471698113207545,1,False,False,2.330932643384606e-07,4.0757489676173203e-07,5.7671286722446814e-05,-1880000.0,1,True,12.0
100000002462183100,terminal,0.838,44,0.406,"получил 107,500₸ от 1 за 3 перев., исходящих нет (глубина 1<4) -> деньги осели",1,0,107500.0,0.0,0.00038194581024505596,0.0,1,False,False,-0.0,1.257766726701233e-19,0.0,107500.0,1,False,
100000001805543100,terminal,0.774,5,0.276,"получил 59,000₸ от 1 за 1 перев., исходящих нет (глубина 1<4) -> деньги осели",1,0,59000.0,0.0,0.0002932207460022601,0.0,1,False,False,-0.0,0.00029524161332083847,0.0,59000.0,1,False,
100000002606567100,transit,0.486,0,0.4065,"pass_through=3.76, 14,095₸ -> 53,000₸; двусторонний поток",1,1,14095.0,53000.0,0.00028950446426362293,3.7601986520042567,1,False,False,8.669309402883649e-21,0.002151681626890821,1.9549530448494444e-05,-38905.0,1,False,
100000007281639100,terminal,0.903,5,0.4,"получил 216,770₸ от 2 за 4 перев., исходящих нет (глубина 1<4) -> деньги осели",2,0,216770.0,0.0,0.00032501112029930475,0.0,1,False,False,-0.0,0.0003309179629303375,0.0,216770.0,1,False,
100000002991079100,peripheral,0.2,5,0.43,"удерживает средства: получил 148,900₸, отдал 11,000₸ (pass_through=0.07), in_deg=2",2,1,148900.0,11000.0,0.0003969046113959712,0.07387508394895903,1,False,False,-9.375800442730815e-22,0.00030536518909329575,2.0154155101540664e-05,137900.0,1,False,0.0
100000002847207100,terminal,0.737,2,0.2806,"получил 46,243₸ от 1 за 1 перев., исходящих нет (глубина 1<4) -> деньги осели",1,0,46243.0,0.0,0.0002961451749550058,0.0,1,False,False,-0.0,0.00046116796507457696,0.0,46243.0,1,False,
100000000011452100,consolidator,0.646,0,0.7744,"получил от 3 плательщиков, 110,000₸; authority=0.0038; seed-плательщиков 1, циклы=True",3,1,110000.0,16685.0,0.00048269151121018274,0.1516818181818182,1,False,False,0.0006938863234414858,0.00378636674960456,3.426206367261913e-06,93315.0,1,True,0.0
100000003148220100,transit,0.984,57,0.6654,"pass_through=7.68, 5,650₸ -> 43,400₸; двусторонний поток",1,2,5650.0,43400.0,0.000921867797030155,7.68141592920354,1,False,False,-6.186277984778747e-20,1.1887075864624602e-20,4.0308310203081327e-07,-37750.0,1,True,2.0
100000002479804100,transit,0.58,2,0.4616,"pass_through=0.77: получил 46,000₸ -> отдал 35,300₸, оборот ~1д; цикл=False",1,2,46000.0,35300.0,0.0002982945278183234,0.7673913043478261,1,False,False,-5.2360094463744275e-20,6.780076054127173e-05,1.8138739591386597e-06,10700.0,1,False,1.0
100000008745489100,terminal,0.77,1,0.3016,"получил 55,539₸ от 1 за 1 перев., исходящих нет (глубина 1<4) -> деньги осели",1,0,55539.0,0.0,0.00029855339685933035,0.0,1,False,False,-0.0,-1.1358803390480361e-17,0.0,55539.0,1,False,
100000002289937100,terminal,0.63,1,0.213,"получил 20,000₸ от 1 за 1 перев., исходящих нет (глубина 1<4) -> деньги осели",1,0,20000.0,0.0,0.0002910637433394611,0.0,1,False,False,-0.0,-1.1935210312068172e-17,0.0,20000.0,1,False,
100000004679953100,consolidator,0.654,3,0.8131,"получил от 3 плательщиков, 343,538₸; authority=0.0067; seed-плательщиков 1, циклы=True",3,3,343538.0,34100.0,0.00033574399052437856,0.09926121709970949,1,False,False,0.0002663927813036766,0.006661875080243062,0.0003602843409147677,309438.0,1,True,2.0
100000003066385100,terminal,0.63,0,0.2269,"получил 20,000₸ от 2 за 2 перев., исходящих нет (глубина 1<4) -> деньги осели",2,0,20000.0,0.0,0.00029284369490197547,0.0,1,False,False,-0.0,0.0027944973115175803,0.0,20000.0,1,False,
100000008744849100,terminal,0.73,1,0.2788,"получил 44,445₸ от 1 за 1 перев., исходящих нет (глубина 1<4) -> деньги осели",1,0,44445.0,0.0,0.00029621539589843026,0.0,1,False,False,-0.0,-1.1878122514556148e-17,0.0,44445.0,1,False,
100000005093521100,terminal,0.596,2,0.1892,"получил 15,200₸ от 1 за 1 перев., исходящих нет (глубина 1<4) -> деньги осели",1,0,15200.0,0.0,0.0002899045375694569,0.0,1,False,False,-0.0,0.0004611679650745768,0.0,15200.0,1,False,
100000006518161100,consolidator,0.566,5,0.9019,"получил от 3 плательщиков, 594,200₸; authority=0.0003; seed-плательщиков 1, циклы=True",3,2,594200.0,595899.0,0.000814208625349428,1.002859306630764,1,False,False,7.586184634700599e-20,0.00033358509224978616,5.885013289649874e-05,-1699.0,1,True,0.0
100000001126374100,consolidator,0.684,0,0.6715,"получил от 4 плательщиков, 182,500₸; authority=0.0063; seed-плательщиков 1, циклы=False",4,2,182500.0,29200.0,0.00031489525712333184,0.16,1,False,False,-8.978352269420448e-20,0.006302313106225148,3.9905227101050515e-05,153300.0,1,False,1.0
100000004509286100,terminal,0.721,2,0.2685,"получил 40,000₸ от 1 за 1 перев., исходящих нет (глубина 1<4) -> деньги осели",1,0,40000.0,0.0,0.0002948901319759773,0.0,1,False,False,-0.0,0.0004611679650745765,0.0,40000.0,1,False,
100000005056870100,terminal,0.63,44,0.2745,"получил 20,000₸ от 1 за 1 перев., исходящих нет (глубина 1<4) -> деньги осели",1,0,20000.0,0.0,0.0003045413082695412,0.0,1,False,False,-0.0,1.044638444853313e-19,0.0,20000.0,1,False,
100000008708368100,terminal,0.652,1,0.226,"получил 23,677₸ от 1 за 1 перев., исходящих нет (глубина 1<4) -> деньги осели",1,0,23677.0,0.0,0.000291838651355797,0.0,1,False,False,-0.0,-1.1495650258814892e-17,0.0,23677.0,1,False,
100000005895525100,terminal,0.848,44,0.4132,"получил 120,000₸ от 1 за 3 перев., исходящих нет (глубина 1<4) -> деньги осели",1,0,120000.0,0.0,0.00039300359624155803,0.0,1,False,False,-0.0,1.8080314885668858e-20,0.0,120000.0,1,False,
100000008716773100,terminal,0.599,1,0.1948,"получил 15,677₸ от 1 за 1 перев., исходящих нет (глубина 1<4) -> деньги осели",1,0,15677.0,0.0,0.00029015269429006767,0.0,1,False,False,-0.0,-1.1254391970258614e-17,0.0,15677.0,1,False,
100000002778085100,terminal,0.785,5,0.2855,"получил 66,208₸ от 1 за 1 перев., исходящих нет (глубина 1<4) -> деньги осели",1,0,66208.0,0.0,0.00029399919721442787,0.0,1,False,False,-0.0,0.00029524161332083825,0.0,66208.0,1,False,
100000007055802100,consolidator,0.746,0,0.8867,"получил от 6 плательщиков, 2,024,999₸; authority=0.0108; seed-плательщиков 1, циклы=True",6,1,2024999.0,605000.0,0.0011867330774222942,0.29876557963732325,1,False,False,0.0034341664001234537,0.010820501291018797,4.4339141223389455e-06,1419999.0,1,True,0.0
100000003071930100,consolidator,0.54,7,0.7273,"получил от 3 плательщиков, 477,610₸; authority=0.0001; seed-плательщиков 1, циклы=False",3,1,477610.0,5000.0,0.00034991483551296664,0.010468792529469651,1,False,False,-4.730497806900353e-23,0.00014631330484213102,4.353297501932783e-05,472610.0,1,False,1.0
100000002941114100,peripheral,0.2,9,0.5776,"удерживает средства: получил 128,510₸, отдал 15,000₸ (pass_through=0.12), in_deg=2",2,1,128510.0,15000.0,0.0018398734161550552,0.11672243405182477,1,False,False,-4.076016693527126e-21,0.00012378143199652324,2.096032130560229e-05,113510.0,1,True,1.0
100000003888271100,transit,0.765,42,0.4807,"pass_through=2.10, 12,177₸ -> 25,590₸; двусторонний поток",1,2,12177.0,25590.0,0.00029268831446974504,2.10150283321015,1,False,False,1.3163143744327392e-19,-1.4344380690900805e-20,4.0308310203081327e-07,-13413.0,1,True,5.0
100000007507343100,terminal,0.943,50,0.4972,"получил 370,000₸ от 1 за 1 перев., исходящих нет (глубина 1<4) -> деньги осели",1,0,370000.0,0.0,0.0006455234397126381,0.0,1,False,False,-0.0,-1.0374503332064386e-20,0.0,370000.0,1,False,
100000008002020100,peripheral,0.2,11,0.3083,"удерживает средства: получил 73,860₸, отдал 17,000₸ (pass_through=0.23), in_deg=1",1,1,73860.0,17000.0,0.0002991586077209439,0.23016517736257786,1,False,False,2.7368547195201936e-21,1.0100033668708543e-05,1.612332408123253e-06,56860.0,1,False,7.0
100000001872484100,transit,0.834,54,0.7721,"pass_through=0.59, 871,400₸ -> 514,580₸; двусторонний поток",1,3,871400.0,514580.0,0.0023106239591012055,0.5905210006885472,1,False,False,-1.2936140917608684e-19,5.017333010524979e-21,6.046246530462199e-07,356820.0,1,True,2.0
100000008769636100,terminal,0.648,1,0.2234,"получил 23,118₸ от 1 за 1 перев., исходящих нет (глубина 1<4) -> деньги осели",1,0,23118.0,0.0,0.0002917208451058291,0.0,1,False,False,-0.0,-1.1565687896378356e-17,0.0,23118.0,1,False,
100000004135268100,transit,0.884,50,0.777,"pass_through=0.81: получил 1,239,000₸ -> отдал 1,000,200₸, оборот ~0д; цикл=True",2,3,1239000.0,1000200.0,0.0017518525045470592,0.8072639225181598,1,False,False,1.0349596434247499e-19,1.7970401853228943e-19,1.2092493060924398e-06,238800.0,1,True,0.0
100000005316708100,transit,0.564,6,0.5108,"pass_through=2.86, 90,000₸ -> 257,500₸; двусторонний поток",1,2,90000.0,257500.0,0.00029902191166738997,2.861111111111111,1,False,False,2.099042910599303e-06,4.089589904331874e-05,1.2092493060924398e-06,-167500.0,1,False,
100000008671929100,terminal,0.797,2,0.322,"получил 75,000₸ от 1 за 2 перев., исходящих нет (глубина 1<4) -> деньги осели",1,0,75000.0,0.0,0.0003019262531142118,0.0,1,False,False,-0.0,0.00046116796507457663,0.0,75000.0,1,False,
100000005287097100,distributor,0.749,5,0.7553,"разослал на 9 получателей, 697,300₸ за 42 перев., hub=0.0001; out/in по узлам 9/2",2,9,127173.0,697300.0,0.00030406133800166865,5.483082100760382,1,False,False,0.00013971096895633344,0.00033091796293033715,0.000796639145710943,-570127.0,1,True,2.0
100000007283257100,terminal,0.89,63,0.4272,"получил 192,000₸ от 1 за 7 перев., исходящих нет (глубина 1<4) -> деньги осели",1,0,192000.0,0.0,0.0003907901552627011,0.0,1,False,False,-0.0,-7.001547547801168e-20,0.0,192000.0,1,False,
100000004847758100,distributor,0.834,2,0.7564,"разослал на 15 получателей, 488,800₸ за 23 перев., hub=0.0086; out/in по узлам 15/4",4,15,115171.0,488800.0,0.00030610007729982893,4.244123954815014,1,False,False,0.00855769566854348,0.006770186979824092,0.0013818647766974878,-373629.0,1,True,5.0
100000008737422100,terminal,0.8,1,0.3265,"получил 76,903₸ от 1 за 1 перев., исходящих нет (глубина 1<4) -> деньги осели",1,0,76903.0,0.0,0.0003030557452033605,0.0,1,False,False,-0.0,-1.132622643148188e-17,0.0,76903.0,1,False,
100000008555918100,peripheral,0.2,2,0.4001,"удерживает средства: получил 139,211₸, отдал 43,300₸ (pass_through=0.31), in_deg=1",1,2,139211.0,43300.0,0.00031483472095441694,0.3110386391879952,1,False,False,1.0168851872209626e-19,0.00046116796507457663,4.836997224369759e-05,95911.0,1,False,
100000008094734100,consolidator,0.711,0,0.6091,"получил от 4 плательщиков, 236,249₸; authority=0.0023; seed-плательщиков 2, циклы=False",4,0,236249.0,0.0,0.00034565667449792476,0.0,1,False,False,-0.0,0.002335465649868411,0.0,236249.0,2,False,
100000006952718100,terminal,0.793,5,0.2908,"получил 71,489₸ от 1 за 1 перев., исходящих нет (глубина 1<4) -> деньги осели",1,0,71489.0,0.0,0.0002945695358453182,0.0,1,False,False,-0.0,0.0002952416133208389,0.0,71489.0,1,False,
100000005339662100,consolidator,0.597,16,0.9086,"получил от 4 плательщиков, 202,939₸; authority=0.0003; seed-плательщиков 1, циклы=True",4,4,202939.0,295160.0,0.0016671626973838104,1.4544271924075707,1,False,False,0.00012866402220672508,0.00033631555291214723,0.00014201677869060477,-92221.0,1,True,0.0
100000001716579100,terminal,0.583,1,0.184,"получил 13,916₸ от 1 за 1 перев., исходящих нет (глубина 1<4) -> деньги осели",1,0,13916.0,0.0,0.00028978157299097397,0.0,1,False,False,-0.0,-1.1900244142288358e-17,0.0,13916.0,1,False,
100000002774456100,terminal,0.757,9,0.2783,"получил 50,363₸ от 1 за 1 перев., исходящих нет (глубина 1<4) -> деньги осели",1,0,50363.0,0.0,0.00029452379116154013,0.0,1,False,False,-0.0,0.00012279960625589137,0.0,50363.0,1,False,
100000004394765100,consolidator,0.569,5,0.7523,"получил от 3 плательщиков, 603,844₸; authority=0.0004; seed-плательщиков 1, циклы=False",3,2,603844.0,82500.0,0.0003819659048213943,0.13662469114539516,1,False,False,3.741922544861222e-09,0.0003834877994591612,6.628029807726674e-05,521344.0,1,False,1.0
100000004004621100,consolidator,0.646,13,0.4843,"получил от 3 плательщиков, 75,389₸; authority=0.0037; seed-плательщиков 1, циклы=False",3,0,75389.0,0.0,0.00030211548516952813,0.0,1,False,False,-0.0,0.003660802133037811,0.0,75389.0,1,False,
100000000907277100,terminal,0.612,1,0.2022,"получил 17,534₸ от 1 за 1 перев., исходящих нет (глубина 1<4) -> деньги осели",1,0,17534.0,0.0,0.00029054404707395005,0.0,1,False,False,-0.0,-1.1776932896154349e-17,0.0,17534.0,1,False,
100000003835149100,transit,0.69,24,0.6492,"pass_through=18.51, 248,500₸ -> 4,600,440₸; двусторонний поток",1,2,248500.0,4600440.0,0.00049104906790794,18.512837022132796,1,False,False,-6.918481891609196e-20,1.1337099104287554e-19,1.8138739591386597e-06,-4351940.0,1,False,18.0
100000004254434100,terminal,0.73,1,0.2788,"получил 44,445₸ от 1 за 2 перев., исходящих нет (глубина 1<4) -> деньги осели",1,0,44445.0,0.0,0.00029621539589843026,0.0,1,False,False,-0.0,-1.1698305912417447e-17,0.0,44445.0,1,False,
100000003635170100,transit,0.966,32,0.8004,"pass_through=0.94: получил 268,500₸ -> отдал 253,500₸, оборот ~0д; цикл=True",3,4,268500.0,253500.0,0.0011525534675578017,0.9441340782122905,1,False,False,1.4085383903449372e-20,0.00012479516816602576,0.00019126293191362088,15000.0,1,True,0.0
100000006687202100,terminal,0.752,0,0.2863,"получил 50,000₸ от 1 за 1 перев., исходящих нет (глубина 1<4) -> деньги осели",1,0,50000.0,0.0,0.0002962692607087848,0.0,1,False,False,-0.0,0.0021516816268908226,0.0,50000.0,1,False,
100000006030946100,terminal,0.795,1,0.3229,"получил 73,289₸ от 1 за 1 перев., исходящих нет (глубина 1<4) -> деньги осели",1,0,73289.0,0.0,0.00030229411409891726,0.0,1,False,False,-0.0,-1.2143378285240614e-17,0.0,73289.0,1,False,
100000002615479100,terminal,0.904,7,0.3787,"получил 220,000₸ от 1 за 1 перев., исходящих нет (глубина 1<4) -> деньги осели",1,0,220000.0,0.0,0.0003105762268622383,0.0,1,False,False,-0.0,2.274780546012049e-05,0.0,220000.0,1,False,
100000002952631100,terminal,0.743,5,0.2579,"получил 48,050₸ от 1 за 1 перев., исходящих нет (глубина 1<4) -> деньги осели",1,0,48050.0,0.0,0.0002920381654288366,0.0,1,False,False,-0.0,0.00029524161332083836,0.0,48050.0,1,False,
100000002890167100,terminal,0.846,5,0.3311,"получил 118,150₸ от 1 за 1 перев., исходящих нет (глубина 1<4) -> деньги осели",1,0,118150.0,0.0,0.0002996088410632649,0.0,1,False,False,-0.0,0.00029524161332083895,0.0,118150.0,1,False,
100000008687671100,terminal,0.714,1,0.2655,"получил 37,500₸ от 1 за 1 перев., исходящих нет (глубина 1<4) -> деньги осели",1,0,37500.0,0.0,0.000294751774420744,0.0,1,False,False,-0.0,-1.1791745380656872e-17,0.0,37500.0,1,False,
100000000810551100,peripheral,0.2,2,0.3743,"удерживает средства: получил 100,000₸, отдал 7,100₸ (pass_through=0.07), in_deg=1",1,1,100000.0,7100.0,0.00030695205392723647,0.071,1,False,False,-7.954385465060311e-22,0.00046116796507457663,7.902668150370777e-05,92900.0,1,False,
100000008724279100,terminal,0.571,5,0.1661,"получил 11,750₸ от 1 за 1 перев., исходящих нет (глубина 1<4) -> деньги осели",1,0,11750.0,0.0,0.00028811782982926813,0.0,1,False,False,-0.0,0.0002952416133208384,0.0,11750.0,1,False,
100000002592567100,transit,0.467,5,0.4241,"pass_through=9.18, 5,297₸ -> 48,600₸; двусторонний поток",1,2,5297.0,48600.0,0.00028742091727764233,9.175004719652634,1,False,False,1.40857352201311e-06,0.00029524161332083847,0.0007325871426957816,-43303.0,1,False,9.0
100000002670860100,terminal,0.956,12,0.3996,"получил 450,000₸ от 2 за 2 перев., исходящих нет (глубина 1<4) -> деньги осели",2,0,450000.0,0.0,0.0003103236198613487,0.0,1,False,False,-0.0,4.720828643396293e-06,0.0,450000.0,1,False,
100000002844897100,terminal,0.567,7,0.1641,"получил 10,800₸ от 1 за 1 перев., исходящих нет (глубина 1<4) -> деньги осели",1,0,10800.0,0.0,0.0002880136491425046,0.0,1,False,False,-0.0,2.274780546012057e-05,0.0,10800.0,1,False,
100000007938486100,terminal,0.718,1,0.2698,"получил 39,500₸ от 1 за 1 перев., исходящих нет (глубина 1<4) -> деньги осели",1,0,39500.0,0.0,0.00029517326368717634,0.0,1,False,False,-0.0,-1.1282259592816415e-17,0.0,39500.0,1,False,
100000008438656100,peripheral,0.2,2,0.3269,"удерживает средства: получил 80,000₸, отдал 5,000₸ (pass_through=0.06), in_deg=2",2,1,80000.0,5000.0,0.0002987190295914085,0.0625,1,False,False,-2.1600869858721972e-22,0.0034013420452447354,2.4184986121848794e-05,75000.0,1,False,0.0
100000008304139100,distributor,0.932,2,0.7876,"разослал на 24 получателей, 1,692,997₸ за 43 перев., hub=0.0076; out/in по узлам 24/4",4,24,189329.75,1692997.0,0.00031501336655354387,8.942054801213228,1,False,False,0.00762871168447618,0.005756709722934645,0.001332752984527783,-1503667.25,1,True,4.0
100000002597003100,transit,0.346,0,0.38,"pass_through=0.62, 17,700₸ -> 11,000₸; двусторонний поток",1,1,17700.0,11000.0,0.00029018367582704885,0.6214689265536724,1,False,False,-8.722096517165852e-21,0.002151681626890823,1.9549530448494444e-05,6700.0,1,False,
100000002830055100,terminal,0.584,1,0.1846,"получил 14,000₸ от 1 за 1 перев., исходящих нет (глубина 1<4) -> деньги осели",1,0,14000.0,0.0,0.0002897992755401641,0.0,1,False,False,-0.0,-1.1575155915775418e-17,0.0,14000.0,1,False,
100000004299488100,consolidator,0.745,0,0.9047,"получил от 6 плательщиков, 1,749,000₸; authority=0.0081; seed-плательщиков 1, циклы=True",6,2,1749000.0,344999.0,0.0014677101163357964,0.19725500285877645,1,False,False,0.004642303929142994,0.008068516179620839,2.1161862856617695e-05,1404001.0,1,True,0.0
100000002809568100,terminal,0.557,0,0.1662,"получил 10,000₸ от 1 за 1 перев., исходящих нет (глубина 1<4) -> деньги осели",1,0,10000.0,0.0,0.0002887329326818672,0.0,1,False,False,-0.0,0.0021516816268908217,0.0,10000.0,1,False,
100000004784224100,transit,0.59,24,0.4936,"pass_through=4.26, 23,500₸ -> 100,000₸; двусторонний поток",1,1,23500.0,100000.0,0.00030615953520218354,4.25531914893617,1,False,False,2.6481333490702692e-21,-1.7872558832352313e-19,2.0154155101540663e-07,-76500.0,1,False,5.0
100000003123296100,terminal,0.81,11,0.3248,"получил 86,200₸ от 1 за 2 перев., исходящих нет (глубина 1<4) -> деньги осели",1,0,86200.0,0.0,0.0003012152337965633,0.0,1,False,False,-0.0,1.0100033668708656e-05,0.0,86200.0,1,False,
100000004130144100,terminal,0.896,6,0.3452,"получил 200,000₸ от 1 за 1 перев., исходящих нет (глубина 1<4) -> деньги осели",1,0,200000.0,0.0,0.00029836624764795243,0.0,1,False,False,-0.0,4.341415009039956e-06,0.0,200000.0,1,False,
100000001253557100,consolidator,0.565,10,0.5775,"получил от 5 плательщиков, 210,200₸; authority=0.0000; seed-плательщиков 1, циклы=False",5,0,210200.0,0.0,0.0003526280508538806,0.0,1,False,False,-0.0,4.141702257363308e-05,0.0,210200.0,1,False,
100000008767925100,terminal,0.608,1,0.1999,"получил 17,144₸ от 1 за 1 перев., исходящих нет (глубина 1<4) -> деньги осели",1,0,17144.0,0.0,0.00029046185666699575,0.0,1,False,False,-0.0,-1.089445934624528e-17,0.0,17144.0,1,False,
100000007181706100,terminal,0.881,2,0.3881,"получил 176,272₸ от 2 за 2 перев., исходящих нет (глубина 1<4) -> деньги осели",2,0,176272.0,0.0,0.0003204792128221101,0.0,1,False,False,-0.0,0.003366949620291072,0.0,176272.0,1,False,
100000003366154100,transit,0.603,2,0.5849,"pass_through=2.31, 125,000₸ -> 289,170₸; двусторонний поток",1,3,125000.0,289170.0,0.00031197785474026117,2.31336,1,False,False,5.354068946843161e-05,0.0004611679650745767,6.252016556059147e-05,-164170.0,1,False,0.0
100000007641183100,terminal,0.679,5,0.215,"получил 28,000₸ от 1 за 1 перев., исходящих нет (глубина 1<4) -> деньги осели",1,0,28000.0,0.0,0.00028987280099987384,0.0,1,False,False,-0.0,0.00029524161332083803,0.0,28000.0,1,False,
100000008663007100,terminal,0.584,1,0.1846,"получил 14,000₸ от 1 за 1 перев., исходящих нет (глубина 1<4) -> деньги осели",1,0,14000.0,0.0,0.0002897992755401641,0.0,1,False,False,-0.0,-1.1590024351766083e-17,0.0,14000.0,1,False,
100000007334196100,terminal,0.869,9,0.3647,"получил 150,002₸ от 1 за 1 перев., исходящих нет (глубина 1<4) -> деньги осели",1,0,150002.0,0.0,0.0003097080215514025,0.0,1,False,False,-0.0,0.00012279960625589137,0.0,150002.0,1,False,
100000003873332100,transit,0.51,17,0.5189,"pass_through=12.19, 23,468₸ -> 286,000₸; двусторонний поток",1,4,23468.0,286000.0,0.0002912704143285304,12.186807567751833,1,False,False,2.2929437652905376e-19,0.002151681626890824,0.0009088678199501039,-262532.0,1,False,13.0
100000001550388100,terminal,0.752,0,0.2863,"получил 50,000₸ от 1 за 1 перев., исходящих нет (глубина 1<4) -> деньги осели",1,0,50000.0,0.0,0.0002962692607087848,0.0,1,False,False,-0.0,0.002151681626890823,0.0,50000.0,1,False,
100000008718089100,terminal,0.598,1,0.1932,"получил 15,534₸ от 1 за 1 перев., исходящих нет (глубина 1<4) -> деньги осели",1,0,15534.0,0.0,0.00029012255780751776,0.0,1,False,False,-0.0,-1.1371233269174002e-17,0.0,15534.0,1,False,
100000008728457100,terminal,0.733,9,0.2663,"получил 45,000₸ от 1 за 1 перев., исходящих нет (глубина 1<4) -> деньги осели",1,0,45000.0,0.0,0.00029370651050255285,0.0,1,False,False,-0.0,0.00012279960625589118,0.0,45000.0,1,False,
100000004206046100,terminal,0.57,5,0.1652,"получил 11,075₸ от 1 за 1 перев., исходящих нет (глубина 1<4) -> деньги осели",1,0,11075.0,0.0,0.00028804493102679683,0.0,1,False,False,-0.0,0.00029524161332083874,0.0,11075.0,1,False,
100000006579678100,distributor,0.705,5,0.8772,"разослал на 6 получателей, 1,668,800₸ за 15 перев., hub=0.0000; out/in по узлам 6/2",2,6,192930.0,1668800.0,0.0006283224398262299,8.649769346395066,1,False,False,1.0087891372396396e-05,0.00029760217313452413,0.00045663496441757985,-1475870.0,1,True,4.0
100000002988894100,peripheral,0.2,2,0.4565,"удерживает средства: получил 306,121₸, отдал 77,500₸ (pass_through=0.25), in_deg=1",1,3,306121.0,77500.0,0.0003483889775024948,0.25316786499456095,1,False,False,1.742834427671737e-19,0.00046116796507457636,7.255495836554638e-05,228621.0,1,False,0.0
100000008749406100,terminal,0.608,1,0.1999,"получил 17,144₸ от 1 за 1 перев., исходящих нет (глубина 1<4) -> деньги осели",1,0,17144.0,0.0,0.00029046185666699575,0.0,1,False,False,-0.0,-1.1771410707281325e-17,0.0,17144.0,1,False,
100000005584222100,transit,0.807,0,0.7624,"pass_through=0.56, 192,717₸ -> 108,587₸; двусторонний поток",2,2,192717.0,108587.0,0.0008793968910150201,0.5634531463233653,1,False,False,1.4757773415486544e-20,0.002168885072987577,3.930060244800429e-05,84130.0,1,True,1.0
100000003239859100,terminal,0.62,11,0.198,"получил 18,600₸ от 1 за 1 перев., исходящих нет (глубина 1<4) -> деньги осели",1,0,18600.0,0.0,0.00028994878949252197,0.0,1,False,False,-0.0,1.0100033668708324e-05,0.0,18600.0,1,False,
100000003980083100,terminal,0.689,68,0.3817,"получил 30,000₸ от 1 за 1 перев., исходящих нет (глубина 1<4) -> деньги осели",1,0,30000.0,0.0,0.0005309030338467363,0.0,1,False,False,-0.0,-8.955183345131248e-21,0.0,30000.0,1,False,
100000004351795100,distributor,0.826,0,0.7883,"разослал на 14 получателей, 1,715,161₸ за 37 перев., hub=0.0028; out/in по узлам 14/3",3,14,118333.0,1715161.0,0.0003149083893976022,14.494359139039828,1,False,False,0.0027753550197294934,0.0040155535128196425,0.0024701276217512446,-1596828.0,1,True,11.0
100000002666248100,terminal,0.792,2,0.3168,"получил 70,032₸ от 1 за 1 перев., исходящих нет (глубина 1<4) -> деньги осели",1,0,70032.0,0.0,0.0003009275259766476,0.0,1,False,False,-0.0,0.00046116796507457663,0.0,70032.0,1,False,
100000005877725100,terminal,0.79,1,0.3188,"получил 70,000₸ от 1 за 1 перев., исходящих нет (глубина 1<4) -> деньги осели",1,0,70000.0,0.0,0.00030160097500026934,0.0,1,False,False,-0.0,-1.1066792345717424e-17,0.0,70000.0,1,False,
100000001697501100,distributor,0.495,1,0.8687,"разослал на 38 получателей, 1,482,606₸ за 55 перев., hub=-0.0000; out/in по узлам 38/3",3,38,123700.0,1482606.0,0.0005941641771451349,11.98549717057397,1,False,False,-7.370794616778683e-18,-3.5941439647795575e-17,0.00020899858840297669,-1358906.0,1,True,4.5
100000006972210100,consolidator,0.677,7,0.6641,"получил от 3 плательщиков, 488,775₸; authority=0.0002; seed-плательщиков 3, циклы=False",3,0,488775.0,0.0,0.00034784175675524234,0.0,1,False,False,-0.0,0.00018644331075933087,0.0,488775.0,3,False,
100000008749618100,terminal,0.742,1,0.285,"получил 47,280₸ от 1 за 1 перев., исходящих нет (глубина 1<4) -> деньги осели",1,0,47280.0,0.0,0.00029681285693359806,0.0,1,False,False,-0.0,-1.1945132472031755e-17,0.0,47280.0,1,False,
100000008671026100,terminal,0.651,1,0.2251,"получил 23,534₸ от 1 за 1 перев., исходящих нет (глубина 1<4) -> деньги осели",1,0,23534.0,0.0,0.0002918085148732471,0.0,1,False,False,-0.0,-1.1868967124839908e-17,0.0,23534.0,1,False,
100000001696818100,terminal,0.765,2,0.3041,"получил 53,550₸ от 1 за 1 перев., исходящих нет (глубина 1<4) -> деньги осели",1,0,53550.0,0.0,0.0003001731117842158,0.0,1,False,False,-0.0,6.780076054127215e-05,0.0,53550.0,1,False,
100000008679986100,terminal,0.621,1,0.2079,"получил 19,000₸ от 1 за 1 перев., исходящих нет (глубина 1<4) -> деньги осели",1,0,19000.0,0.0,0.00029085299870624495,0.0,1,False,False,-0.0,-1.1455517347697183e-17,0.0,19000.0,1,False,
100000003616818100,consolidator,0.365,23,0.8076,"получил от 3 плательщиков, 78,000₸; authority=0.0000; seed-плательщиков 1, циклы=True",3,3,78000.0,240100.0,0.0005152127057006626,3.0782051282051284,1,False,False,1.0227023321310579e-19,5.276571564274332e-19,2.0154155101540663e-06,-162100.0,1,True,4.0
100000004156082100,coordinator,0.977,16,0.985,"betweenness=0.0021(топ~2%), pagerank=0.0009, мост: получает от 5, шлёт 26; seed-плательщиков 1",5,26,377366.11,2319556.0,0.0008706976397489575,6.146699288921308,1,False,False,0.0019143844609469621,7.739634815818576e-06,0.002074985513245345,-1942189.8900000001,1,True,0.0
100000008667058100,terminal,0.612,1,0.2022,"получил 17,534₸ от 1 за 1 перев., исходящих нет (глубина 1<4) -> деньги осели",1,0,17534.0,0.0,0.00029054404707395005,0.0,1,False,False,-0.0,-1.1474124282534903e-17,0.0,17534.0,1,False,
100000008628231100,transit,0.554,64,0.5531,"pass_through=12.56, 50,000₸ -> 627,870₸; двусторонний поток",1,2,50000.0,627870.0,0.0002969004523011872,12.5574,1,False,False,-2.9485527953524564e-20,0.00046116796507457604,4.836997224369759e-05,-577870.0,1,False,3.0
100000008749063100,terminal,0.621,1,0.2079,"получил 19,000₸ от 1 за 1 перев., исходящих нет (глубина 1<4) -> деньги осели",1,0,19000.0,0.0,0.00029085299870624495,0.0,1,False,False,-0.0,-1.1800693438696134e-17,0.0,19000.0,1,False,
100000004494983100,terminal,0.707,1,0.2597,"получил 35,000₸ от 1 за 1 перев., исходящих нет (глубина 1<4) -> деньги осели",1,0,35000.0,0.0,0.0002942249128377036,0.0,1,False,False,-0.0,-1.1736530096899073e-17,0.0,35000.0,1,False,
100000007648946100,transit,0.553,13,0.3922,"pass_through=1.28: получил 19,550₸ -> отдал 25,000₸, оборот ~3д; цикл=False",1,1,19550.0,25000.0,0.0002905322309982938,1.278772378516624,1,False,False,6.056208518751423e-05,0.0021516816268908226,2.9630022099315966e-06,-5450.0,1,False,3.0
100000003037660100,terminal,0.763,2,0.2951,"получил 53,000₸ от 1 за 1 перев., исходящих нет (глубина 1<4) -> деньги осели",1,0,53000.0,0.0,0.00029750354839875014,0.0,1,False,False,-0.0,0.000461167965074577,0.0,53000.0,1,False,
100000002679516100,consolidator,0.541,11,0.5392,"получил от 3 плательщиков, 102,335₸; authority=0.0002; seed-плательщиков 1, циклы=False",3,0,102335.0,0.0,0.00032827612392373126,0.0,1,False,False,-0.0,0.00015523711606143687,0.0,102335.0,1,False,
100000005588444100,terminal,0.575,6,0.1636,"получил 12,300₸ от 1 за 1 перев., исходящих нет (глубина 1<4) -> деньги осели",1,0,12300.0,0.0,0.00028755717058896594,0.0,1,False,False,-0.0,4.341415009040254e-06,0.0,12300.0,1,False,
100000001307612100,terminal,0.716,1,0.2677,"получил 38,483₸ от 1 за 1 перев., исходящих нет (глубина 1<4) -> деньги осели",1,0,38483.0,0.0,0.0002949589363951955,0.0,1,False,False,-0.0,-1.1902432626365152e-17,0.0,38483.0,1,False,
100000003001564100,transit,0.485,5,0.4453,"pass_through=7.65, 23,520₸ -> 180,000₸; двусторонний поток",1,1,23520.0,180000.0,0.00028938896894791606,7.653061224489796,1,False,False,-2.006418280269051e-21,0.0002952416133208384,1.9549530448494444e-05,-156480.0,1,False,5.0
100000002762076100,peripheral,0.2,6,0.3607,"удерживает средства: получил 140,350₸, отдал 30,000₸ (pass_through=0.21), in_deg=2",2,1,140350.0,30000.0,0.0003004831723747159,0.21375133594584966,1,False,False,-1.3979251848507365e-21,1.4441448677749064e-05,4.0308310203081327e-07,110350.0,2,False,
100000005514161100,consolidator,0.491,6,0.7975,"получил от 4 плательщиков, 401,500₸; authority=0.0000; seed-плательщиков 1, циклы=False",4,1,401500.0,50000.0,0.0008096380965182412,0.12453300124533001,1,False,False,-2.406773245107639e-22,4.456765853894958e-06,4.1114476407142956e-05,351500.0,1,False,
100000008746673100,terminal,0.764,1,0.2976,"получил 53,048₸ от 1 за 1 перев., исходящих нет (глубина 1<4) -> деньги осели",1,0,53048.0,0.0,0.0002980284319779889,0.0,1,False,False,-0.0,-1.1307323341238923e-17,0.0,53048.0,1,False,
100000003265158100,consolidator,0.544,11,0.7733,"получил от 3 плательщиков, 146,100₸; authority=0.0000; seed-плательщиков 2, циклы=False",3,2,146100.4,154200.0,0.00038636931391150764,1.055438588806054,1,False,False,-4.534674156781272e-20,1.9470593065390958e-05,0.0001795735219547273,-8099.600000000006,2,False,0.0
100000001567366100,terminal,0.984,5,0.4607,"получил 824,070₸ от 1 за 4 перев., исходящих нет (глубина 1<4) -> деньги осели",1,0,824070.0,0.0,0.00037584694867889444,0.0,1,False,False,-0.0,0.0002952416133208385,0.0,824070.0,1,False,
100000008777088100,terminal,0.617,1,0.2051,"получил 18,000₸ от 1 за 1 перев., исходящих нет (глубина 1<4) -> деньги осели",1,0,18000.0,0.0,0.0002906422540730288,0.0,1,False,False,-0.0,-1.1683937699178308e-17,0.0,18000.0,1,False,
100000002589019100,terminal,0.706,11,0.2498,"получил 34,710₸ от 1 за 1 перев., исходящих нет (глубина 1<4) -> деньги осели",1,0,34710.0,0.0,0.0002926337365004821,0.0,1,False,False,-0.0,1.0100033668708348e-05,0.0,34710.0,1,False,
100000008666075100,terminal,0.675,1,0.2366,"получил 26,217₸ от 1 за 1 перев., исходящих нет (глубина 1<4) -> деньги осели",1,0,26217.0,0.0,0.000292373942724166,0.0,1,False,False,-0.0,-1.1916083415872652e-17,0.0,26217.0,1,False,
100000008137435100,distributor,0.749,22,0.7811,"разослал на 6 получателей, 1,419,700₸ за 7 перев., hub=0.0049; out/in по узлам 6/2",2,6,93906.0,1419700.0,0.0003156749122344252,15.118309799160864,1,False,False,0.004931742069564179,0.002794497311517578,0.00030352157582920236,-1325794.0,1,True,19.0
100000004403675100,coordinator,0.863,20,0.9881,"betweenness=0.0028(топ~2%), pagerank=0.0007, мост: получает от 4, шлёт 5; seed-плательщиков 2",4,5,182980.0,264699.0,0.0007431580732801593,1.4466007213903158,1,False,False,0.00010061852340628613,0.002216423742261009,0.002835432608431344,-81719.0,2,True,0.0
100000004677680100,transit,0.987,9,0.7606,"pass_through=2.67, 63,000₸ -> 168,000₸; двусторонний поток",2,1,63000.0,168000.0,0.0010991088713129958,2.6666666666666665,1,False,False,-2.7883743895346604e-21,0.00012378934530590148,4.192064261120458e-05,-105000.0,1,True,1.0
100000005958064100,transit,0.467,14,0.4385,"pass_through=28.54, 5,746₸ -> 163,987₸; двусторонний поток",1,2,5746.0,163986.84,0.000287469408481064,28.539303863557258,1,False,False,2.7483881891234986e-08,0.00029524161332083906,2.5558713095011674e-05,-158240.84,1,False,26.0
100000002881669100,terminal,0.62,11,0.198,"получил 18,600₸ от 1 за 1 перев., исходящих нет (глубина 1<4) -> деньги осели",1,0,18600.0,0.0,0.00028994878949252197,0.0,1,False,False,-0.0,1.0100033668708399e-05,0.0,18600.0,1,False,
100000002938501100,transit,0.308,5,0.322,"pass_through=0.60, 8,395₸ -> 5,000₸; двусторонний поток",1,1,8395.0,5000.0,0.0002877554957814292,0.5955926146515783,1,False,False,1.1976942066211298e-06,0.00029524161332083836,1.8251334958819943e-05,3395.0,1,False,
100000006734554100,transit,0.606,29,0.4663,"pass_through=1.52, 16,500₸ -> 25,000₸; двусторонний поток",1,1,16500.0,25000.0,0.0003133229719587711,1.5151515151515151,1,False,False,2.131516272957154e-20,4.238544508864535e-20,6.046246530462199e-07,-8500.0,1,False,19.0
100000008003034100,transit,0.473,13,0.4665,"pass_through=11.06, 12,201₸ -> 135,000₸; двусторонний поток",1,4,12201.0,135000.0,0.00028816653702914155,11.064666830587656,1,False,False,9.144384937278325e-05,0.0002952416133208386,0.0020272859617955215,-122799.0,1,False,6.0
100000003970394100,terminal,0.809,11,0.3233,"получил 85,000₸ от 1 за 1 перев., исходящих нет (глубина 1<4) -> деньги осели",1,0,85000.0,0.0,0.0003010152377438288,0.0,1,False,False,-0.0,1.0100033668708361e-05,0.0,85000.0,1,False,
100000003205210100,terminal,0.857,2,0.3695,"получил 137,563₸ от 1 за 1 перев., исходящих нет (глубина 1<4) -> деньги осели",1,0,137563.0,0.0,0.00031450342016482236,0.0,1,False,False,-0.0,0.0004611679650745768,0.0,137563.0,1,False,
100000004559194100,terminal,0.925,5,0.3987,"получил 282,145₸ от 1 за 6 перев., исходящих нет (глубина 1<4) -> деньги осели",1,0,282145.0,0.0,0.0003173200101170177,0.0,1,False,False,-0.0,0.0002952416133208386,0.0,282145.0,1,False,
100000008173359100,terminal,0.531,5,0.1504,"получил 6,110₸ от 1 за 1 перев., исходящих нет (глубина 1<4) -> деньги осели",1,0,6110.0,0.0,0.0002875087198352856,0.0,1,False,False,-0.0,0.0002952416133208383,0.0,6110.0,1,False,
100000007953156100,transit,0.51,14,0.5064,"pass_through=0.56, 18,000₸ -> 10,000₸; двусторонний поток",1,1,18000.0,10000.0,0.0004798654843226397,0.5555555555555556,2,False,False,1.0714332421423763e-23,-3.6524390549583827e-20,2.0154155101540664e-05,8000.0,0,False,11.0
100000002224132100,consolidator,0.217,24,0.8684,"получил от 5 плательщиков, 3,951,020₸; authority=-0.0000; seed-плательщиков 0, циклы=True",5,4,3951020.0,12115000.0,0.006085461634461983,3.0662968043695047,2,False,False,1.554523176001612e-19,-1.5831985038824836e-19,6.348558856985309e-06,-8163980.0,0,True,0.0
100000008547844100,distributor,0.84,10,0.784,"разослал на 19 получателей, 2,042,199₸ за 21 перев., hub=0.0000; out/in по узлам 19/3",3,19,177600.0,2042199.0,0.0003458688283982454,11.498868243243244,2,False,False,1.401898001545815e-05,3.282746562843536e-06,0.0018182356452656127,-1864599.0,0,True,1.0
100000002635780100,terminal,0.875,6,0.43,"получил 163,000₸ от 1 за 1 перев., исходящих нет (глубина 2<4) -> деньги осели",1,0,163000.02,0.0,0.0005578057086288512,0.0,2,False,False,-0.0,-2.7090558319897525e-21,0.0,163000.02,0,False,
100000001279875100,terminal,0.747,12,0.2817,"получил 49,235₸ от 1 за 1 перев., исходящих нет (глубина 2<4) -> деньги осели",1,0,49235.0,0.0,0.00030462783360401413,0.0,2,False,False,-0.0,4.0882453973294296e-08,0.0,49235.0,0,False,
100000001961048100,terminal,0.867,30,0.3247,"получил 150,000₸ от 1 за 1 перев., исходящих нет (глубина 2<4) -> деньги осели",1,0,150000.0,0.0,0.00030566555814603226,0.0,2,False,False,-0.0,3.8766879522065584e-07,0.0,150000.0,0,False,
100000000993112100,terminal,0.862,33,0.3968,"получил 141,000₸ от 1 за 1 перев., исходящих нет (глубина 2<4) -> деньги осели",1,0,141000.0,0.0,0.00044304475091750723,0.0,2,False,False,-0.0,-9.69845156233135e-20,0.0,141000.0,0,False,
100000005547096100,transit,0.983,45,0.6898,"pass_through=28.29, 8,000₸ -> 226,300₸; двусторонний поток",1,2,8000.0,226300.0,0.0008957944572170969,28.2875,2,False,False,1.5533519061861278e-19,-1.8079965349976118e-20,4.0308310203081327e-07,-218300.0,0,True,
100000000331309100,coordinator,0.981,4,0.9582,"betweenness=0.0046(топ~2%), pagerank=0.0009, мост: получает от 5, шлёт 99; seed-плательщиков 0",5,99,984635.0,23001375.0,0.0008793827745051861,23.360306103276848,2,False,False,0.15776904400718947,0.0002278474455725849,0.004635309682700266,-22016740.0,0,True,2.0
100000006684930100,terminal,0.557,13,0.2051,"получил 10,000₸ от 1 за 1 перев., исходящих нет (глубина 2<4) -> деньги осели",1,0,10000.0,0.0,0.00030006513982134506,0.0,2,False,False,-0.0,4.876477815540964e-08,0.0,10000.0,0,False,
100000004479404100,peripheral,0.2,47,0.6126,"удерживает средства: получил 1,492,000₸, отдал 300,000₸ (pass_through=0.20), in_deg=2",2,1,1492000.0,300000.0,0.0008705522657429222,0.20107238605898123,2,False,False,6.390457835745008e-23,9.352123925619172e-05,9.774765224247222e-05,1192000.0,0,True,15.5
100000004134060100,terminal,0.812,18,0.3396,"получил 88,179₸ от 1 за 1 перев., исходящих нет (глубина 2<4) -> деньги осели",1,0,88179.0,0.0,0.0003294701337184725,0.0,2,False,False,-0.0,5.7042373490870196e-08,0.0,88179.0,0,False,
100000001083990100,terminal,0.748,11,0.3667,"получил 49,900₸ от 1 за 2 перев., исходящих нет (глубина 2<4) -> деньги осели",1,0,49900.0,0.0,0.0005043133556429473,0.0,2,False,False,-0.0,-4.0459996852952955e-21,0.0,49900.0,0,False,
100000004573782100,terminal,0.592,6,0.2433,"получил 15,000₸ от 1 за 1 перев., исходящих нет (глубина 2<4) -> деньги осели",1,0,15000.0,0.0,0.00031127474699081957,0.0,2,False,False,-0.0,-2.914143214648611e-19,0.0,15000.0,0,False,
100000005660203100,peripheral,0.2,5,0.5775,"удерживает средства: получил 572,899₸, отдал 41,000₸ (pass_through=0.07), in_deg=1",1,2,572899.0,41000.0,0.0009530464731684009,0.07156584319400104,2,False,False,0.00014311752688760153,-2.2219365223985084e-20,1.975107199950985e-05,531899.0,0,True,1.0
100000008771627100,terminal,0.604,1,0.1844,"получил 16,500₸ от 1 за 1 перев., исходящих нет (глубина 2<4) -> деньги осели",1,0,16500.0,0.0,0.0002924757034765415,0.0,2,False,False,-0.0,1.8400583636373642e-20,0.0,16500.0,0,False,
100000000031787100,transit,1.0,6,0.6306,"pass_through=1.00: получил 90,000₸ -> отдал 90,000₸, оборот ~2д; цикл=True",1,2,90000.0,90000.0,0.0004334042285692282,1.0,2,False,False,1.8776030584273621e-06,1.665797538551109e-19,4.0308310203081327e-07,0.0,0,True,2.0
100000001346560100,transit,0.723,2,0.5478,"pass_through=2.22, 10,000₸ -> 22,200₸; двусторонний поток",2,1,10000.0,22200.0,0.0005891553059540454,2.22,2,False,False,-2.987778538264257e-22,2.8008882573365825e-20,2.6200401632002863e-05,-12200.0,0,False,2.0
100000001703168100,transit,0.535,2,0.4378,"pass_through=2.00, 45,000₸ -> 90,000₸; двусторонний поток",1,1,45000.0,90000.0,0.0002939729881197745,2.0,2,False,False,-2.7732129203733616e-22,0.0001421681959280049,1.9549530448494444e-05,-45000.0,0,False,2.0
100000004904960100,terminal,0.699,0,0.385,"получил 32,000₸ от 2 за 2 перев., исходящих нет (глубина 2<4) -> деньги осели",2,0,32000.0,0.0,0.0007812763224699222,0.0,2,False,False,-0.0,-4.508747893596372e-20,0.0,32000.0,0,False,
100000004467157100,peripheral,0.2,34,0.2965,"удерживает средства: получил 20,000₸, отдал 7,000₸ (pass_through=0.35), in_deg=1",1,1,20000.0,7000.0,0.00038823565156986524,0.35,2,False,False,0.0009306950229767188,3.649590229344691e-09,0.0,13000.0,0,True,16.0
100000008346837100,distributor,0.94,13,0.8377,"разослал на 25 получателей, 1,258,643₸ за 26 перев., hub=0.0139; out/in по узлам 25/9",9,25,254359.0,1258643.0,0.0005497850035412777,4.948293553599441,2,False,False,0.01392256679127172,0.0002079059442775031,0.009135023615963252,-1004284.0,0,True,0.0
100000006385877100,transit,0.869,7,0.5784,"pass_through=0.68, 53,707₸ -> 36,603₸; двусторонний поток",1,1,53706.62,36602.93,0.0021366719296378807,0.6815347903107661,2,False,False,9.838751086440313e-06,2.9446704954402765e-21,0.0,17103.690000000002,0,True,0.0
100000002459093100,peripheral,0.2,25,0.4133,"удерживает средства: получил 500,000₸, отдал 55,000₸ (pass_through=0.11), in_deg=1",1,1,500000.0,55000.0,0.0003909707696326587,0.11,2,False,False,1.0226726325332328e-20,4.282827841856498e-07,1.2092493060924398e-06,445000.0,0,False,
100000005053653100,peripheral,0.2,13,0.3216,"удерживает средства: получил 63,073₸, отдал 25,000₸ (pass_through=0.40), in_deg=2",2,1,63073.0,25000.0,0.0003149974032434689,0.3963661154535221,2,False,False,1.3050755305929906e-20,0.00041894077140227205,1.9549530448494444e-05,38073.0,0,False,
100000001557930100,terminal,0.705,6,0.2229,"получил 34,610₸ от 1 за 1 перев., исходящих нет (глубина 2<4) -> деньги осели",1,0,34610.0,0.0,0.00029343625528440353,0.0,2,False,False,-0.0,2.872141297084734e-05,0.0,34610.0,0,False,
100000002820010100,terminal,0.689,6,0.2114,"получил 30,000₸ от 1 за 1 перев., исходящих нет (глубина 2<4) -> деньги осели",1,0,30000.0,0.0,0.00029255882288773457,0.0,2,False,False,-0.0,2.8721412970847353e-05,0.0,30000.0,0,False,
100000000769919100,terminal,0.916,62,0.4594,"получил 250,000₸ от 1 за 1 перев., исходящих нет (глубина 2<4) -> деньги осели",1,0,250000.0,0.0,0.0007385917129711801,0.0,2,False,False,-0.0,7.035862450425465e-21,0.0,250000.0,0,False,
100000003188607100,peripheral,0.2,6,0.2532,"удерживает средства: получил 18,000₸, отдал 5,000₸ (pass_through=0.28), in_deg=1",1,1,18000.0,5000.0,0.0003161599262539559,0.2777777777777778,2,False,False,-2.1532163709077383e-21,-1.0759754180651266e-20,6.046246530462199e-07,13000.0,0,False,
100000002836052100,terminal,0.592,2,0.2355,"получил 15,000₸ от 1 за 1 перев., исходящих нет (глубина 2<4) -> деньги осели",1,0,15000.0,0.0,0.00030702799179248345,0.0,2,False,False,-0.0,1.8220029058631996e-19,0.0,15000.0,0,False,
100000001102676100,transit,0.72,2,0.5009,"pass_through=1.00: получил 50,000₸ -> отдал 50,000₸, оборот ~0д; цикл=False",1,1,50000.0,50000.0,0.00031442673442636535,1.0,2,False,False,0.000576176695098597,1.50380953989885e-19,2.43865276728642e-05,0.0,0,False,0.0
100000003390036100,peripheral,0.2,9,0.5848,"удерживает средства: получил 231,300₸, отдал 62,000₸ (pass_through=0.27), in_deg=2",2,2,231300.0,62000.0,0.0013293331293250184,0.2680501513186338,2,False,False,-1.8973713124006742e-20,4.037862125750613e-05,7.960891265108562e-05,169300.0,0,True,2.0
100000008335401100,terminal,0.867,8,0.4247,"получил 150,000₸ от 1 за 3 перев., исходящих нет (глубина 2<4) -> деньги осели",1,0,150000.0,0.0,0.0005536444343072912,0.0,2,False,False,-0.0,1.0576199213195615e-19,0.0,150000.0,0,False,
100000006994985100,peripheral,0.2,6,0.3793,"удерживает средства: получил 48,500₸, отдал 10,200₸ (pass_through=0.21), in_deg=1",1,1,48500.0,10200.0,0.0005035182505388553,0.21030927835051547,2,False,False,-1.1437311832832581e-21,2.3525062200308897e-07,1.9952613550525257e-05,38300.0,0,False,1.0
100000008356606100,terminal,0.879,13,0.4404,"получил 168,500₸ от 2 за 2 перев., исходящих нет (глубина 2<4) -> деньги осели",2,0,168500.0,0.0,0.0006295168076387277,0.0,2,False,False,-0.0,1.7177670924312143e-06,0.0,168500.0,0,False,
100000007930878100,terminal,0.516,42,0.291,"получил 5,000₸ от 1 за 1 перев., исходящих нет (глубина 2<4) -> деньги осели",1,0,5000.0,0.0,0.00048566826131267373,0.0,2,False,False,-0.0,2.1382864794082259e-19,0.0,5000.0,0,False,
100000008389800100,distributor,0.733,5,0.7984,"разослал на 7 получателей, 401,620₸ за 8 перев., hub=0.0005; out/in по узлам 7/3",3,7,189000.0,401620.0,0.0005072907109701343,2.124973544973545,2,False,False,0.0005432286755832031,2.582807759114033e-06,0.00016203940701638693,-212620.0,0,True,1.0
100000005474472100,terminal,0.829,24,0.4095,"получил 100,000₸ от 1 за 1 перев., исходящих нет (глубина 2<4) -> деньги осели",1,0,100000.0,0.0,0.0005473363131713977,0.0,2,False,False,-0.0,6.2217447506326105e-21,0.0,100000.0,0,False,
100000004486525100,consolidator,0.646,0,0.7476,"получил от 8 плательщиков, 360,924₸; authority=0.0003; seed-плательщиков 0, циклы=False",8,2,360924.0,271045.0,0.0008092867088737118,0.7509752745730403,2,False,False,0.0004648710747117163,0.0003017568837891719,4.836997224369759e-06,89879.0,0,False,0.0
100000003031890100,terminal,0.902,23,0.4005,"получил 215,000₸ от 1 за 10 перев., исходящих нет (глубина 2<4) -> деньги осели",1,0,215000.0,0.0,0.0003938364463888407,0.0,2,False,False,-0.0,3.7720372827156246e-19,0.0,215000.0,0,False,
100000008624978100,terminal,0.84,18,0.3554,"получил 109,000₸ от 1 за 1 перев., исходящих нет (глубина 2<4) -> деньги осели",1,0,109000.0,0.0,0.0003395339554248342,0.0,2,False,False,-0.0,5.7042373490792395e-08,0.0,109000.0,0,False,
100000000790311100,terminal,0.737,16,0.2695,"получил 46,300₸ от 1 за 1 перев., исходящих нет (глубина 2<4) -> деньги осели",1,0,46300.0,0.0,0.00030163839286252107,0.0,2,False,False,-0.0,3.5676349609498844e-05,0.0,46300.0,0,False,
100000008546855100,consolidator,0.567,17,0.8067,"получил от 6 плательщиков, 71,790₸; authority=0.0002; seed-плательщиков 0, циклы=True",6,2,71790.0,10000.0,0.0014320740761942124,0.1392951664577239,2,False,False,-9.886182452380833e-20,0.00020714168634767475,5.985784065157577e-05,61790.0,0,True,0.5
100000002863356100,peripheral,0.2,1,0.2744,"удерживает средства: получил 45,000₸, отдал 20,000₸ (pass_through=0.44), in_deg=1",1,1,45000.0,20000.0,0.0003021948128607842,0.4444444444444444,2,False,False,-1.6035222454163813e-21,-2.238169566537925e-19,1.4107908571078464e-06,25000.0,0,False,
100000000332284100,consolidator,0.711,4,0.7683,"получил от 10 плательщиков, 107,426₸; authority=0.0004; seed-плательщиков 0, циклы=False",10,3,107426.0,289500.0,0.000720210742355257,2.69487833485376,2,False,False,0.0012820006472910532,0.00035652923611065123,0.0001110070323494966,-182074.0,0,False,0.0
100000002605308100,consolidator,0.317,14,0.6672,"получил от 3 плательщиков, 2,569,522₸; authority=0.0000; seed-плательщиков 0, циклы=False",3,0,2569521.84,0.0,0.0008891489340038767,0.0,2,False,False,-0.0,6.406073019467424e-08,0.0,2569521.84,0,False,
100000005931985100,terminal,0.799,12,0.3161,"получил 76,000₸ от 1 за 1 перев., исходящих нет (глубина 2<4) -> деньги осели",1,0,76000.0,0.0,0.00031429279710744405,0.0,2,False,False,-0.0,4.088245397349291e-08,0.0,76000.0,0,False,
100000001166289100,peripheral,0.2,1,0.4789,"удерживает средства: получил 721,039₸, отдал 25,000₸ (pass_through=0.03), in_deg=2",2,1,721039.0,25000.0,0.0020451081794251795,0.0346721883282319,2,False,False,-1.0101592808311861e-19,-3.456612653067802e-19,0.0,696039.0,0,True,1.0
100000008477350100,coordinator,0.983,0,0.9586,"betweenness=0.0026(топ~2%), pagerank=0.0010, мост: получает от 11, шлёт 39; seed-плательщиков 0",11,39,610100.0,3374866.0,0.0010386088331617233,5.531660383543682,2,False,False,0.06105984305423046,0.0005529343103492898,0.0025603192438946824,-2764766.0,0,True,0.0
100000003824464100,terminal,0.896,22,0.3656,"получил 200,000₸ от 1 за 1 перев., исходящих нет (глубина 2<4) -> деньги осели",1,0,200000.0,0.0,0.0003246863451083126,0.0,2,False,False,-0.0,9.190763811915208e-05,0.0,200000.0,0,False,
100000002738256100,transit,0.901,50,0.5711,"pass_through=1.17: получил 150,200₸ -> отдал 175,000₸, оборот ~1д; цикл=True",1,1,150200.0,175000.0,0.0005102377719203936,1.1651131824234353,2,False,False,7.648661645737093e-20,-2.3917730747975952e-20,0.0,-24800.0,0,True,1.0
100000001857829100,distributor,0.854,3,0.8523,"разослал на 16 получателей, 2,390,993₸ за 16 перев., hub=0.0070; out/in по узлам 16/6",6,16,888535.0,2390993.0,0.0006231476278116454,2.690938454872346,2,False,False,0.006990814178146259,0.0020377594022789993,0.0019931717062415936,-1502458.0,0,True,0.0
100000008672762100,terminal,0.579,1,0.1668,"получил 13,000₸ от 1 за 1 перев., исходящих нет (глубина 2<4) -> деньги осели",1,0,13000.0,0.0,0.00029128212863988013,0.0,2,False,False,-0.0,-1.1003423994262207e-19,0.0,13000.0,0,False,
100000001737722100,terminal,0.778,2,0.3188,"получил 60,460₸ от 1 за 1 перев., исходящих нет (глубина 2<4) -> деньги осели",1,0,60460.0,0.0,0.0003201960277071221,0.0,2,False,False,-0.0,-1.254858497904286e-19,0.0,60460.0,0,False,
100000005572303100,peripheral,0.2,5,0.3409,"удерживает средства: получил 75,000₸, отдал 20,000₸ (pass_through=0.27), in_deg=1",1,1,75000.0,20000.0,0.0003146741491364041,0.26666666666666666,2,False,False,-1.492733519492626e-21,2.6036449179608273e-06,3.909906089698889e-05,55000.0,0,False,
100000008733049100,terminal,0.557,16,0.1476,"получил 10,000₸ от 1 за 1 перев., исходящих нет (глубина 2<4) -> деньги осели",1,0,10000.0,0.0,0.00029004313624476707,0.0,2,False,False,-0.0,3.5676349609498586e-05,0.0,10000.0,0,False,
100000000850297100,transit,1.0,9,0.3719,"pass_through=1.00: получил 17,520₸ -> отдал 17,520₸, оборот ~0д; цикл=True",1,1,17520.0,17520.0,0.0002952309161654955,1.0,2,False,False,9.759457887089672e-06,2.3228134124633243e-05,0.0,0.0,0,True,0.0
100000005140601100,consolidator,0.539,3,0.8342,"получил от 3 плательщиков, 52,685₸; authority=0.0016; seed-плательщиков 0, циклы=True",3,2,52685.0,195300.0,0.0027224677339201687,3.706937458479643,2,False,False,0.0016244594188492203,0.0016302742427693614,1.9952613550525257e-05,-142615.0,0,True,2.0
100000004410489100,terminal,0.766,2,0.3082,"получил 54,000₸ от 1 за 1 перев., исходящих нет (глубина 2<4) -> деньги осели",1,0,54000.0,0.0,0.0003156208577952541,0.0,2,False,False,-0.0,0.00015948068360919669,0.0,54000.0,0,False,
100000006852430100,terminal,0.713,9,0.3653,"получил 37,000₸ от 1 за 1 перев., исходящих нет (глубина 2<4) -> деньги осели",1,0,37000.0,0.0,0.0005385501553326384,0.0,2,False,False,-0.0,-1.1586073335824504e-21,0.0,37000.0,0,False,
100000003166755100,terminal,0.656,2,0.1855,"получил 24,010₸ от 1 за 1 перев., исходящих нет (глубина 2<4) -> деньги осели",1,0,24010.0,0.0,0.0002906499737872651,0.0,2,False,False,-0.0,0.00014216819592800475,0.0,24010.0,0,False,
100000008258083100,transit,0.846,30,0.7818,"pass_through=0.65, 3,149,500₸ -> 2,045,650₸; двусторонний поток",2,2,3149500.0,2045650.0,0.0010544317053486935,0.6495157961581204,2,False,False,1.94644939458476e-05,4.539369165004824e-05,7.90042879980394e-05,1103850.0,0,True,0.5
100000003054328100,transit,0.638,12,0.535,"pass_through=1.38, 140,000₸ -> 193,720₸; двусторонний поток",1,2,140000.0,193720.0,0.00033740348883991246,1.3837142857142857,2,False,False,-3.290744656416836e-20,4.088245397352228e-08,8.061662040616265e-07,-53720.0,0,False,11.0
100000008473207100,terminal,0.899,2,0.4384,"получил 202,000₸ от 1 за 4 перев., исходящих нет (глубина 2<4) -> деньги осели",1,0,202000.0,0.0,0.0005585946177220583,0.0,2,False,False,-0.0,2.6319716216192543e-19,0.0,202000.0,0,False,
100000008104567100,consolidator,0.425,8,0.7969,"получил от 3 плательщиков, 53,550₸; authority=0.0000; seed-плательщиков 0, циклы=True",3,3,53550.0,40000.0,0.0005404037708096594,0.7469654528478058,2,False,False,1.2232102383633658e-06,2.832585101686281e-05,0.0020607287688740312,13550.0,0,True,2.0
100000002721825100,terminal,0.569,0,0.3156,"получил 11,000₸ от 1 за 1 перев., исходящих нет (глубина 2<4) -> деньги осели",1,0,11000.0,0.0,0.0005337416422068956,0.0,2,False,False,-0.0,-2.0492419023853174e-20,0.0,11000.0,0,False,
100000003509750100,consolidator,0.429,6,0.8006,"получил от 3 плательщиков, 82,290₸; authority=0.0000; seed-плательщиков 0, циклы=True",3,3,82290.0,78400.0,0.0016926685491983375,0.9527281565196257,2,False,False,-1.1510749154531164e-19,2.9184390090325748e-05,2.0154155101540663e-06,3890.0,0,True,1.0
100000007322059100,transit,0.866,33,0.664,"pass_through=0.78: получил 29,000₸ -> отдал 22,500₸, оборот ~2д; цикл=True",2,1,29000.0,22500.0,0.0006829348691683638,0.7758620689655172,2,False,False,2.7084218347348754e-22,-1.7898259354882566e-19,4.071139330511214e-05,6500.0,0,True,2.5
100000004441291100,terminal,0.63,2,0.3443,"получил 20,000₸ от 1 за 1 перев., исходящих нет (глубина 2<4) -> деньги осели",1,0,20000.0,0.0,0.0005512351398546664,0.0,2,False,False,-0.0,-2.83116180109444e-20,0.0,20000.0,0,False,
100000006122699100,terminal,0.736,11,0.3469,"получил 45,865₸ от 2 за 2 перев., исходящих нет (глубина 2<4) -> деньги осели",2,0,45865.0,0.0,0.00040648693382533836,0.0,2,False,False,-0.0,7.403304381194447e-06,0.0,45865.0,0,False,
100000008254069100,transit,0.883,20,0.6324,"pass_through=10.54, 10,200₸ -> 107,500₸; двусторонний поток",1,5,10200.0,107500.0,0.00034400747676597654,10.53921568627451,2,False,False,5.528939788228345e-05,3.487544550419183e-19,9.511417597587089e-05,-97300.0,0,True,8.0
100000003336565100,terminal,0.605,1,0.1849,"получил 16,550₸ от 1 за 1 перев., исходящих нет (глубина 2<4) -> деньги осели",1,0,16550.0,0.0,0.0002924927545456367,0.0,2,False,False,-0.0,1.932294703460385e-20,0.0,16550.0,0,False,
100000002492277100,terminal,0.858,2,0.3274,"получил 138,500₸ от 1 за 1 перев., исходящих нет (глубина 2<4) -> деньги осели",1,0,138500.0,0.0,0.00030877536258807514,0.0,2,False,False,-0.0,0.000142168195928005,0.0,138500.0,0,False,
100000001339466100,terminal,0.689,2,0.2633,"получил 30,000₸ от 1 за 1 перев., исходящих нет (глубина 2<4) -> деньги осели",1,0,30000.0,0.0,0.0003052558285683314,0.0,2,False,False,-0.0,0.00014276729694478533,0.0,30000.0,0,False,
100000005022964100,terminal,0.63,2,0.2781,"получил 20,000₸ от 1 за 1 перев., исходящих нет (глубина 2<4) -> деньги осели",1,0,20000.0,0.0,0.00032882149919400056,0.0,2,False,False,-0.0,7.275641090233419e-21,0.0,20000.0,0,False,
100000003112436100,terminal,0.829,5,0.3069,"получил 100,000₸ от 1 за 1 перев., исходящих нет (глубина 2<4) -> деньги осели",1,0,100000.0,0.0,0.00030348276979776545,0.0,2,False,False,-0.0,4.040756032117623e-06,0.0,100000.0,0,False,
100000000489417100,consolidator,0.471,13,0.6891,"получил от 3 плательщиков, 73,504₸; authority=0.0001; seed-плательщиков 0, циклы=False",3,1,73504.0,80000.0,0.0005541705311196944,1.0883761427949499,2,False,False,0.0013727343928219573,0.00014228960023296132,1.4286112009987653e-05,-6496.0,0,False,0.0
100000002217161100,distributor,0.693,35,0.8488,"разослал на 7 получателей, 995,132₸ за 19 перев., hub=0.0000; out/in по узлам 7/2",2,7,404750.0,995132.0,0.0008950795792368221,2.4586337245213095,2,False,False,1.5523788998086552e-19,5.213487353611568e-05,0.0001578070344450634,-590382.0,0,True,1.0
100000002469065100,terminal,0.896,5,0.3601,"получил 200,000₸ от 1 за 1 перев., исходящих нет (глубина 2<4) -> деньги осели",1,0,200000.0,0.0,0.00032011668892039307,0.0,2,False,False,-0.0,4.040756032117655e-06,0.0,200000.0,0,False,
100000007337374100,terminal,0.63,1,0.2001,"получил 20,000₸ от 1 за 2 перев., исходящих нет (глубина 2<4) -> деньги осели",1,0,20000.0,0.0,0.00029366927831320287,0.0,2,False,False,-0.0,-3.0244713656016023e-19,0.0,20000.0,0,False,
100000003249054100,consolidator,0.622,2,0.6754,"получил от 7 плательщиков, 99,700₸; authority=0.0004; seed-плательщиков 0, циклы=False",7,1,99700.0,15000.0,0.00043335777474713916,0.15045135406218657,2,False,False,7.791555716197566e-21,0.00038185410630577207,4.030831020308133e-05,84700.0,0,False,4.0
100000003024542100,terminal,0.543,2,0.242,"получил 8,500₸ от 1 за 1 перев., исходящих нет (глубина 2<4) -> деньги осели",1,0,8500.0,0.0,0.00031936163732885554,0.0,2,False,False,-0.0,1.5484888255161891e-19,0.0,8500.0,0,False,
100000002718366100,consolidator,0.492,7,0.6587,"получил от 6 плательщиков, 2,525,000₸; authority=0.0000; seed-плательщиков 0, циклы=False",6,0,2525000.0,0.0,0.0006841578453752227,0.0,2,False,False,-0.0,7.932283167519578e-06,0.0,2525000.0,0,False,
100000005059998100,terminal,0.617,0,0.2147,"получил 18,000₸ от 1 за 1 перев., исходящих нет (глубина 2<4) -> деньги осели",1,0,18000.0,0.0,0.00029724095996010007,0.0,2,False,False,-0.0,5.310185279970018e-05,0.0,18000.0,0,False,
100000004071070100,peripheral,0.2,0,0.3843,"удерживает средства: получил 41,000₸, отдал 6,000₸ (pass_through=0.15), in_deg=2",2,1,41000.0,6000.0,0.0011947359230789776,0.14634146341463414,2,False,False,0.0039425921320374166,0.0006479966441137777,0.0,35000.0,0,True,1.0
100000001584286100,terminal,0.98,12,0.403,"получил 738,699₸ от 2 за 3 перев., исходящих нет (глубина 2<4) -> деньги осели",2,0,738699.0,0.0,0.0003299418914084692,0.0,2,False,False,-0.0,7.670824295766339e-07,0.0,738699.0,0,False,
100000008701256100,terminal,0.774,0,0.2915,"получил 58,250₸ от 1 за 1 перев., исходящих нет (глубина 2<4) -> деньги осели",1,0,58250.0,0.0,0.00030509919584153936,0.0,2,False,False,-0.0,4.840584067279808e-05,0.0,58250.0,0,False,
100000001490461100,peripheral,0.2,8,0.2933,"удерживает средства: получил 20,000₸, отдал 5,000₸ (pass_through=0.25), in_deg=1",1,1,20000.0,5000.0,0.000322421595159425,0.25,2,False,False,-2.909916352698777e-21,1.9913411816463176e-20,2.2371112162710136e-05,15000.0,0,False,12.0
100000008531186100,terminal,0.85,2,0.3724,"получил 125,000₸ от 1 за 1 перев., исходящих нет (глубина 2<4) -> деньги осели",1,0,125000.0,0.0,0.00036354459189677756,0.0,2,False,False,-0.0,0.000142767296944785,0.0,125000.0,0,False,
100000004765639100,transit,0.895,0,0.4265,"pass_through=2.20, 5,000₸ -> 11,000₸; двусторонний поток",1,2,5000.0,11000.0,0.0003634198285722489,2.2,2,False,False,0.0009381957052138317,1.4206363640201684e-07,0.0,-6000.0,0,True,0.0
100000002983879100,terminal,0.898,2,0.3868,"получил 200,050₸ от 2 за 2 перев., исходящих нет (глубина 2<4) -> деньги осели",2,0,200050.0,0.0,0.00035965325134699577,0.0,2,False,False,-0.0,0.0030829413771149457,0.0,200050.0,0,False,
100000008734364100,terminal,0.673,1,0.225,"получил 26,200₸ от 1 за 1 перев., исходящих нет (глубина 2<4) -> деньги осели",1,0,26200.0,0.0,0.0002957836108810031,0.0,2,False,False,-0.0,-1.3649467759604306e-19,0.0,26200.0,0,False,
100000003192220100,terminal,0.776,55,0.3766,"получил 60,000₸ от 1 за 2 перев., исходящих нет (глубина 2<4) -> деньги осели",1,0,60000.0,0.0,0.0005055687274859191,0.0,2,False,False,-0.0,-2.4682711455221468e-20,0.0,60000.0,0,False,
100000008060273100,terminal,0.557,2,0.2059,"получил 10,000₸ от 1 за 2 перев., исходящих нет (глубина 2<4) -> деньги осели",1,0,10000.0,0.0,0.00030030161142003493,0.0,2,False,False,-0.0,-9.446708000959122e-20,0.0,10000.0,0,False,
100000008205937100,terminal,0.707,13,0.3058,"получил 35,000₸ от 1 за 3 перев., исходящих нет (глубина 2<4) -> деньги осели",1,0,35000.0,0.0,0.0003331058626868631,0.0,2,False,False,-0.0,4.876477815525895e-08,0.0,35000.0,0,False,
100000005507142100,consolidator,0.153,36,0.7729,"получил от 3 плательщиков, 51,000₸; authority=-0.0000; seed-плательщиков 0, циклы=True",3,3,51000.0,100000.0,0.0005613773840909425,1.9607843137254901,2,False,False,7.951737852946468e-21,-1.8763395449854e-19,4.635455673354352e-06,-49000.0,0,True,8.5
100000005539910100,peripheral,0.2,2,0.4214,"удерживает средства: получил 102,000₸, отдал 22,000₸ (pass_through=0.22), in_deg=1",1,2,102000.0,22000.0,0.0005009093581213375,0.21568627450980393,2,False,False,-5.237568483543125e-21,1.3270762542320138e-19,4.87730553457284e-05,80000.0,0,False,4.0
100000002459163100,terminal,0.636,54,0.2995,"получил 20,180₸ от 1 за 1 перев., исходящих нет (глубина 2<4) -> деньги осели",1,0,20180.0,0.0,0.0003630686982046425,0.0,2,False,False,-0.0,-2.367350867852977e-19,0.0,20180.0,0,False,
100000004666651100,terminal,0.953,64,0.4336,"получил 429,250₸ от 1 за 1 перев., исходящих нет (глубина 2<4) -> деньги осели",1,0,429250.0,0.0,0.0004595487674556434,0.0,2,False,False,-0.0,-5.661317396824779e-20,0.0,429250.0,0,False,
100000003927792100,terminal,0.58,16,0.165,"получил 13,067₸ от 1 за 1 перев., исходящих нет (глубина 2<4) -> деньги осели",1,0,13067.0,0.0,0.0002910228236289723,0.0,2,False,False,-0.0,3.567634960949872e-05,0.0,13067.0,0,False,
100000000607941100,transit,0.962,5,0.6902,"pass_through=1.40, 50,000₸ -> 70,000₸; двусторонний поток",2,1,50000.0,70000.0,0.0005809708535676362,1.4,2,False,False,2.211352245182655e-21,2.6248002570705983e-06,5.864859134548333e-05,-20000.0,0,True,1.0
100000004158362100,terminal,0.572,0,0.1762,"получил 12,000₸ от 1 за 1 перев., исходящих нет (глубина 2<4) -> деньги осели",1,0,12000.0,0.0,0.0002926863409680728,0.0,2,False,False,-0.0,9.275512831168291e-05,0.0,12000.0,0,False,
100000005664922100,transit,0.979,24,0.7206,"pass_through=24.41, 22,000₸ -> 537,000₸; двусторонний поток",2,3,22000.0,537000.0,0.000809451649809635,24.40909090909091,2,False,False,-1.0417603824201095e-19,6.430194117829148e-21,4.030831020308133e-06,-515000.0,0,True,
100000007594394100,consolidator,0.672,17,0.8183,"получил от 6 плательщиков, 395,385₸; authority=0.0044; seed-плательщиков 0, циклы=True",6,1,395385.0,3376312.0,0.00040735504047843135,8.539302199122375,2,False,False,0.0012614186087725318,0.004408816492028831,3.681967445430835e-05,-2980927.0,0,True,4.0
100000000979567100,terminal,0.557,1,0.3109,"получил 10,000₸ от 1 за 1 перев., исходящих нет (глубина 2<4) -> деньги осели",1,0,10000.0,0.0,0.0005330555533176554,0.0,2,False,False,-0.0,1.1774056014350642e-20,0.0,10000.0,0,False,
100000002831727100,transit,0.518,17,0.4065,"pass_through=12.83, 6,000₸ -> 77,000₸; двусторонний поток",1,1,6000.0,77000.0,0.00029204782602553907,12.833333333333334,2,False,False,-4.733350035596348e-21,1.3205500394172886e-20,1.9549530448494444e-05,-71000.0,0,False,6.0
100000003062895100,terminal,0.935,10,0.4175,"получил 328,444₸ от 2 за 2 перев., исходящих нет (глубина 2<4) -> деньги осели",2,0,328444.0,0.0,0.00040944878638608914,0.0,2,False,False,-0.0,0.00011595248754847223,0.0,328444.0,0,False,
100000008376089100,terminal,0.856,30,0.3167,"получил 135,000₸ от 1 за 1 перев., исходящих нет (глубина 2<4) -> деньги осели",1,0,135000.0,0.0,0.00030378388739894286,0.0,2,False,False,-0.0,3.8766879522053694e-07,0.0,135000.0,0,False,
100000003219438100,terminal,0.699,34,0.3419,"получил 32,000₸ от 1 за 1 перев., исходящих нет (глубина 2<4) -> деньги осели",1,0,32000.0,0.0,0.00044906773210670175,0.0,2,False,False,-0.0,3.6495902295150414e-09,0.0,32000.0,0,False,
100000000967918100,terminal,0.641,0,0.3279,"получил 21,200₸ от 1 за 3 перев., исходящих нет (глубина 2<4) -> деньги осели",1,0,21200.0,0.0,0.0004813696736407526,0.0,2,False,False,-0.0,-2.3631162622510643e-19,0.0,21200.0,0,False,
100000003254723100,terminal,0.921,2,0.4323,"получил 269,850₸ от 1 за 6 перев., исходящих нет (глубина 2<4) -> деньги осели",1,0,269850.0,0.0,0.0005323522975929796,0.0,2,False,False,-0.0,3.4611016585695293e-10,0.0,269850.0,0,False,
100000003823811100,transit,0.652,20,0.5513,"pass_through=2.20, 30,000₸ -> 66,130₸; двусторонний поток",1,3,30000.0,66130.0,0.00035853267159090203,2.2043333333333335,2,False,False,1.549391543071124e-05,1.8751205368948147e-06,0.00012665676244063437,-36130.0,0,False,
100000008587459100,transit,0.818,0,0.6018,"pass_through=3.78, 181,507₸ -> 686,500₸; двусторонний поток",2,2,181507.0,686500.0,0.000302100248309845,3.782223275135394,2,False,False,0.0005035926787910899,0.003047949851144501,1.802823995168464e-05,-504993.0,0,True,
100000008603331100,distributor,0.695,10,0.764,"разослал на 6 получателей, 741,774₸ за 6 перев., hub=0.0000; out/in по узлам 6/2",2,6,39500.0,741774.0,0.0003457640344523476,18.779088607594936,2,False,False,2.612065785244292e-06,1.7182172420819517e-06,0.0001991230524032218,-702274.0,0,True,0.0
100000008758168100,distributor,0.692,18,0.6573,"разослал на 5 получателей, 1,533,600₸ за 5 перев., hub=0.0000; out/in по узлам 5/2",2,5,75410.0,1533600.0,0.000319785946482584,20.33682535472749,2,False,False,4.488393544427863e-06,1.3331903997432371e-06,5.697975788827636e-05,-1458190.0,0,False,4.0
100000003724440100,terminal,0.752,2,0.2921,"получил 50,000₸ от 2 за 2 перев., исходящих нет (глубина 2<4) -> деньги осели",2,0,50000.0,0.0,0.00030946154870462625,0.0,2,False,False,-0.0,0.00041894077140227157,0.0,50000.0,0,False,
100000000291906100,transit,0.895,51,0.7602,"pass_through=1.17: получил 388,000₸ -> отдал 455,854₸, оборот ~3д; цикл=True",2,2,388000.0,455854.0,0.0007661900611786519,1.1748814432989692,2,False,False,7.008553831095665e-20,-3.238358901438188e-20,7.940737110007021e-05,-67854.0,0,True,3.0
100000005077484100,peripheral,0.2,29,0.4901,"удерживает средства: получил 150,000₸, отдал 13,550₸ (pass_through=0.09), in_deg=1",1,2,150000.0,13550.0,0.0005419664720516552,0.09033333333333333,2,False,False,3.1414788928030287e-20,1.5298207539860498e-19,4.0308310203081327e-07,136450.0,0,True,5.0
100000004192107100,terminal,0.663,2,0.2398,"получил 25,000₸ от 1 за 1 перев., исходящих нет (глубина 2<4) -> деньги осели",1,0,25000.0,0.0,0.00030063779255075156,0.0,2,False,False,-0.0,1.4481834221720016e-19,0.0,25000.0,0,False,
100000002193259100,transit,0.875,11,0.7053,"pass_through=1.21: получил 48,000₸ -> отдал 58,000₸, оборот ~6д; цикл=True",2,3,48000.0,58000.0,0.0008946523204913112,1.2083333333333333,2,False,False,5.5013828573564886e-05,-3.301572809667578e-20,6.550100408000716e-05,-10000.0,0,True,6.0
100000005481280100,transit,0.556,16,0.4571,"pass_through=1.53, 32,700₸ -> 50,000₸; двусторонний поток",1,3,32700.0,50000.0,0.00029729416448782535,1.529051987767584,2,False,False,-1.3442610151927367e-20,3.567634960949914e-05,4.440813044662165e-05,-17300.0,0,False,1.0
100000004527381100,transit,0.902,16,0.6941,"pass_through=2.29, 119,333₸ -> 273,866₸; двусторонний поток",1,1,119333.17,273866.11,0.00037716242361583914,2.2949705433954364,2,False,False,3.294186098410831e-06,-1.0471016579489996e-19,0.0003269003957469895,-154532.94,0,True,0.0
100000001578517100,terminal,0.689,5,0.206,"получил 30,000₸ от 1 за 1 перев., исходящих нет (глубина 2<4) -> деньги осели",1,0,30000.0,0.0,0.00029183902641192615,0.0,2,False,False,-0.0,4.040756032117936e-06,0.0,30000.0,0,False,
100000003741418100,consolidator,0.68,4,0.8172,"получил от 9 плательщиков, 151,900₸; authority=0.0003; seed-плательщиков 0, циклы=True",9,3,151900.0,39920.0,0.0006352433648149024,0.2628044766293614,2,False,False,0.004998687584406835,0.0003401117450863429,5.3658664716452956e-05,111980.0,0,True,
100000008737514100,terminal,0.809,16,0.3195,"получил 85,000₸ от 1 за 1 перев., исходящих нет (глубина 2<4) -> деньги осели",1,0,85000.0,0.0,0.00031400027801698605,0.0,2,False,False,-0.0,3.567634960949883e-05,0.0,85000.0,0,False,
100000002870463100,consolidator,0.432,6,0.826,"получил от 3 плательщиков, 207,000₸; authority=0.0000; seed-плательщиков 0, циклы=True",3,1,207000.0,10000.0,0.001955294276139283,0.04830917874396135,2,False,False,-2.6483967609772976e-22,3.1731378033541386e-05,1.975107199950985e-05,197000.0,0,True,0.0
100000008545727100,distributor,0.702,8,0.7696,"разослал на 6 получателей, 1,866,500₸ за 7 перев., hub=0.0000; out/in по узлам 6/1",1,6,30000.0,1866500.0,0.00034020796740156855,62.21666666666667,2,False,False,3.0530858568033773e-06,6.787187233823128e-20,0.0001365012133377204,-1836500.0,0,True,9.0
100000000425407100,terminal,0.63,2,0.2463,"получил 20,000₸ от 1 за 1 перев., исходящих нет (глубина 2<4) -> деньги осели",1,0,20000.0,0.0,0.0003064569809907412,0.0,2,False,False,-0.0,7.073756559110634e-05,0.0,20000.0,0,False,
100000001418900100,terminal,0.723,1,0.2599,"получил 40,140₸ от 1 за 2 перев., исходящих нет (глубина 2<4) -> деньги осели",1,0,40140.0,0.0,0.00030053744894473444,0.0,2,False,False,-0.0,-5.874086137245537e-20,0.0,40140.0,0,False,
100000001677929100,consolidator,0.205,6,0.8317,"получил от 3 плательщиков, 126,777₸; authority=-0.0000; seed-плательщиков 0, циклы=True",3,2,126777.0,286098.0,0.003343108628672502,2.2567027142147236,2,False,False,5.2603802030871756e-20,-4.1604782144357595e-21,1.2092493060924398e-06,-159321.0,0,True,0.0
100000002539625100,terminal,0.821,10,0.3535,"получил 94,700₸ от 1 за 1 перев., исходящих нет (глубина 2<4) -> деньги осели",1,0,94700.0,0.0,0.00034655239124734027,0.0,2,False,False,-0.0,2.2952506535733764e-06,0.0,94700.0,0,False,
100000001965374100,transit,0.99,24,0.7476,"pass_through=1.75, 1,759,720₸ -> 3,082,100₸; двусторонний поток",2,3,1759720.0,3082100.0,0.0012868592554938125,1.7514718250630783,2,False,False,-2.82856578566231e-20,-4.228717668488359e-21,1.612332408123253e-06,-1322380.0,0,True,3.5
100000001287955100,transit,0.544,12,0.514,"pass_through=17.69, 17,520₸ -> 310,000₸; двусторонний поток",1,4,17520.0,310000.0,0.0002952309161654955,17.69406392694064,2,False,False,2.2065899949730477e-05,2.322813412463331e-05,0.0006919593251528961,-292480.0,0,False,4.0
100000005402643100,transit,0.543,7,0.4609,"pass_through=0.70: получил 127,800₸ -> отдал 90,000₸; цикл=False",1,1,127800.0,90000.0,0.00029892576035440874,0.704225352112676,2,False,False,6.861345033183764e-21,5.012796367339524e-07,4.0308310203081327e-07,37800.0,0,False,
100000008752616100,distributor,0.711,7,0.6572,"разослал на 7 получателей, 1,265,000₸ за 7 перев., hub=0.0000; out/in по узлам 7/2",2,7,64510.0,1265000.0,0.00031445686786814043,19.6093628894745,2,False,False,4.859721138655842e-06,1.347324214268753e-06,0.00014113708587163706,-1200490.0,0,False,1.0
100000000733373100,terminal,0.567,5,0.2278,"получил 10,710₸ от 1 за 1 перев., исходящих нет (глубина 2<4) -> деньги осели",1,0,10710.0,0.0,0.00030714731081630116,0.0,2,False,False,-0.0,1.7907847734591209e-06,0.0,10710.0,0,False,
100000008531133100,transit,0.703,5,0.5955,"pass_through=6.33, 25,000₸ -> 158,272₸; двусторонний поток",1,3,25000.0,158271.68,0.0005350843638155041,6.3308672,2,False,False,0.0009051216563373568,-1.7604200929714075e-20,2.3748312761315416e-05,-133271.68,0,False,0.0
100000005933757100,coordinator,0.984,14,0.9594,"betweenness=0.0040(топ~2%), pagerank=0.0010, мост: получает от 4, шлёт 34; seed-плательщиков 0",4,34,1246000.0,3002628.0,0.0010029471243756167,2.409813804173355,2,False,False,0.001310038203282093,3.5038570099585553e-06,0.003959480003817195,-1756628.0,0,True,2.0
100000006490557100,terminal,0.516,6,0.1142,"получил 5,000₸ от 1 за 1 перев., исходящих нет (глубина 2<4) -> деньги осели",1,0,5000.0,0.0,0.00028744427274714717,0.0,2,False,False,-0.0,-1.8280479498096437e-20,0.0,5000.0,0,False,
100000008497298100,terminal,0.974,7,0.4098,"получил 600,000₸ от 1 за 1 перев., исходящих нет (глубина 2<4) -> деньги осели",1,0,600000.0,0.0,0.00034354795715058794,0.0,2,False,False,-0.0,5.012796367341288e-07,0.0,600000.0,0,False,
100000005168487100,transit,0.994,9,0.5871,"pass_through=6.90, 15,000₸ -> 103,510₸; двусторонний поток",1,1,15000.0,103510.0,0.0018378455498938076,6.900666666666667,2,False,False,5.2684536444915736e-05,-9.576532645286492e-21,0.0,-88510.0,0,True,6.0
100000005799271100,terminal,0.733,9,0.3729,"получил 45,000₸ от 1 за 2 перев., исходящих нет (глубина 2<4) -> деньги осели",1,0,45000.0,0.0,0.0005390192598994263,0.0,2,False,False,-0.0,-4.8135663155587446e-20,0.0,45000.0,0,False,
100000000912487100,terminal,0.557,2,0.1732,"получил 10,000₸ от 1 за 1 перев., исходящих нет (глубина 2<4) -> деньги осели",1,0,10000.0,0.0,0.00029298450997286904,0.0,2,False,False,-0.0,0.0001427672969447851,0.0,10000.0,0,False,
100000007982908100,terminal,0.696,1,0.24,"получил 31,080₸ от 1 за 1 перев., исходящих нет (глубина 2<4) -> деньги осели",1,0,31080.0,0.0,0.00029744779522469095,0.0,2,False,False,-0.0,-3.493924730075476e-19,0.0,31080.0,0,False,
100000005413948100,peripheral,0.2,10,0.4933,"удерживает средства: получил 28,215₸, отдал 5,000₸ (pass_through=0.18), in_deg=2",2,1,28215.0,5000.0,0.0018767228090608437,0.177210703526493,2,False,False,1.4836759488843086e-21,2.313601984181028e-06,2.216957061169473e-05,23215.0,0,True,10.0
100000000724540100,transit,0.601,18,0.5016,"pass_through=2.00, 50,000₸ -> 100,000₸; двусторонний поток",1,1,50000.0,100000.0,0.0003110163299181178,2.0,2,False,False,-9.017273089506463e-22,5.704237349049489e-08,2.0154155101540664e-05,-50000.0,0,False,
100000005730108100,terminal,0.541,0,0.2689,"получил 8,000₸ от 1 за 1 перев., исходящих нет (глубина 2<4) -> деньги осели",1,0,8000.0,0.0,0.0003602529348131057,0.0,2,False,False,-0.0,2.5366750200606937e-20,0.0,8000.0,0,False,
100000002566204100,terminal,0.804,9,0.3325,"получил 80,805₸ от 1 за 1 перев., исходящих нет (глубина 2<4) -> деньги осели",1,0,80805.0,0.0,0.00032550825717903926,0.0,2,False,False,-0.0,2.32281341246331e-05,0.0,80805.0,0,False,
100000000625169100,terminal,0.557,1,0.1508,"получил 10,000₸ от 1 за 1 перев., исходящих нет (глубина 2<4) -> деньги осели",1,0,10000.0,0.0,0.0002902590644941704,0.0,2,False,False,-0.0,-3.0179993033239237e-19,0.0,10000.0,0,False,
100000001114385100,terminal,0.684,2,0.2018,"получил 29,500₸ от 1 за 1 перев., исходящих нет (глубина 2<4) -> деньги осели",1,0,29500.0,0.0,0.00029151911855551074,0.0,2,False,False,-0.0,0.0001421681959280051,0.0,29500.0,0,False,
100000002964966100,terminal,0.896,2,0.4003,"получил 200,000₸ от 1 за 1 перев., исходящих нет (глубина 2<4) -> деньги осели",1,0,200000.0,0.0,0.0003971603856800477,0.0,2,False,False,-0.0,3.141086104943665e-20,0.0,200000.0,0,False,
100000008771814100,terminal,0.653,1,0.2146,"получил 23,700₸ от 1 за 1 перев., исходящих нет (глубина 2<4) -> деньги осели",1,0,23700.0,0.0,0.0002949310574262449,0.0,2,False,False,-0.0,-2.002855022134316e-19,0.0,23700.0,0,False,
100000001241318100,terminal,0.763,0,0.3774,"получил 53,000₸ от 1 за 1 перев., исходящих нет (глубина 2<4) -> деньги осели",1,0,53000.0,0.0,0.0005331634962668745,0.0,2,False,False,-0.0,2.0368396586953745e-20,0.0,53000.0,0,False,
100000001250022100,terminal,0.752,6,0.2546,"получил 50,000₸ от 1 за 1 перев., исходящих нет (глубина 2<4) -> деньги осели",1,0,50000.0,0.0,0.00029636547102946563,0.0,2,False,False,-0.0,2.8721412970847465e-05,0.0,50000.0,0,False,
100000006534886100,transit,0.988,5,0.6048,"pass_through=2.34, 71,700₸ -> 167,500₸; двусторонний поток",1,1,71700.0,167500.0,0.0011344436242360521,2.336122733612273,2,False,False,0.00012666707989799578,9.986823694889238e-08,0.0,-95800.0,0,True,2.0
100000008655035100,terminal,0.689,6,0.3598,"получил 30,000₸ от 1 за 1 перев., исходящих нет (глубина 2<4) -> деньги осели",1,0,30000.0,0.0,0.000542505761682596,0.0,2,False,False,-0.0,-3.284401702684572e-21,0.0,30000.0,0,False,
100000005932987100,terminal,0.663,34,0.3233,"получил 25,000₸ от 1 за 3 перев., исходящих нет (глубина 2<4) -> деньги осели",1,0,25000.0,0.0,0.00041358235179354716,0.0,2,False,False,-0.0,3.6495902294016726e-09,0.0,25000.0,0,False,
100000008636603100,transit,0.88,11,0.6626,"pass_through=4.49, 35,460₸ -> 159,375₸; двусторонний поток",2,6,35460.0,159375.0,0.00034020505875882143,4.494500846023689,2,False,False,0.00026986269539745484,0.000655412171938327,0.003534092585341171,-123915.0,0,True,2.0
100000008710843100,distributor,0.789,18,0.6968,"разослал на 13 получателей, 1,985,500₸ за 14 перев., hub=0.0001; out/in по узлам 13/2",2,13,33944.0,1985500.0,0.00029418619651617485,58.49340089559274,2,False,False,6.92362176417769e-05,4.96819886990502e-05,0.0012569212473984663,-1951556.0,0,True,6.5
100000000917179100,terminal,0.82,14,0.3794,"получил 94,465₸ от 1 за 2 перев., исходящих нет (глубина 2<4) -> деньги осели",1,0,94465.0,0.0,0.0004277409828661822,0.0,2,False,False,-0.0,5.121879115205892e-10,0.0,94465.0,0,False,
100000004209339100,transit,0.979,32,0.7272,"pass_through=1.72, 138,500₸ -> 238,500₸; двусторонний поток",1,2,138500.0,238500.0,0.000822974908872887,1.7220216606498195,2,False,False,5.354068946843171e-05,-1.7505063427725047e-19,2.1363404407633102e-05,-100000.0,0,True,1.0
100000008765627100,terminal,0.776,6,0.2706,"получил 60,000₸ от 1 за 1 перев., исходящих нет (глубина 2<4) -> деньги осели",1,0,60000.0,0.0,0.0002982687951003312,0.0,2,False,False,-0.0,2.8721412970847492e-05,0.0,60000.0,0,False,
100000002443664100,consolidator,0.347,12,0.5677,"получил от 3 плательщиков, 556,880₸; authority=0.0000; seed-плательщиков 0, циклы=False",3,0,556880.0,0.0,0.00034027670681484014,0.0,2,False,False,-0.0,1.0691093262435698e-06,0.0,556880.0,0,False,
100000008144528100,consolidator,0.457,5,0.6619,"получил от 5 плательщиков, 1,068,203₸; authority=0.0000; seed-плательщиков 0, циклы=False",5,0,1068202.6,0.0,0.001060356005512535,0.0,2,False,False,-0.0,5.437775228463514e-06,0.0,1068202.6,0,False,
100000003988112100,transit,0.812,20,0.5479,"pass_through=0.70, 92,000₸ -> 64,000₸; двусторонний поток",1,1,92000.0,64000.0,0.0005066792348168145,0.6956521739130435,2,False,False,0.0009433665093631046,1.8751205368947343e-06,0.0,28000.0,0,True,0.5
100000008008463100,terminal,0.767,6,0.2631,"получил 54,180₸ от 1 за 1 перев., исходящих нет (глубина 2<4) -> деньги осели",1,0,54180.0,0.0,0.0002971610604910875,0.0,2,False,False,-0.0,2.8721412970847228e-05,0.0,54180.0,0,False,
100000006679055100,terminal,0.663,2,0.2462,"получил 25,000₸ от 1 за 1 перев., исходящих нет (глубина 2<4) -> деньги осели",1,0,25000.0,0.0,0.0003021879989194658,0.0,2,False,False,-0.0,0.0001427672969447851,0.0,25000.0,0,False,
100000007382543100,distributor,0.656,28,0.8459,"разослал на 5 получателей, 427,000₸ за 8 перев., hub=0.0000; out/in по узлам 5/3",3,5,218000.0,427000.0,0.0011951552336921967,1.9587155963302751,2,False,False,3.398988503568956e-20,3.7093997369721998e-09,0.0002486655209753645,-209000.0,0,True,3.0
100000007749092100,transit,0.994,5,0.5698,"pass_through=9.20, 7,650₸ -> 70,375₸; двусторонний поток",1,1,7650.0,70375.0,0.0018294767588865645,9.199346405228757,2,False,False,0.00012666707989799578,2.1302095359816622e-21,0.0,-62725.0,0,True,
100000004221668100,consolidator,0.46,25,0.8612,"получил от 4 плательщиков, 1,128,300₸; authority=0.0000; seed-плательщиков 0, циклы=True",4,3,1128300.0,731440.0,0.003108958178821101,0.6482673047948241,2,False,False,-1.3200502641586665e-20,2.9664717156478807e-05,4.635455673354352e-06,396860.0,0,True,1.5
100000008174521100,terminal,0.806,5,0.3769,"получил 82,110₸ от 1 за 1 перев., исходящих нет (глубина 2<4) -> деньги осели",1,0,82110.0,0.0,0.00044247037842405667,0.0,2,False,False,-0.0,1.7907847734593498e-06,0.0,82110.0,0,False,
100000002692750100,consolidator,0.43,6,0.8245,"получил от 3 плательщиков, 112,830₸; authority=0.0000; seed-плательщиков 0, циклы=True",3,1,112830.0,77000.0,0.002038373959908245,0.682442612780289,2,False,False,-6.176192306711586e-23,2.918818223159115e-05,2.0154155101540664e-05,35830.0,0,True,5.0
100000002173070100,terminal,0.689,5,0.206,"получил 30,000₸ от 1 за 1 перев., исходящих нет (глубина 2<4) -> деньги осели",1,0,30000.0,0.0,0.00029183902641192615,0.0,2,False,False,-0.0,4.040756032117524e-06,0.0,30000.0,0,False,
100000005911352100,transit,0.955,40,0.646,"pass_through=1.60, 15,000₸ -> 24,000₸; двусторонний поток",2,3,15000.0,24000.0,0.000554147066488471,1.6,2,False,False,-2.6983467638383244e-19,-5.165412466769648e-20,9.915844309958006e-05,-9000.0,0,True,5.0
100000003068941100,consolidator,0.574,0,0.6202,"получил от 3 плательщиков, 94,000₸; authority=0.0030; seed-плательщиков 0, циклы=False",3,1,94000.0,25000.0,0.00032159897502201135,0.26595744680851063,2,False,False,-3.0551969076524614e-21,0.003041445459215035,2.0154155101540664e-05,69000.0,0,False,1.0
100000001420847100,terminal,0.63,17,0.2416,"получил 20,000₸ от 1 за 2 перев., исходящих нет (глубина 2<4) -> деньги осели",1,0,20000.0,0.0,0.00030417876850980863,0.0,2,False,False,-0.0,1.3685904704396665e-19,0.0,20000.0,0,False,
100000005602999100,transit,0.83,32,0.5124,"pass_through=3.20, 5,000₸ -> 16,000₸; двусторонний поток",1,2,5000.0,16000.0,0.0003062035820180169,3.2,2,False,False,5.354068946843171e-05,-6.168324112504068e-21,4.2726808815266204e-05,-11000.0,0,True,2.0
100000000723383100,transit,0.667,21,0.5596,"pass_through=11.03, 6,800₸ -> 75,000₸; двусторонний поток",1,2,6800.0,75000.0,0.00039098538061520894,11.029411764705882,2,False,False,2.97868267824708e-20,1.4206363640209135e-07,0.0002430591105245804,-68200.0,0,False,
100000006977207100,distributor,0.842,3,0.6782,"разослал на 15 получателей, 4,157,018₸ за 15 перев., hub=0.0043; out/in по узлам 15/1",1,15,414000.0,4157018.0,0.0003494194842551102,10.041106280193237,2,False,False,0.0042584625831342095,6.211858333422842e-05,3.333497253794826e-05,-3743018.0,0,False,
100000001273783100,terminal,0.648,9,0.2271,"получил 23,200₸ от 1 за 1 перев., исходящих нет (глубина 2<4) -> деньги осели",1,0,23200.0,0.0,0.0002979483894523238,0.0,2,False,False,-0.0,2.3228134124633344e-05,0.0,23200.0,0,False,
100000000201868100,transit,1.0,55,0.6162,"pass_through=1.00: получил 190,000₸ -> отдал 190,000₸, оборот ~1д; цикл=True",1,1,190000.0,190000.0,0.0009794617939092784,1.0,2,False,False,0.00013207133252614702,-1.0057125730955458e-19,0.0,0.0,0,True,1.0
100000007777377100,peripheral,0.2,5,0.4436,"удерживает средства: получил 456,290₸, отдал 10,000₸ (pass_through=0.02), in_deg=1",1,2,456290.0,10000.0,0.0003627477602397754,0.021915886826360427,2,False,False,-8.354810374125746e-21,4.0407560321177106e-06,0.00013825750399656895,446290.0,0,False,0.0
100000004192865100,terminal,0.786,29,0.3984,"получил 66,666₸ от 1 за 1 перев., исходящих нет (глубина 2<4) -> деньги осели",1,0,66666.0,0.0,0.0005582226968831463,0.0,2,False,False,-0.0,3.2624609472345605e-21,0.0,66666.0,0,False,
100000006901046100,peripheral,0.2,5,0.4138,"удерживает средства: получил 75,800₸, отдал 5,500₸ (pass_through=0.07), in_deg=1",1,1,75800.0,5500.0,0.0030447256508331433,0.07255936675461741,2,False,False,0.00013716761796314812,-2.4707752192412096e-20,0.0,70300.0,0,True,1.0
100000000437046100,coordinator,0.974,0,0.9536,"betweenness=0.0022(топ~2%), pagerank=0.0008, мост: получает от 9, шлёт 42; seed-плательщиков 0",9,42,1107200.0,7606224.0,0.0007959082210455859,6.86978323699422,2,False,False,0.060739548496084525,0.00047761943640852844,0.0022347905725107996,-6499024.0,0,True,0.0
100000008765494100,terminal,0.655,1,0.2161,"получил 24,000₸ от 1 за 1 перев., исходящих нет (глубина 2<4) -> деньги осели",1,0,24000.0,0.0,0.0002950333638408159,0.0,2,False,False,-0.0,-7.454947355789959e-20,0.0,24000.0,0,False,
100000008713270100,transit,0.524,6,0.4338,"pass_through=6.33, 30,000₸ -> 190,000₸; двусторонний поток",1,3,30000.0,190000.0,0.00029255882288773457,6.333333333333333,2,False,False,1.0754490764407451e-19,2.87214129708472e-05,1.2092493060924398e-06,-160000.0,0,False,2.0
100000003603979100,terminal,0.876,23,0.4355,"получил 165,000₸ от 1 за 3 перев., исходящих нет (глубина 2<4) -> деньги осели",1,0,165000.0,0.0,0.0005881411619085306,0.0,2,False,False,-0.0,1.7969677360824245e-19,0.0,165000.0,0,False,
100000000943371100,terminal,0.597,13,0.2376,"получил 15,500₸ от 1 за 1 перев., исходящих нет (глубина 2<4) -> деньги осели",1,0,15500.0,0.0,0.000307334098851759,0.0,2,False,False,-0.0,4.876477815511848e-08,0.0,15500.0,0,False,
100000008672480100,terminal,0.579,1,0.1668,"получил 13,000₸ от 1 за 1 перев., исходящих нет (глубина 2<4) -> деньги осели",1,0,13000.0,0.0,0.00029128212863988013,0.0,2,False,False,-0.0,-1.7944944893122e-19,0.0,13000.0,0,False,
100000008691168100,terminal,0.655,1,0.2161,"получил 24,000₸ от 1 за 1 перев., исходящих нет (глубина 2<4) -> деньги осели",1,0,24000.0,0.0,0.0002950333638408159,0.0,2,False,False,-0.0,-2.176573069203024e-19,0.0,24000.0,0,False,
100000003237045100,peripheral,0.2,5,0.4022,"удерживает средства: получил 340,200₸, отдал 150,000₸ (pass_through=0.44), in_deg=1",1,1,340200.0,150000.0,0.0003958506071285404,0.4409171075837742,2,False,False,0.00012666707989799592,1.8799731546363123e-07,0.0,190200.0,0,True,
100000008736394100,terminal,0.602,1,0.1819,"получил 16,000₸ от 1 за 1 перев., исходящих нет (глубина 2<4) -> деньги осели",1,0,16000.0,0.0,0.0002923051927855899,0.0,2,False,False,-0.0,-1.8394082693145518e-19,0.0,16000.0,0,False,
100000004160650100,distributor,0.729,23,0.744,"разослал на 10 получателей, 1,489,827₸ за 40 перев., hub=0.0000; out/in по узлам 10/2",2,10,75100.0,1489827.0,0.00037084661130750535,19.83790945406125,2,False,False,1.0212663421574941e-18,-1.0915703020701957e-19,5.441621877415979e-06,-1414727.0,0,True,1.0
100000000629812100,terminal,0.643,56,0.23,"получил 22,000₸ от 2 за 2 перев., исходящих нет (глубина 2<4) -> деньги осели",2,0,22000.0,0.0,0.00029931490836673796,0.0,2,False,False,-0.0,4.073588298733685e-06,0.0,22000.0,0,False,
100000000955444100,terminal,0.534,42,0.2643,"получил 6,910₸ от 1 за 1 перев., исходящих нет (глубина 2<4) -> деньги осели",1,0,6910.0,0.0,0.00035409257611345455,0.0,2,False,False,-0.0,2.890247970244237e-19,0.0,6910.0,0,False,
100000008731444100,distributor,0.778,0,0.6881,"разослал на 9 получателей, 879,768₸ за 9 перев., hub=0.0086; out/in по узлам 9/3",3,9,439000.0,879767.8,0.0003549278730782811,2.0040268792710707,2,False,False,0.008642133375046775,0.00021378442089983363,0.00012624325579835201,-440767.80000000005,0,False,0.0
100000008413748100,distributor,0.872,15,0.7948,"разослал на 18 получателей, 1,377,320₸ за 21 перев., hub=0.0250; out/in по узлам 18/2",2,18,26480.0,1377320.22,0.0003926188919180002,52.01360347432024,2,False,False,0.025000180927120894,2.0462100580605268e-05,0.0006354195816170107,-1350840.22,0,True,1.0
100000006787636100,terminal,0.63,55,0.2957,"получил 20,000₸ от 1 за 1 перев., исходящих нет (глубина 2<4) -> деньги осели",1,0,20000.0,0.0,0.0003597554762787316,0.0,2,False,False,-0.0,1.834915203473803e-19,0.0,20000.0,0,False,
100000005942793100,consolidator,0.514,0,0.4883,"получил от 4 плательщиков, 55,000₸; authority=0.0003; seed-плательщиков 0, циклы=False",4,0,55000.0,0.0,0.0003337093056770519,0.0,2,False,False,-0.0,0.00028335148952281404,0.0,55000.0,0,False,
100000008730846100,consolidator,0.601,9,0.7575,"получил от 7 плательщиков, 155,042₸; authority=0.0002; seed-плательщиков 0, циклы=False",7,3,155042.0,363370.0,0.0005383983709868994,2.343687516930896,2,False,False,0.002166566492868072,0.0002490763313058764,0.00014332675386544217,-208328.0,0,False,0.0
100000002570206100,terminal,0.877,15,0.3537,"получил 166,960₸ от 2 за 2 перев., исходящих нет (глубина 2<4) -> деньги осели",2,0,166959.6,0.0,0.00031992676454717253,0.0,2,False,False,-0.0,0.0005280203983831651,0.0,166959.6,0,False,
100000000785800100,transit,1.0,54,0.4603,"pass_through=1.00: получил 19,000₸ -> отдал 19,000₸, оборот ~0д; цикл=True",1,1,19000.0,19000.0,0.00035861183893383896,1.0,2,False,False,-8.622757731785812e-21,-4.693834343896963e-20,0.0,0.0,0,True,0.0
100000007382152100,terminal,0.528,0,0.1198,"получил 5,860₸ от 1 за 1 перев., исходящих нет (глубина 2<4) -> деньги осели",1,0,5860.0,0.0,0.0002877642844116333,0.0,2,False,False,-0.0,5.1721343332136445e-05,0.0,5860.0,0,False,
100000000910216100,transit,0.56,2,0.5474,"pass_through=0.73: получил 71,000₸ -> отдал 52,010₸, оборот ~6д; цикл=False",1,1,71000.0,52010.0,0.000324678711888624,0.7325352112676057,2,False,False,1.6371251057117288e-06,0.00015948068360919655,0.0004883880943513077,18990.0,0,False,6.0
100000003131016100,peripheral,0.2,0,0.4717,"удерживает средства: получил 405,700₸, отдал 126,000₸ (pass_through=0.31), in_deg=1",1,1,405700.0,126000.0,0.0016950738653232506,0.31057431599704216,2,False,False,0.0033463293459575325,-2.040324072175554e-19,0.0,279700.0,0,True,2.0
100000003221384100,terminal,0.966,16,0.4387,"получил 511,200₸ от 1 за 1 перев., исходящих нет (глубина 2<4) -> деньги осели",1,0,511200.0,0.0,0.00045014072899458244,0.0,2,False,False,-0.0,3.567634960949891e-05,0.0,511200.0,0,False,
100000002156381100,peripheral,0.2,32,0.5312,"удерживает средства: получил 61,000₸, отдал 21,800₸ (pass_through=0.36), in_deg=2",2,1,61000.0,21800.0,0.001086797883024389,0.35737704918032787,2,False,False,-1.1313918467576419e-21,3.843646446016609e-20,4.312989191729702e-05,39200.0,0,True,1.0
100000002779485100,terminal,0.817,3,0.4062,"получил 91,000₸ от 1 за 2 перев., исходящих нет (глубина 2<4) -> деньги осели",1,0,91000.0,0.0,0.0005492997691906768,0.0,2,False,False,-0.0,2.824316144474544e-20,0.0,91000.0,0,False,
100000008774237100,peripheral,0.2,23,0.1965,"удерживает средства: получил 50,000₸, отдал 10,000₸ (pass_through=0.20), in_deg=1",1,1,50000.0,10000.0,0.0003117296868876269,0.2,2,False,False,6.814210052078403e-20,8.466185437759585e-20,0.0,40000.0,0,False,1.0
100000002628146100,terminal,0.694,33,0.2904,"получил 30,500₸ от 1 за 2 перев., исходящих нет (глубина 2<4) -> деньги осели",1,0,30500.0,0.0,0.000320635907110544,0.0,2,False,False,-0.0,-7.68283950825942e-20,0.0,30500.0,0,False,
100000002852402100,terminal,0.769,16,0.3232,"получил 55,000₸ от 1 за 1 перев., исходящих нет (глубина 2<4) -> деньги осели",1,0,55000.0,0.0,0.0003284738784167002,0.0,2,False,False,-0.0,-3.005623668565519e-19,0.0,55000.0,0,False,
100000006989106100,terminal,0.781,6,0.3771,"получил 64,000₸ от 1 за 2 перев., исходящих нет (глубина 2<4) -> деньги осели",1,0,64000.0,0.0,0.0004978155873421427,0.0,2,False,False,-0.0,-1.056828543416603e-19,0.0,64000.0,0,False,
100000002958343100,peripheral,0.2,6,0.5622,"удерживает средства: получил 2,900,000₸, отдал 1,390,000₸ (pass_through=0.48), in_deg=1",1,2,2900000.0,1390000.0,0.0006321936524405388,0.4793103448275862,2,False,False,1.877603058427392e-06,4.516422468280748e-20,4.0308310203081327e-07,1510000.0,0,True,9.0
100000008461532100,distributor,0.696,27,0.853,"разослал на 8 получателей, 2,530,090₸ за 9 перев., hub=0.0000; out/in по узлам 8/2",2,8,565300.0,2530090.0,0.0007483125003170445,4.475658942154608,2,False,False,2.7646160826714067e-20,5.004817059612507e-06,0.0002759103833400917,-1964790.0,0,True,0.0
100000004400305100,distributor,0.999,0,0.8066,"разослал на 82 получателей, 5,830,181₸ за 101 перев., hub=0.1559; out/in по узлам 82/7",7,82,222800.0,5830181.0,0.0003875197625312218,26.167778276481148,2,False,False,0.1559235546388474,0.0003913619010810694,0.0026538505082248217,-5607381.0,0,True,1.0
100000000297649100,transit,0.979,11,0.5726,"pass_through=1.76, 40,000₸ -> 70,600₸; двусторонний поток",1,1,40000.0,70600.0,0.00081261962354166,1.765,2,False,False,5.414109682191169e-05,-7.215648466174397e-20,0.0,-30600.0,0,True,8.0
100000003191430100,terminal,0.883,5,0.4202,"получил 180,000₸ от 1 за 1 перев., исходящих нет (глубина 2<4) -> деньги осели",1,0,180000.0,0.0,0.0005330642698010572,0.0,2,False,False,-0.0,-4.714045992895362e-21,0.0,180000.0,0,False,
100000003275398100,peripheral,0.2,23,0.3151,"удерживает средства: получил 300,000₸, отдал 20,000₸ (pass_through=0.07), in_deg=1",1,1,300000.0,20000.0,0.00043613386795007206,0.06666666666666667,2,False,False,1.4503478016435078e-19,-3.569894883908805e-20,0.0,280000.0,0,False,
100000005203590100,terminal,0.815,6,0.3032,"получил 90,000₸ от 1 за 1 перев., исходящих нет (глубина 2<4) -> деньги осели",1,0,90000.0,0.0,0.00030397876731292787,0.0,2,False,False,-0.0,2.8721412970847364e-05,0.0,90000.0,0,False,
100000008672603100,terminal,0.641,2,0.2271,"получил 21,200₸ от 1 за 1 перев., исходящих нет (глубина 2<4) -> деньги осели",1,0,21200.0,0.0,0.00029854187338565827,0.0,2,False,False,-0.0,1.1910632216772558e-19,0.0,21200.0,0,False,
100000000718427100,terminal,0.529,1,0.1284,"получил 6,000₸ от 1 за 1 перев., исходящих нет (глубина 2<4) -> деньги осели",1,0,6000.0,0.0,0.0002888949789665574,0.0,2,False,False,-0.0,-4.313644964146861e-19,0.0,6000.0,0,False,
100000003104347100,peripheral,0.2,22,0.4118,"удерживает средства: получил 418,000₸, отдал 32,000₸ (pass_through=0.08), in_deg=1",1,1,418000.0,32000.0,0.0003659292140404731,0.07655502392344497,2,False,False,1.5408329999885347e-21,9.190763811915226e-05,1.9549530448494444e-05,386000.0,0,False,21.0
100000002974256100,terminal,0.537,11,0.3073,"получил 7,200₸ от 1 за 1 перев., исходящих нет (глубина 2<4) -> деньги осели",1,0,7200.0,0.0,0.0005342360284364493,0.0,2,False,False,-0.0,-3.389804268599982e-21,0.0,7200.0,0,False,
100000007173936100,terminal,0.557,30,0.13,"получил 10,000₸ от 1 за 1 перев., исходящих нет (глубина 2<4) -> деньги осели",1,0,10000.0,0.0,0.00028810329783986416,0.0,2,False,False,-0.0,3.8766879522069777e-07,0.0,10000.0,0,False,
100000002744581100,terminal,0.572,6,0.2584,"получил 12,000₸ от 1 за 1 перев., исходящих нет (глубина 2<4) -> деньги осели",1,0,12000.0,0.0,0.00032640511380020124,0.0,2,False,False,-0.0,-4.589228191054065e-20,0.0,12000.0,0,False,
100000000596954100,peripheral,0.2,2,0.4349,"удерживает средства: получил 120,000₸, отдал 48,100₸ (pass_through=0.40), in_deg=1",1,2,120000.0,48100.0,0.0005178616657439626,0.4008333333333333,2,False,False,6.02107899023317e-20,1.9937128485260234e-20,4.9176138447759216e-05,71900.0,0,False,2.0
100000004950490100,terminal,0.557,6,0.2576,"получил 10,000₸ от 1 за 1 перев., исходящих нет (глубина 2<4) -> деньги осели",1,0,10000.0,0.0,0.0003321133600975869,0.0,2,False,False,-0.0,2.8524832153852095e-21,0.0,10000.0,0,False,
100000008772058100,terminal,0.752,1,0.2811,"получил 50,000₸ от 1 за 1 перев., исходящих нет (глубина 2<4) -> деньги осели",1,0,50000.0,0.0,0.00030389991977030045,0.0,2,False,False,-0.0,6.176286660455355e-20,0.0,50000.0,0,False,
100000000971908100,terminal,0.813,6,0.3019,"получил 89,000₸ от 1 за 1 перев., исходящих нет (глубина 2<4) -> деньги осели",1,0,89000.0,0.0,0.00030378843490584136,0.0,2,False,False,-0.0,2.8721412970847265e-05,0.0,89000.0,0,False,
100000008687492100,terminal,0.592,1,0.1762,"получил 15,000₸ от 1 за 1 перев., исходящих нет (глубина 2<4) -> деньги осели",1,0,15000.0,0.0,0.0002919641714036867,0.0,2,False,False,-0.0,-2.7083073542610687e-19,0.0,15000.0,0,False,
100000003159641100,consolidator,0.562,60,0.6363,"получил от 4 плательщиков, 64,000₸; authority=0.0014; seed-плательщиков 0, циклы=False",4,1,64000.0,197800.0,0.0003065755783923238,3.090625,2,False,False,4.296187450768334e-21,0.0014254345691827582,5.985784065157577e-05,-133800.0,0,False,2.0
100000005326681100,terminal,0.696,16,0.2374,"получил 31,228₸ от 1 за 1 перев., исходящих нет (глубина 2<4) -> деньги осели",1,0,31228.0,0.0,0.0002968239656519759,0.0,2,False,False,-0.0,3.56763496094992e-05,0.0,31228.0,0,False,
100000006888238100,transit,0.726,57,0.5346,"pass_through=1.67, 18,000₸ -> 30,000₸; двусторонний поток",1,1,18000.0,30000.0,0.0006123269432202905,1.6666666666666667,2,False,False,4.210239310444604e-21,-1.286233244293878e-19,4.0308310203081327e-07,-12000.0,0,False,
100000001290243100,terminal,0.557,5,0.249,"получил 10,000₸ от 1 за 1 перев., исходящих нет (глубина 2<4) -> деньги осели",1,0,10000.0,0.0,0.00032137486407264197,0.0,2,False,False,-0.0,1.2596487311570195e-05,0.0,10000.0,0,False,
100000008289539100,terminal,0.588,16,0.1722,"получил 14,912₸ от 1 за 1 перев., исходящих нет (глубина 2<4) -> деньги осели",1,0,14912.0,0.0,0.0002916121693165689,0.0,2,False,False,-0.0,3.5676349609498844e-05,0.0,14912.0,0,False,
100000000821507100,terminal,0.949,30,0.3947,"получил 400,000₸ от 1 за 1 перев., исходящих нет (глубина 2<4) -> деньги осели",1,0,400000.0,0.0,0.0003370267372641897,0.0,2,False,False,-0.0,3.876687952206034e-07,0.0,400000.0,0,False,
100000003086040100,terminal,0.567,0,0.3243,"получил 10,500₸ от 1 за 1 перев., исходящих нет (глубина 2<4) -> деньги осели",1,0,10500.0,0.0,0.0005510497606358253,0.0,2,False,False,-0.0,5.180959487020933e-06,0.0,10500.0,0,False,
100000002969048100,terminal,0.839,6,0.3183,"получил 108,470₸ от 1 за 1 перев., исходящих нет (глубина 2<4) -> деньги осели",1,0,108470.0,0.0,0.0003074942068718166,0.0,2,False,False,-0.0,2.8721412970847546e-05,0.0,108470.0,0,False,
100000002826669100,terminal,0.872,0,0.4063,"получил 159,900₸ от 1 за 4 перев., исходящих нет (глубина 2<4) -> деньги осели",1,0,159900.0,0.0,0.00047829346095073805,0.0,2,False,False,-0.0,3.537647196486777e-05,0.0,159900.0,0,False,
100000002293421100,transit,0.912,0,0.6794,"pass_through=1.15: получил 41,000₸ -> отдал 47,000₸, оборот ~0д; цикл=True",2,2,41000.0,47000.0,0.00097872887506679,1.146341463414634,2,False,False,0.0009381347558585551,1.7626220379286204e-05,1.9952613550525257e-05,-6000.0,0,True,0.0
100000004732589100,terminal,0.906,9,0.4028,"получил 227,520₸ от 1 за 1 перев., исходящих нет (глубина 2<4) -> деньги осели",1,0,227520.0,0.0,0.0003957008792348511,0.0,2,False,False,-0.0,2.322813412463326e-05,0.0,227520.0,0,False,
100000003003821100,terminal,0.721,2,0.3483,"получил 40,000₸ от 1 за 1 перев., исходящих нет (глубина 2<4) -> деньги осели",1,0,40000.0,0.0,0.00043985019963380925,0.0,2,False,False,-0.0,2.0260433992428924e-19,0.0,40000.0,0,False,
100000005237935150,terminal,0.705,12,0.2497,"получил 34,508₸ от 1 за 1 перев., исходящих нет (глубина 2<4) -> деньги осели",1,0,34508.0,0.0,0.0002993098467736381,0.0,2,False,False,-0.0,4.0882453973592816e-08,0.0,34508.0,0,False,
100000004463277100,terminal,0.707,29,0.3844,"получил 35,000₸ от 1 за 1 перев., исходящих нет (глубина 2<4) -> деньги осели",1,0,35000.0,0.0,0.0006948210120651957,0.0,2,False,False,-0.0,-2.841175667272921e-23,0.0,35000.0,0,False,
100000006523053100,terminal,0.516,2,0.3062,"получил 5,000₸ от 1 за 1 перев., исходящих нет (глубина 2<4) -> деньги осели",1,0,5000.0,0.0,0.0005410075313508007,0.0,2,False,False,-0.0,-5.075088031340501e-22,0.0,5000.0,0,False,
100000001954903100,terminal,0.678,9,0.2417,"получил 27,118₸ от 1 за 1 перев., исходящих нет (глубина 2<4) -> деньги осели",1,0,27118.0,0.0,0.00029982287190616065,0.0,2,False,False,-0.0,2.322813412463335e-05,0.0,27118.0,0,False,
100000005328215100,terminal,0.677,9,0.2409,"получил 27,000₸ от 1 за 1 перев., исходящих нет (глубина 2<4) -> деньги осели",1,0,27000.0,0.0,0.0002997664173554836,0.0,2,False,False,-0.0,2.3228134124633646e-05,0.0,27000.0,0,False,
100000004424023100,transit,0.745,6,0.6177,"pass_through=2.00, 50,000₸ -> 100,000₸; двусторонний поток",1,1,50000.0,100000.0,0.0009757985999759034,2.0,2,False,False,4.8167535721858075e-21,-5.654673247088856e-22,2.0758779754586885e-05,-50000.0,0,False,
100000002299948100,terminal,0.533,33,0.1744,"получил 6,750₸ от 1 за 1 перев., исходящих нет (глубина 2<4) -> деньги осели",1,0,6750.0,0.0,0.00029432631398461297,0.0,2,False,False,-0.0,3.086564564185227e-19,0.0,6750.0,0,False,
100000005105153100,terminal,0.689,0,0.3298,"получил 30,000₸ от 1 за 1 перев., исходящих нет (глубина 2<4) -> деньги осели",1,0,30000.0,0.0,0.00040314809720736904,0.0,2,False,False,-0.0,-5.001681514291496e-20,0.0,30000.0,0,False,
100000001985793100,terminal,0.952,25,0.414,"получил 420,000₸ от 1 за 1 перев., исходящих нет (глубина 2<4) -> деньги осели",1,0,420000.0,0.0,0.0003743112625994553,0.0,2,False,False,-0.0,4.282827841851241e-07,0.0,420000.0,0,False,
100000003134934100,consolidator,0.57,0,0.5858,"получил от 4 плательщиков, 379,354₸; authority=0.0020; seed-плательщиков 0, циклы=False",4,0,379354.0,0.0,0.00042632840153352194,0.0,2,False,False,-0.0,0.0019927140884678004,0.0,379354.0,0,False,
100000006240939100,distributor,0.698,25,0.6226,"разослал на 5 получателей, 778,015₸ за 5 перев., hub=0.0000; out/in по узлам 5/1",1,5,160000.0,778015.0,0.00032016786474154454,4.86259375,2,False,False,2.536535756577723e-05,4.282827841858315e-07,4.2323725713235395e-06,-618015.0,0,False,0.0
100000008656043100,terminal,0.673,1,0.225,"получил 26,200₸ от 1 за 1 перев., исходящих нет (глубина 2<4) -> деньги осели",1,0,26200.0,0.0,0.0002957836108810031,0.0,2,False,False,-0.0,-1.3643204654940833e-19,0.0,26200.0,0,False,
100000002605184100,terminal,0.86,16,0.3845,"получил 140,000₸ от 1 за 1 перев., исходящих нет (глубина 2<4) -> деньги осели",1,0,140000.0,0.0,0.00039280346674456916,0.0,2,False,False,-0.0,-3.0029916470692024e-19,0.0,140000.0,0,False,
100000003157333100,terminal,0.689,6,0.2114,"получил 30,000₸ от 1 за 1 перев., исходящих нет (глубина 2<4) -> деньги осели",1,0,30000.0,0.0,0.00029255882288773457,0.0,2,False,False,-0.0,2.8721412970847008e-05,0.0,30000.0,0,False,
100000007898453100,transit,0.875,2,0.6446,"pass_through=12.93, 24,750₸ -> 320,000₸; двусторонний поток",1,2,24750.0,320000.0,0.00033449524378308294,12.929292929292929,2,False,False,0.00019944888472299497,2.0725082172376827e-20,2.43865276728642e-05,-295250.0,0,True,4.5
100000002710570100,terminal,0.905,31,0.434,"получил 225,015₸ от 1 за 1 перев., исходящих нет (глубина 2<4) -> деньги осели",1,0,225015.0,0.0,0.0005414532929435287,0.0,2,False,False,-0.0,3.348188229583539e-20,0.0,225015.0,0,False,
100000004979498100,peripheral,0.2,50,0.4773,"удерживает средства: получил 700,000₸, отдал 200,000₸ (pass_through=0.29), in_deg=1",1,1,700000.0,200000.0,0.0013279423584759303,0.2857142857142857,2,False,False,5.334989904573264e-20,1.417350674898833e-19,0.0,500000.0,0,True,0.0
100000001541418100,terminal,0.823,7,0.3092,"получил 96,900₸ от 2 за 2 перев., исходящих нет (глубина 2<4) -> деньги осели",2,0,96900.0,0.0,0.0003048959847607101,0.0,2,False,False,-0.0,2.4915070019765042e-05,0.0,96900.0,0,False,
100000007797290100,peripheral,0.2,0,0.309,"удерживает средства: получил 100,000₸, отдал 20,000₸ (pass_through=0.20), in_deg=1",1,1,100000.0,20000.0,0.0003024705867928064,0.2,2,False,False,6.680831339353145e-22,5.172134333213635e-05,1.9549530448494444e-05,80000.0,0,False,9.0
100000008683818100,terminal,0.611,1,0.1892,"получил 17,400₸ от 1 за 1 перев., исходящих нет (глубина 2<4) -> деньги осели",1,0,17400.0,0.0,0.0002927826227202545,0.0,2,False,False,-0.0,-1.3294013541516094e-19,0.0,17400.0,0,False,
100000006567935100,terminal,0.896,30,0.3468,"получил 200,000₸ от 1 за 1 перев., исходящих нет (глубина 2<4) -> деньги осели",1,0,200000.0,0.0,0.0003119377939696638,0.0,2,False,False,-0.0,3.876687952206254e-07,0.0,200000.0,0,False,
100000002132479100,transit,0.832,14,0.531,"pass_through=0.67, 30,000₸ -> 20,000₸; двусторонний поток",1,1,30000.0,20000.0,0.000608543240087641,0.6666666666666666,2,False,False,2.2302336536725165e-05,5.906781925894306e-20,0.0,10000.0,0,True,7.0
100000002170580100,terminal,0.867,9,0.375,"получил 150,000₸ от 1 за 1 перев., исходящих нет (глубина 2<4) -> деньги осели",1,0,150000.0,0.0,0.0003586131100103919,0.0,2,False,False,-0.0,2.3228134124633273e-05,0.0,150000.0,0,False,
100000001232297100,transit,0.771,13,0.3762,"pass_through=9.00, 5,000₸ -> 45,000₸; двусторонний поток",1,2,5000.0,45000.0,0.00029345699524824145,9.0,2,False,False,0.00031419503306721425,4.876477815526386e-08,0.0,-40000.0,0,True,3.0
100000002028158100,terminal,0.706,16,0.2459,"получил 34,800₸ от 1 за 1 перев., исходящих нет (глубина 2<4) -> деньги осели",1,0,34800.0,0.0,0.00029796496445744745,0.0,2,False,False,-0.0,3.567634960949937e-05,0.0,34800.0,0,False,
100000005519998100,consolidator,0.324,34,0.841,"получил от 3 плательщиков, 182,000₸; authority=0.0000; seed-плательщиков 0, циклы=True",3,3,182000.0,188000.0,0.0006551647286806784,1.032967032967033,2,False,False,0.0009458229069002636,2.937647552716523e-07,6.0865548406652806e-05,-6000.0,0,True,1.0
100000002335358100,terminal,0.86,5,0.4313,"получил 140,000₸ от 1 за 2 перев., исходящих нет (глубина 2<4) -> деньги осели",1,0,140000.0,0.0,0.0006151184450136051,0.0,2,False,False,-0.0,9.055040915040286e-20,0.0,140000.0,0,False,
100000007289427100,terminal,0.575,2,0.2848,"получил 12,300₸ от 1 за 1 перев., исходящих нет (глубина 2<4) -> деньги осели",1,0,12300.0,0.0,0.00037528145588889395,0.0,2,False,False,-0.0,6.461479347826764e-20,0.0,12300.0,0,False,
100000004592467100,terminal,0.535,2,0.1229,"получил 7,000₸ от 1 за 1 перев., исходящих нет (глубина 2<4) -> деньги осели",1,0,7000.0,0.0,0.00028790680824774607,0.0,2,False,False,-0.0,6.211858333422801e-05,0.0,7000.0,0,False,
100000004993576100,terminal,0.878,16,0.3703,"получил 167,000₸ от 1 за 1 перев., исходящих нет (глубина 2<4) -> деньги осели",1,0,167000.0,0.0,0.00034019341968794545,0.0,2,False,False,-0.0,3.5676349609499095e-05,0.0,167000.0,0,False,
100000001648936100,terminal,0.819,6,0.3057,"получил 92,740₸ от 1 за 1 перев., исходящих нет (глубина 2<4) -> деньги осели",1,0,92740.0,0.0,0.00030450027810834503,0.0,2,False,False,-0.0,2.8721412970847516e-05,0.0,92740.0,0,False,
100000008512552100,distributor,0.736,15,0.8042,"разослал на 6 получателей, 1,302,275₸ за 11 перев., hub=0.0010; out/in по узлам 6/4",4,6,394360.0,1302275.0,0.0004277420103501143,3.3022492139162187,2,False,False,0.0010030183788805294,0.0003380089252017181,0.0004381089284089468,-907915.0,0,True,0.0
100000007629096100,consolidator,0.514,0,0.8617,"получил от 4 плательщиков, 1,075,170₸; authority=0.0003; seed-плательщиков 0, циклы=True",4,1,1075170.0,765205.0,0.0025022585486800825,0.7117060557865268,2,False,False,0.00010197759824558183,0.0002846348945844804,1.551869942818631e-05,309965.0,0,True,1.0
100000001601320100,transit,0.683,6,0.5729,"pass_through=1.06: получил 43,500₸ -> отдал 46,200₸, оборот ~8д; цикл=False",2,1,43500.0,46200.0,0.0008152009196827951,1.0620689655172413,2,False,False,-6.16350664797746e-21,7.09642353488588e-20,1.0077077550770332e-06,-2700.0,0,False,8.0
100000005782781100,distributor,0.788,6,0.8134,"разослал на 10 получателей, 1,263,597₸ за 10 перев., hub=0.0058; out/in по узлам 10/6",6,10,171888.0,1263597.0,0.0004896362070138848,7.351281066741134,2,False,False,0.0058119908500491825,0.00037180420943360966,0.0005780609985678846,-1091709.0,0,True,0.0
100000002723538100,distributor,0.804,3,0.7471,"разослал на 12 получателей, 560,499₸ за 14 перев., hub=0.0065; out/in по узлам 12/3",3,12,105647.0,560499.0,0.0003217367684418318,5.305394379395534,2,False,False,0.006524988787603191,0.004580931018943351,0.00029586993447259233,-454852.0,0,True,0.0
100000002340562100,terminal,0.712,6,0.3604,"получил 36,650₸ от 1 за 2 перев., исходящих нет (глубина 2<4) -> деньги осели",1,0,36650.0,0.0,0.0005331828016435867,0.0,2,False,False,-0.0,5.821476845643107e-21,0.0,36650.0,0,False,
100000005939154100,terminal,0.643,5,0.2122,"получил 22,000₸ от 1 за 2 перев., исходящих нет (глубина 2<4) -> деньги осели",1,0,22000.0,0.0,0.00029501093822377597,0.0,2,False,False,-0.0,2.603644917960742e-06,0.0,22000.0,0,False,
100000004386258100,consolidator,0.165,11,0.7872,"получил от 3 плательщиков, 61,700₸; authority=-0.0000; seed-плательщиков 0, циклы=True",3,3,61700.0,40000.0,0.0005359655801261061,0.6482982171799028,2,False,False,-1.2552392412761473e-19,-1.1743069829808888e-19,0.00012253726301736723,21700.0,0,True,0.0
100000008406609100,terminal,0.703,20,0.3406,"получил 34,000₸ от 1 за 1 перев., исходящих нет (глубина 2<4) -> деньги осели",1,0,34000.0,0.0,0.000432380515046988,0.0,2,False,False,-0.0,9.758046588492164e-22,0.0,34000.0,0,False,
100000007242833100,peripheral,0.2,11,0.4165,"удерживает средства: получил 107,500₸, отдал 45,000₸ (pass_through=0.42), in_deg=1",1,1,107500.0,45000.0,0.0005160352036917602,0.4186046511627907,2,False,False,-2.9802838548438985e-20,1.0889291912006712e-20,2.0154155101540664e-05,62500.0,0,False,1.0
100000004698193100,peripheral,0.2,6,0.5357,"удерживает средства: получил 222,700₸, отдал 38,000₸ (pass_through=0.17), in_deg=2",2,3,222700.0,38000.0,0.000828719533321107,0.17063313875168387,2,False,False,1.6257334801129374e-19,2.8951050698702453e-05,1.612332408123253e-06,184700.0,0,True,3.0
100000002733905100,consolidator,0.147,1,0.8481,"получил от 3 плательщиков, 100,000₸; authority=-0.0000; seed-плательщиков 0, циклы=True",3,2,100000.0,717839.0,0.0029378997793495596,7.17839,2,False,False,-6.55858458572382e-20,-2.3733522350831853e-19,1.8138739591386597e-06,-617839.0,0,True,0.0
100000006912294100,transit,0.933,7,0.5825,"pass_through=4.74, 6,335₸ -> 30,000₸; двусторонний поток",1,2,6335.09,30000.0,0.0005050490593143352,4.7355286191672095,2,False,False,9.917415337628622e-06,-1.9464563612347764e-19,6.046246530462199e-07,-23664.91,0,True,
100000003036198100,terminal,0.592,2,0.1486,"получил 15,000₸ от 1 за 1 перев., исходящих нет (глубина 2<4) -> деньги осели",1,0,15000.0,0.0,0.0002892235631566834,0.0,2,False,False,-0.0,0.00014216819592800459,0.0,15000.0,0,False,
100000004687099100,terminal,0.689,6,0.3013,"получил 30,000₸ от 1 за 1 перев., исходящих нет (глубина 2<4) -> деньги осели",1,0,30000.0,0.0,0.00033570064330650136,0.0,2,False,False,-0.0,5.956037484939547e-20,0.0,30000.0,0,False,
100000005242320100,distributor,0.865,12,0.7154,"разослал на 21 получателей, 8,936,295₸ за 29 перев., hub=0.0000; out/in по узлам 21/2",2,21,365700.0,8936295.0,0.0005023175201394404,24.43613617719442,2,False,False,2.0359245658057843e-05,4.5210119143924806e-07,3.0231232652310996e-05,-8570595.0,0,False,2.0
100000008762832100,transit,0.665,2,0.485,"pass_through=0.57, 150,000₸ -> 85,000₸; двусторонний поток",1,1,150000.0,85000.0,0.00030951937008817133,0.5666666666666667,2,False,False,2.3834227655004224e-20,6.2118583334228e-05,0.0,65000.0,0,True,
100000002489253100,terminal,0.759,5,0.2812,"получил 51,000₸ от 1 за 1 перев., исходящих нет (глубина 2<4) -> деньги осели",1,0,51000.0,0.0,0.0003031895019953128,0.0,2,False,False,-0.0,1.8799731546403751e-07,0.0,51000.0,0,False,
100000004756901100,terminal,0.87,5,0.3383,"получил 153,248₸ от 1 за 1 перев., исходящих нет (глубина 2<4) -> деньги осели",1,0,153248.0,0.0,0.00031233999905218226,0.0,2,False,False,-0.0,4.0407560321178656e-06,0.0,153248.0,0,False,
100000008749989100,terminal,0.602,1,0.1819,"получил 16,000₸ от 1 за 1 перев., исходящих нет (глубина 2<4) -> деньги осели",1,0,16000.0,0.0,0.0002923051927855899,0.0,2,False,False,-0.0,-1.3113822097422521e-19,0.0,16000.0,0,False,
100000001380986100,terminal,0.792,7,0.2527,"получил 70,170₸ от 1 за 1 перев., исходящих нет (глубина 2<4) -> деньги осели",1,0,70170.0,0.0,0.00029347981117744176,0.0,2,False,False,-0.0,5.012796367344462e-07,0.0,70170.0,0,False,
100000003089018100,terminal,0.907,7,0.3448,"получил 230,000₸ от 1 за 1 перев., исходящих нет (глубина 2<4) -> деньги осели",1,0,230000.0,0.0,0.0003085835081573937,0.0,2,False,False,-0.0,5.01279636734443e-07,0.0,230000.0,0,False,
100000008742266100,terminal,0.639,1,0.2055,"получил 21,000₸ от 1 за 1 перев., исходящих нет (глубина 2<4) -> деньги осели",1,0,21000.0,0.0,0.0002940102996951062,0.0,2,False,False,-0.0,-1.240037871714776e-19,0.0,21000.0,0,False,
100000003044431100,terminal,0.776,2,0.289,"получил 60,000₸ от 2 за 2 перев., исходящих нет (глубина 2<4) -> деньги осели",2,0,60000.0,0.0,0.00030380939962834213,0.0,2,False,False,-0.0,0.0030996547637793556,0.0,60000.0,0,False,
100000003321423100,terminal,0.829,32,0.4256,"получил 100,000₸ от 1 за 2 перев., исходящих нет (глубина 2<4) -> деньги осели",1,0,100000.0,0.0,0.0006739434775327184,0.0,2,False,False,-0.0,1.7587586643392214e-19,0.0,100000.0,0,False,
100000002540623100,terminal,0.829,9,0.3493,"получил 100,000₸ от 1 за 1 перев., исходящих нет (глубина 2<4) -> деньги осели",1,0,100000.0,0.0,0.0003346916902319739,0.0,2,False,False,-0.0,2.3228134124633422e-05,0.0,100000.0,0,False,
100000004225615100,terminal,0.815,7,0.2718,"получил 90,000₸ от 1 за 2 перев., исходящих нет (глубина 2<4) -> деньги осели",1,0,90000.0,0.0,0.0002953537166464554,0.0,2,False,False,-0.0,5.012796367342255e-07,0.0,90000.0,0,False,
100000004820260100,transit,0.952,16,0.738,"pass_through=0.92: получил 234,200₸ -> отдал 215,350₸, оборот ~0д; цикл=True",1,3,234200.0,215350.0,0.0014103695688040066,0.9195132365499573,2,False,False,0.000146488916296192,2.3977747062053785e-06,1.9952613550525257e-05,18850.0,0,True,0.0
100000000795129100,terminal,0.936,16,0.413,"получил 332,000₸ от 1 за 1 перев., исходящих нет (глубина 2<4) -> деньги осели",1,0,332000.0,0.0,0.0003928991315868272,0.0,2,False,False,-0.0,3.567634960949845e-05,0.0,332000.0,0,False,
100000008213966100,consolidator,0.255,28,0.8717,"получил от 3 плательщиков, 187,004₸; authority=0.0000; seed-плательщиков 0, циклы=True",3,1,187004.0,436900.0,0.001943135283772622,2.336313661739856,2,False,False,-8.576551156489907e-21,3.857131193337535e-20,4.3936058121358645e-05,-249896.0,0,True,0.0
100000008478414100,terminal,0.557,1,0.1508,"получил 10,000₸ от 1 за 1 перев., исходящих нет (глубина 2<4) -> деньги осели",1,0,10000.0,0.0,0.0002902590644941704,0.0,2,False,False,-0.0,1.3502103801294972e-19,0.0,10000.0,0,False,
100000001330595100,consolidator,0.296,23,0.7103,"получил от 3 плательщиков, 87,000₸; authority=0.0000; seed-плательщиков 0, циклы=False",3,1,87000.0,154000.0,0.0006784467559252037,1.7701149425287357,2,False,False,5.85425983655547e-21,3.4075677588649985e-19,1.2092493060924398e-06,-67000.0,0,False,4.0
100000000076451100,transit,0.856,16,0.725,"pass_through=0.66, 87,707₸ -> 58,000₸; двусторонний поток",3,4,87707.0,58000.0,0.0014012275295631391,0.661292713238396,2,False,False,5.648670753172671e-20,3.625143738782211e-05,9.935998465059547e-05,29707.0,0,True,2.0
100000005664632100,terminal,0.893,64,0.3888,"получил 198,620₸ от 1 за 18 перев., исходящих нет (глубина 2<4) -> деньги осели",1,0,198620.0,0.0,0.0003667595262044192,0.0,2,False,False,-0.0,-1.2662577884988873e-20,0.0,198620.0,0,False,
100000002457464100,terminal,0.786,2,0.3257,"получил 66,647₸ от 1 за 1 перев., исходящих нет (глубина 2<4) -> деньги осели",1,0,66647.0,0.0,0.000323608515042499,0.0,2,False,False,-0.0,2.0866504189307131e-19,0.0,66647.0,0,False,
100000002757240100,terminal,0.76,2,0.3093,"получил 51,183₸ от 1 за 1 перев., исходящих нет (глубина 2<4) -> деньги осели",1,0,51183.0,0.0,0.00031825299565871535,0.0,2,False,False,-0.0,0.00014276729694478506,0.0,51183.0,0,False,
100000003718221100,transit,0.874,22,0.7572,"pass_through=1.21: получил 350,000₸ -> отдал 423,500₸, оборот ~1д; цикл=True",2,4,350000.0,423500.0,0.0010507940734642526,1.21,2,False,False,0.00017159714430188536,3.2238573094213538e-06,3.9905227101050515e-05,-73500.0,0,True,1.0
100000008629581100,terminal,0.767,2,0.3105,"получил 54,184₸ от 1 за 1 перев., исходящих нет (глубина 2<4) -> деньги осели",1,0,54184.0,0.0,0.00031673445173866806,0.0,2,False,False,-0.0,-2.594001746827282e-19,0.0,54184.0,0,False,
100000004806903100,terminal,0.617,2,0.333,"получил 18,000₸ от 1 за 1 перев., исходящих нет (глубина 2<4) -> деньги осели",1,0,18000.0,0.0,0.0005358736858678877,0.0,2,False,False,-0.0,-1.6701755471020505e-20,0.0,18000.0,0,False,
100000000913911100,transit,0.549,2,0.6156,"pass_through=1.28: получил 467,000₸ -> отдал 600,000₸, оборот ~3д; цикл=False",2,1,467000.0,600000.0,0.00046143588882109003,1.284796573875803,2,False,False,1.6163028506454266e-22,6.262331410085191e-05,1.975107199950985e-05,-133000.0,0,False,3.0
100000004905207100,terminal,0.945,14,0.4277,"получил 380,000₸ от 1 за 1 перев., исходящих нет (глубина 2<4) -> деньги осели",1,0,380000.0,0.0,0.00043673834988646165,0.0,2,False,False,-0.0,4.3439115598035625e-09,0.0,380000.0,0,False,
100000003831201100,terminal,0.724,0,0.3683,"получил 40,500₸ от 1 за 3 перев., исходящих нет (глубина 2<4) -> деньги осели",1,0,40500.0,0.0,0.0005366717916456746,0.0,2,False,False,-0.0,-1.7164847458754832e-20,0.0,40500.0,0,False,
100000003073398100,terminal,0.819,6,0.3063,"получил 92,960₸ от 1 за 1 перев., исходящих нет (глубина 2<4) -> деньги осели",1,0,92960.0,0.0,0.00030454215123790413,0.0,2,False,False,-0.0,2.872141297084756e-05,0.0,92960.0,0,False,
100000008418934100,terminal,0.942,7,0.379,"получил 360,000₸ от 1 за 1 перев., исходящих нет (глубина 2<4) -> деньги осели",1,0,360000.0,0.0,0.0003208683145604079,0.0,2,False,False,-0.0,5.01279636734556e-07,0.0,360000.0,0,False,
100000002741024100,distributor,0.713,0,0.8577,"разослал на 6 получателей, 434,989₸ за 7 перев., hub=0.0001; out/in по узлам 6/5",5,6,817980.85,434989.0,0.002881440784720116,0.5317838431058625,2,False,False,0.00012615097934312396,0.00023959465137559198,0.00012072338905822858,382991.85,0,True,1.0
100000008106997100,transit,0.423,0,0.4527,"pass_through=0.58, 35,600₸ -> 20,600₸; двусторонний поток",2,1,35600.0,20600.0,0.00030673426661240465,0.5786516853932584,2,False,False,-7.203987220692267e-21,0.0002125825364088964,1.9549530448494444e-05,15000.0,0,False,0.0
100000007998965100,consolidator,0.491,9,0.7013,"получил от 5 плательщиков, 278,000₸; authority=0.0000; seed-плательщиков 0, циклы=False",5,1,278000.0,26000.0,0.0004739839224724543,0.09352517985611511,2,False,False,-4.993087928949867e-22,3.0560805964149795e-05,2.0154155101540664e-05,252000.0,0,False,9.0
100000001822623100,terminal,0.898,22,0.3665,"получил 201,300₸ от 1 за 1 перев., исходящих нет (глубина 2<4) -> деньги осели",1,0,201300.0,0.0,0.00032493228882212827,0.0,2,False,False,-0.0,9.190763811915195e-05,0.0,201300.0,0,False,
100000006424479100,peripheral,0.2,13,0.5171,"удерживает средства: получил 500,000₸, отдал 220,000₸ (pass_through=0.44), in_deg=1",1,2,500000.0,220000.0,0.0009476633079854986,0.44,2,False,False,7.242096321349513e-20,4.876477815511215e-08,7.436883232468505e-05,280000.0,0,False,14.0
100000008696692100,terminal,0.621,1,0.1951,"получил 19,000₸ от 1 за 1 перев., исходящих нет (глубина 2<4) -> деньги осели",1,0,19000.0,0.0,0.0002933282569312997,0.0,2,False,False,-0.0,-1.0432637380672334e-19,0.0,19000.0,0,False,
100000002748532100,consolidator,0.424,18,0.6977,"получил от 3 плательщиков, 355,575₸; authority=0.0000; seed-плательщиков 0, циклы=False",3,2,355575.0,646685.0,0.0003406225550005023,1.8187021022287844,2,False,False,8.50361138458038e-07,2.5270982728504916e-05,3.1642023509418844e-05,-291110.0,0,False,4.0
100000004456564100,terminal,0.557,14,0.2856,"получил 10,000₸ от 1 за 2 перев., исходящих нет (глубина 2<4) -> деньги осели",1,0,10000.0,0.0,0.00039408031381263885,0.0,2,False,False,-0.0,-1.7828157319338264e-19,0.0,10000.0,0,False,
100000001530740100,terminal,0.592,5,0.3204,"получил 15,000₸ от 1 за 1 перев., исходящих нет (глубина 2<4) -> деньги осели",1,0,15000.0,0.0,0.0005321421608384037,0.0,2,False,False,-0.0,-5.009116715203382e-21,0.0,15000.0,0,False,
100000001386612100,terminal,0.78,20,0.3674,"получил 62,264₸ от 1 за 1 перев., исходящих нет (глубина 2<4) -> деньги осели",1,0,62264.0,0.0,0.0004356262315251092,0.0,2,False,False,-0.0,1.8751205368946898e-06,0.0,62264.0,0,False,
100000003360542100,peripheral,0.2,9,0.5522,"удерживает средства: получил 317,000₸, отдал 51,800₸ (pass_through=0.16), in_deg=2",2,2,317000.0,51800.0,0.0014621232336168937,0.16340694006309148,2,False,False,0.002149382554005582,3.254432116080194e-07,1.0077077550770332e-06,265200.0,0,True,4.0
100000008352542100,terminal,0.757,2,0.3222,"получил 50,220₸ от 1 за 1 перев., исходящих нет (глубина 2<4) -> деньги осели",1,0,50220.0,0.0,0.0003329485783307634,0.0,2,False,False,-0.0,9.97780955066944e-07,0.0,50220.0,0,False,
100000001138376100,terminal,0.596,16,0.1759,"получил 15,300₸ от 1 за 1 перев., исходящих нет (глубина 2<4) -> деньги осели",1,0,15300.0,0.0,0.0002917361075966705,0.0,2,False,False,-0.0,3.5676349609498756e-05,0.0,15300.0,0,False,
100000003246024100,peripheral,0.2,0,0.3608,"удерживает средства: получил 25,000₸, отдал 5,000₸ (pass_through=0.20), in_deg=1",1,1,25000.0,5000.0,0.00037362633493987244,0.2,2,False,False,-1.1380907399609072e-20,9.196137970350207e-20,0.001639302449236005,20000.0,0,False,0.0
100000002680477100,terminal,0.663,12,0.2223,"получил 25,000₸ от 1 за 1 перев., исходящих нет (глубина 2<4) -> деньги осели",1,0,25000.0,0.0,0.0002958764646331333,0.0,2,False,False,-0.0,4.088245397317352e-08,0.0,25000.0,0,False,
100000005882013100,peripheral,0.2,13,0.3853,"удерживает средства: получил 135,000₸, отдал 10,000₸ (pass_through=0.07), in_deg=2",2,1,135000.0,10000.0,0.0005286709305561867,0.07407407407407407,2,False,False,0.0003116821043043226,5.904083850129449e-06,0.0,125000.0,0,True,1.0
100000005665181100,transit,0.911,4,0.6837,"pass_through=4.00, 45,498₸ -> 181,915₸; двусторонний поток",4,11,45498.0,181915.0,0.0004002985549973439,3.998307617917271,2,False,False,0.005738503345797016,0.00013215554244887354,0.0002729179652370544,-136417.0,0,True,5.0
100000008141170100,terminal,0.569,5,0.336,"получил 11,000₸ от 1 за 1 перев., исходящих нет (глубина 2<4) -> деньги осели",1,0,11000.0,0.0,0.0006245744237647764,0.0,2,False,False,-0.0,-2.2028285398852636e-21,0.0,11000.0,0,False,
100000001382002100,transit,0.984,0,0.5667,"pass_through=1.03: получил 55,000₸ -> отдал 56,500₸, оборот ~9д; цикл=True",1,1,55000.0,56500.0,0.000666013262421275,1.0272727272727273,2,False,False,0.0009231328385008281,-7.580814331501333e-20,0.0,-1500.0,0,True,9.0
100000002481735100,terminal,0.645,5,0.3027,"получил 22,436₸ от 1 за 2 перев., исходящих нет (глубина 2<4) -> деньги осели",1,0,22436.0,0.0,0.00036431141433377804,0.0,2,False,False,-0.0,1.2596487311570266e-05,0.0,22436.0,0,False,
100000000806727100,peripheral,0.2,2,0.2226,"удерживает средства: получил 45,000₸, отдал 5,000₸ (pass_through=0.11), in_deg=1",1,1,45000.0,5000.0,0.00034738627402717463,0.1111111111111111,2,False,False,1.1921295229152823e-20,-1.059027642019339e-19,0.0,40000.0,0,False,21.0
100000003039473100,terminal,0.647,5,0.2644,"получил 23,000₸ от 1 за 1 перев., исходящих нет (глубина 2<4) -> деньги осели",1,0,23000.0,0.0,0.0003135944817852376,0.0,2,False,False,-0.0,2.0045549689329613e-19,0.0,23000.0,0,False,
100000005205745100,terminal,0.529,6,0.229,"получил 6,000₸ от 1 за 1 перев., исходящих нет (глубина 2<4) -> деньги осели",1,0,6000.0,0.0,0.0003136533125139483,0.0,2,False,False,-0.0,2.3525062200285868e-07,0.0,6000.0,0,False,
100000004356593100,peripheral,0.2,2,0.2532,"удерживает средства: получил 50,000₸, отдал 10,000₸ (pass_through=0.20), in_deg=1",1,1,50000.0,10000.0,0.00029476455894695636,0.2,2,False,False,-6.100195428244009e-22,0.00014216819592800494,1.9549530448494444e-05,40000.0,0,False,7.0
100000008688881100,terminal,0.73,1,0.2678,"получил 44,211₸ от 1 за 1 перев., исходящих нет (глубина 2<4) -> деньги осели",1,0,44211.0,0.0,0.0003019257469904626,0.0,2,False,False,-0.0,2.1434647837754257e-19,0.0,44211.0,0,False,
100000008111003100,consolidator,0.587,0,0.8128,"получил от 6 плательщиков, 222,716₸; authority=0.0003; seed-плательщиков 0, циклы=True",6,1,222716.0,35000.0,0.0004716778968758085,0.15715081089818422,2,False,False,-1.2005291221203112e-21,0.00031517921467784957,0.0008970140535353849,187716.0,0,True,0.0
100000003016773100,terminal,0.738,10,0.3004,"получил 46,555₸ от 1 за 1 перев., исходящих нет (глубина 2<4) -> деньги осели",1,0,46555.0,0.0,0.0003161994138360553,0.0,2,False,False,-0.0,2.295250653573226e-06,0.0,46555.0,0,False,
100000004674799100,terminal,0.86,0,0.4406,"получил 140,000₸ от 1 за 5 перев., исходящих нет (глубина 2<4) -> деньги осели",1,0,140000.0,0.0,0.0007939298298890641,0.0,2,False,False,-0.0,8.651368695696935e-05,0.0,140000.0,0,False,
100000005834479100,transit,0.472,3,0.3064,"pass_through=1.93, 7,500₸ -> 14,470₸; двусторонний поток",1,2,7500.0,14470.0,0.0002880362069159106,1.9293333333333333,2,False,False,0.0027141375488980335,0.00014216819592800475,2.0151171844200285e-06,-6970.0,0,False,
100000003278020100,terminal,0.889,0,0.3643,"получил 190,000₸ от 1 за 1 перев., исходящих нет (глубина 2<4) -> деньги осели",1,0,190000.0,0.0,0.0003259973532000966,0.0,2,False,False,-0.0,3.129115642084551e-05,0.0,190000.0,0,False,
100000000831684100,transit,0.995,11,0.5652,"pass_through=3.33, 15,000₸ -> 50,000₸; двусторонний поток",1,1,15000.0,50000.0,0.0019199218378837606,3.3333333333333335,2,False,False,4.333202753151499e-06,8.025533909608157e-22,0.0,-35000.0,0,True,0.5
100000000307908100,terminal,0.516,43,0.1871,"получил 5,000₸ от 1 за 1 перев., исходящих нет (глубина 2<4) -> деньги осели",1,0,5000.0,0.0,0.0002978753639348788,0.0,2,False,False,-0.0,1.3846603518274875e-19,0.0,5000.0,0,False,
100000001782980100,transit,0.659,29,0.5689,"pass_through=11.92, 50,000₸ -> 596,200₸; двусторонний поток",1,1,50000.0,596200.0,0.0003718880578006437,11.924,2,False,False,2.7108631647788166e-21,-1.2355373926515893e-19,6.046246530462199e-07,-546200.0,0,False,12.0
100000002454724100,terminal,0.85,30,0.3119,"получил 125,000₸ от 1 за 3 перев., исходящих нет (глубина 2<4) -> деньги осели",1,0,125000.0,0.0,0.00030252944023421654,0.0,2,False,False,-0.0,3.8766879522077003e-07,0.0,125000.0,0,False,
100000005904580100,terminal,0.794,11,0.3845,"получил 72,000₸ от 2 за 2 перев., исходящих нет (глубина 2<4) -> деньги осели",2,0,72000.0,0.0,0.0005249309055138301,0.0,2,False,False,-0.0,6.845419898233485e-06,0.0,72000.0,0,False,
100000008474308100,transit,0.829,11,0.4648,"pass_through=0.71: получил 14,000₸ -> отдал 10,000₸; цикл=True",1,1,14000.0,10000.0,0.00044693042047161456,0.7142857142857143,2,False,False,0.0009231328385008279,4.475634450290121e-06,0.0,4000.0,0,True,
100000000795033100,terminal,0.619,0,0.3332,"получил 18,200₸ от 1 за 1 перев., исходящих нет (глубина 2<4) -> деньги осели",1,0,18200.0,0.0,0.0005353514037945994,0.0,2,False,False,-0.0,-1.7287208600195949e-22,0.0,18200.0,0,False,
100000000861294100,terminal,0.867,6,0.3425,"получил 150,000₸ от 1 за 1 перев., исходящих нет (глубина 2<4) -> деньги осели",1,0,150000.0,0.0,0.00031539871173812123,0.0,2,False,False,-0.0,2.87214129708476e-05,0.0,150000.0,0,False,
100000006557763100,terminal,0.557,2,0.2681,"получил 10,000₸ от 1 за 1 перев., исходящих нет (глубина 2<4) -> деньги осели",1,0,10000.0,0.0,0.0003487142337287927,0.0,2,False,False,-0.0,2.0399545045109511e-19,0.0,10000.0,0,False,
100000005608515100,terminal,0.781,6,0.2544,"получил 64,000₸ от 1 за 4 перев., исходящих нет (глубина 2<4) -> деньги осели",1,0,64000.0,0.0,0.00029447025319685705,0.0,2,False,False,-0.0,-6.241441085515452e-20,0.0,64000.0,0,False,
100000003922499100,terminal,0.752,11,0.3782,"получил 50,000₸ от 1 за 1 перев., исходящих нет (глубина 2<4) -> деньги осели",1,0,50000.0,0.0,0.0005375833478114201,0.0,2,False,False,-0.0,-6.736101746372114e-22,0.0,50000.0,0,False,
100000008603629100,coordinator,0.988,3,0.9637,"betweenness=0.0059(топ~2%), pagerank=0.0012, мост: получает от 19, шлёт 61; seed-плательщиков 0",19,61,1817300.0,4986156.0,0.0011969051333826262,2.7437165025037142,2,False,False,0.08609235667130405,0.0024573947082203477,0.005859219509461027,-3168856.0,0,True,0.0
100000004825069100,terminal,0.689,1,0.2364,"получил 30,000₸ от 1 за 4 перев., исходящих нет (глубина 2<4) -> деньги осели",1,0,30000.0,0.0,0.0002970794921322354,0.0,2,False,False,-0.0,1.1119421383216043e-20,0.0,30000.0,0,False,
100000004331458100,terminal,0.916,45,0.4711,"получил 250,000₸ от 2 за 2 перев., исходящих нет (глубина 2<4) -> деньги осели",2,0,250000.0,0.0,0.0013288678037691954,0.0,2,False,False,-0.0,9.9040178719204e-20,0.0,250000.0,0,False,
100000002911170100,terminal,0.93,30,0.3773,"получил 300,000₸ от 1 за 2 перев., исходящих нет (глубина 2<4) -> деньги осели",1,0,300000.0,0.0,0.00032448226561692674,0.0,2,False,False,-0.0,3.8766879522078845e-07,0.0,300000.0,0,False,
100000008011159100,peripheral,0.2,38,0.5576,"удерживает средства: получил 363,000₸, отдал 153,037₸ (pass_through=0.42), in_deg=3",3,5,363000.0,153037.0,0.0004882281885694322,0.4215895316804408,2,False,False,0.0013030933547139236,0.00014978499564178752,0.00012420501935201975,209963.0,0,True,6.0
100000003854444100,distributor,0.831,17,0.733,"разослал на 14 получателей, 2,322,909₸ за 14 перев., hub=0.0045; out/in по узлам 14/1",1,14,210000.0,2322909.0,0.00046881298793918075,11.061471428571428,2,False,False,0.004533216152141444,3.2693345777812887e-19,0.0010936814222312309,-2112909.0,0,False,2.0
100000008547948100,distributor,0.925,7,0.8144,"разослал на 26 получателей, 5,185,600₸ за 31 перев., hub=0.0001; out/in по узлам 26/6",6,26,212665.0,5185600.0,0.0004304698388642603,24.383890155878966,2,False,False,0.00010550661103746175,5.649427405723627e-06,0.0011516115029891866,-4972935.0,0,True,5.0
100000005175148100,peripheral,0.2,16,0.401,"удерживает средства: получил 79,000₸, отдал 15,000₸ (pass_through=0.19), in_deg=2",2,1,79000.0,15000.0,0.0007224239433805334,0.189873417721519,2,False,False,0.0001431444823234044,5.127733028743469e-06,0.0,64000.0,0,True,1.0
100000002087788100,terminal,0.833,4,0.4261,"получил 100,500₸ от 1 за 1 перев., исходящих нет (глубина 2<4) -> деньги осели",1,0,100500.0,0.0,0.0006613596572143559,0.0,2,False,False,-0.0,-4.194788683409003e-21,0.0,100500.0,0,False,
100000004150593100,distributor,0.792,5,0.7283,"разослал на 11 получателей, 871,165₸ за 16 перев., hub=0.0028; out/in по узлам 11/1",1,11,57000.0,871165.0,0.0003079960775057002,15.28359649122807,2,False,False,0.0028208849634803745,2.6036449179609256e-06,0.00022543818568173185,-814165.0,0,True,0.5
100000001597505100,peripheral,0.2,33,0.2867,"удерживает средства: получил 26,460₸, отдал 12,920₸ (pass_through=0.49), in_deg=1",1,1,26460.0,12920.0,0.00031616050684828037,0.48828420256991684,2,False,False,2.1523423766220418e-05,-3.458206363433702e-19,9.956152620161088e-06,13540.0,0,False,
100000007629121100,terminal,0.683,2,0.3264,"получил 29,000₸ от 1 за 1 перев., исходящих нет (глубина 2<4) -> деньги осели",1,0,29000.0,0.0,0.0003977748286701746,0.0,2,False,False,-0.0,5.202279410745019e-20,0.0,29000.0,0,False,
100000005614315100,terminal,0.957,5,0.4649,"получил 455,000₸ от 1 за 1 перев., исходящих нет (глубина 2<4) -> деньги осели",1,0,455000.0,0.0,0.0005776190601164816,0.0,2,False,False,-0.0,1.0182820965748378e-20,0.0,455000.0,0,False,
100000008324800100,consolidator,0.576,69,0.8579,"получил от 3 плательщиков, 526,500₸; authority=0.0031; seed-плательщиков 0, циклы=True",3,1,526500.0,511000.0,0.001876753071855338,0.9705603038936372,2,False,False,8.770483720922393e-21,0.0031069866791250296,1.9549530448494444e-05,15500.0,0,True,1.0
100000005030592100,terminal,0.557,16,0.1476,"получил 10,000₸ от 1 за 1 перев., исходящих нет (глубина 2<4) -> деньги осели",1,0,10000.0,0.0,0.00029004313624476707,0.0,2,False,False,-0.0,3.567634960949878e-05,0.0,10000.0,0,False,
100000001633685100,consolidator,0.469,0,0.4438,"получил от 3 плательщиков, 45,000₸; authority=0.0001; seed-плательщиков 0, циклы=False",3,0,45000.0,0.0,0.00030755387279839087,0.0,2,False,False,-0.0,0.00013688515143922217,0.0,45000.0,0,False,
100000001848426100,terminal,0.823,6,0.3093,"получил 95,530₸ от 1 за 1 перев., исходящих нет (глубина 2<4) -> деньги осели",1,0,95530.0,0.0,0.0003050313055241165,0.0,2,False,False,-0.0,2.8721412970847313e-05,0.0,95530.0,0,False,
100000004580202100,transit,0.625,22,0.5028,"pass_through=5.00, 9,000₸ -> 45,000₸; двусторонний поток",1,3,9000.0,45000.0,0.0003231892346538885,5.0,2,False,False,-9.911306108240623e-21,5.175780394362916e-08,6.046246530462199e-05,-36000.0,0,False,5.0
100000008717375100,terminal,0.684,2,0.2563,"получил 29,506₸ от 1 за 1 перев., исходящих нет (глубина 2<4) -> деньги осели",1,0,29506.0,0.0,0.00030312311143441224,0.0,2,False,False,-0.0,-1.9411164618524503e-19,0.0,29506.0,0,False,
100000007861311100,terminal,0.733,6,0.3301,"получил 45,000₸ от 1 за 1 перев., исходящих нет (глубина 2<4) -> деньги осели",1,0,45000.0,0.0,0.00036012653962218304,0.0,2,False,False,-0.0,3.1914952919231207e-19,0.0,45000.0,0,False,
100000005578559100,distributor,0.86,8,0.7932,"разослал на 21 получателей, 893,164₸ за 23 перев., hub=0.0000; out/in по узлам 21/2",2,21,131000.0,893163.6699999999,0.00039274226148974345,6.818043282442748,2,False,False,3.4379930322823895e-05,2.141000929538668e-06,0.0009833140294916325,-762163.6699999999,0,True,0.0
100000008764436100,terminal,0.581,1,0.1678,"получил 13,100₸ от 1 за 1 перев., исходящих нет (глубина 2<4) -> деньги осели",1,0,13100.0,0.0,0.0002913162307780705,0.0,2,False,False,-0.0,-1.3439285144960497e-19,0.0,13100.0,0,False,
100000000190228100,transit,0.722,7,0.5451,"pass_through=5.71, 5,000₸ -> 28,560₸; двусторонний поток",1,1,5000.0,28560.0,0.0005845722996267024,5.712,2,False,False,-1.1634582124355455e-21,-1.1114225009965824e-22,2.1968029060679322e-05,-23560.0,0,False,
100000003971049100,terminal,0.77,0,0.2568,"получил 55,900₸ от 1 за 7 перев., исходящих нет (глубина 2<4) -> деньги осели",1,0,55900.0,0.0,0.0002955814011649146,0.0,2,False,False,-0.0,5.1721343332136384e-05,0.0,55900.0,0,False,
100000008743913100,distributor,0.781,18,0.6869,"разослал на 13 получателей, 1,850,600₸ за 13 перев., hub=0.0000; out/in по узлам 13/3",3,13,149300.0,1850600.0,0.00033358519084050845,12.395177494976558,2,False,False,1.9098191561729443e-05,2.2845138457445196e-06,0.00031130865874268865,-1701300.0,0,False,3.0
100000004400361100,terminal,0.557,5,0.1328,"получил 10,000₸ от 1 за 1 перев., исходящих нет (глубина 2<4) -> деньги осели",1,0,10000.0,0.0,0.0002885122425874006,0.0,2,False,False,-0.0,4.040756032117673e-06,0.0,10000.0,0,False,
100000002175422100,distributor,0.745,31,0.8493,"разослал на 6 получателей, 1,621,188₸ за 14 перев., hub=0.0025; out/in по узлам 6/3",3,6,68500.0,1621188.0,0.0008493337041109494,23.66697810218978,2,False,False,0.002547419954548538,-1.3468448181662833e-19,0.0001614347823633407,-1552688.0,0,True,3.0
100000004544958100,peripheral,0.2,9,0.5528,"удерживает средства: получил 168,000₸, отдал 23,200₸ (pass_through=0.14), in_deg=1",1,2,168000.0,23200.0,0.001220845768505495,0.1380952380952381,2,False,False,5.3109162749844955e-05,-6.551238715745403e-21,2.1161862856617695e-05,144800.0,0,True,3.0
100000008466579100,distributor,0.831,10,0.7848,"разослал на 17 получателей, 1,933,000₸ за 20 перев., hub=0.0001; out/in по узлам 17/2",2,17,36952.0,1933000.0,0.0003559298666444717,52.31110630006495,2,False,False,9.925306275524954e-05,5.41137174462936e-07,0.0005142948495563981,-1896048.0,0,True,0.5
100000001184915100,terminal,0.898,16,0.3831,"получил 201,000₸ от 1 за 2 перев., исходящих нет (глубина 2<4) -> деньги осели",1,0,201000.0,0.0,0.00035105399062468476,0.0,2,False,False,-0.0,3.567634960949855e-05,0.0,201000.0,0,False,
100000004435304100,terminal,0.673,1,0.225,"получил 26,200₸ от 1 за 1 перев., исходящих нет (глубина 2<4) -> деньги осели",1,0,26200.0,0.0,0.0002957836108810031,0.0,2,False,False,-0.0,-1.5560800349974778e-19,0.0,26200.0,0,False,
100000008762728100,terminal,0.607,5,0.2617,"получил 17,026₸ от 1 за 1 перев., исходящих нет (глубина 2<4) -> деньги осели",1,0,17026.0,0.0,0.00031911790598451663,0.0,2,False,False,-0.0,1.7907847734591888e-06,0.0,17026.0,0,False,
100000004285800100,transit,0.644,0,0.3423,"pass_through=3.00, 5,000₸ -> 15,000₸; двусторонний поток",1,1,5000.0,15000.0,0.00034574603210178024,3.0,2,False,False,-1.9190381698588454e-20,4.089564927839954e-20,0.0,-10000.0,0,False,
100000008557672100,terminal,0.746,1,0.2785,"получил 49,125₸ от 1 за 1 перев., исходящих нет (глубина 2<4) -> деньги осели",1,0,49125.0,0.0,0.00030360152606113516,0.0,2,False,False,-0.0,-1.6223936110935421e-19,0.0,49125.0,0,False,
100000005142589100,terminal,0.752,0,0.2958,"получил 50,000₸ от 1 за 2 перев., исходящих нет (глубина 2<4) -> деньги осели",1,0,50000.0,0.0,0.00031175473954037487,0.0,2,False,False,-0.0,5.3468518387994006e-05,0.0,50000.0,0,False,
100000003747133100,consolidator,0.575,48,0.7166,"получил от 5 плательщиков, 237,068₸; authority=0.0005; seed-плательщиков 0, циклы=False",5,2,237068.0,250000.0,0.0003797416045329036,1.0545497494389795,2,False,False,-1.653208185187077e-20,0.000505669927866007,9.774765224247222e-05,-12932.0,0,False,1.5
100000003289405100,terminal,0.941,2,0.3939,"получил 355,000₸ от 1 за 1 перев., исходящих нет (глубина 2<4) -> деньги осели",1,0,355000.0,0.0,0.00034050241328598374,0.0,2,False,False,-0.0,6.211858333422823e-05,0.0,355000.0,0,False,
100000002691858100,terminal,0.76,33,0.3307,"получил 51,500₸ от 1 за 1 перев., исходящих нет (глубина 2<4) -> деньги осели",1,0,51500.0,0.0,0.0003438991262955778,0.0,2,False,False,-0.0,-8.58337652538269e-21,0.0,51500.0,0,False,
100000007534354100,transit,0.588,9,0.4845,"pass_through=2.96, 50,000₸ -> 147,810₸; двусторонний поток",1,3,50000.0,147810.0,0.00030490407859112877,2.9562,2,False,False,1.3217133728705029e-05,4.088245397333493e-08,2.4184986121848796e-06,-97810.0,0,False,
100000000765628100,terminal,0.516,5,0.2318,"получил 5,000₸ от 1 за 1 перев., исходящих нет (глубина 2<4) -> деньги осели",1,0,5000.0,0.0,0.00031683162772349005,0.0,2,False,False,-0.0,2.475049098034381e-06,0.0,5000.0,0,False,
100000004962193100,consolidator,0.665,0,0.647,"получил от 8 плательщиков, 900,468₸; authority=0.0005; seed-плательщиков 0, циклы=False",8,0,900468.0,0.0,0.0006601649087275734,0.0,2,False,False,-0.0,0.000499417248656565,0.0,900468.0,0,False,
100000005032294100,terminal,0.557,14,0.2856,"получил 10,000₸ от 1 за 1 перев., исходящих нет (глубина 2<4) -> деньги осели",1,0,10000.0,0.0,0.00039408031381263885,0.0,2,False,False,-0.0,8.074807991601433e-21,0.0,10000.0,0,False,
100000001251686100,terminal,0.617,2,0.2172,"получил 18,000₸ от 1 за 1 перев., исходящих нет (глубина 2<4) -> деньги осели",1,0,18000.0,0.0,0.000297893037411054,0.0,2,False,False,-0.0,0.00014276729694478535,0.0,18000.0,0,False,
100000002398779100,consolidator,0.727,0,0.7685,"получил от 13 плательщиков, 1,095,690₸; authority=0.0006; seed-плательщиков 0, циклы=False",13,1,1095690.0,66000.0,0.001607266175954047,0.06023601566136407,2,False,False,3.934617193875813e-05,0.0005927895202450159,1.2999430040493728e-05,1029690.0,0,False,0.0
100000008512827100,distributor,0.767,12,0.6845,"разослал на 10 получателей, 1,944,500₸ за 10 перев., hub=0.0001; out/in по узлам 10/3",3,10,107949.0,1944500.0,0.00033674656361513115,18.01313583266172,2,False,False,0.00014596924408969442,3.9118073198934104e-07,0.00013961710969786337,-1836551.0,0,False,2.0
100000003943483100,terminal,0.557,11,0.2565,"получил 10,000₸ от 1 за 1 перев., исходящих нет (глубина 2<4) -> деньги осели",1,0,10000.0,0.0,0.0003304289117909314,0.0,2,False,False,-0.0,-1.559550795737381e-19,0.0,10000.0,0,False,
100000005031696100,transit,0.71,52,0.6026,"pass_through=23.00, 5,000₸ -> 115,000₸; двусторонний поток",1,2,5000.0,115000.0,0.0005420691477720722,23.0,2,False,False,4.348264880495112e-20,-2.7583585962411035e-21,9.75461106914568e-05,-110000.0,0,False,4.0
100000002703376100,terminal,0.738,0,0.238,"получил 46,501₸ от 1 за 1 перев., исходящих нет (глубина 2<4) -> деньги осели",1,0,46501.0,0.0,0.0002941131141872149,0.0,2,False,False,-0.0,5.1721343332136594e-05,0.0,46501.0,0,False,
100000003617552100,terminal,0.663,29,0.3548,"получил 25,000₸ от 1 за 1 перев., исходящих нет (глубина 2<4) -> деньги осели",1,0,25000.0,0.0,0.0005534417558517745,0.0,2,False,False,-0.0,5.0079616220290475e-20,0.0,25000.0,0,False,
100000007617808100,terminal,0.956,5,0.4114,"получил 450,000₸ от 1 за 1 перев., исходящих нет (глубина 2<4) -> деньги осели",1,0,450000.0,0.0,0.00036170148672696215,0.0,2,False,False,-0.0,4.04075603211753e-06,0.0,450000.0,0,False,
100000002613776100,terminal,0.689,2,0.2569,"получил 30,000₸ от 1 за 2 перев., исходящих нет (глубина 2<4) -> деньги осели",1,0,30000.0,0.0,0.00030283329907520245,0.0,2,False,False,-0.0,0.0001594806836091966,0.0,30000.0,0,False,
100000002578405100,distributor,0.498,1,0.8391,"разослал на 116 получателей, 3,108,352₸ за 120 перев., hub=-0.0000; out/in по узлам 116/2",2,116,1200351.0,3108352.0,0.0005724925422578225,2.589535894084314,2,False,False,-1.219524157030036e-15,-1.2252523259021545e-19,0.00017393035852629593,-1908001.0,0,True,1.0
100000006161893100,terminal,0.584,5,0.3207,"получил 14,000₸ от 1 за 1 перев., исходящих нет (глубина 2<4) -> деньги осели",1,0,14000.0,0.0,0.0005341853190630776,0.0,2,False,False,-0.0,9.93892318026449e-22,0.0,14000.0,0,False,
100000002633701100,terminal,0.92,7,0.356,"получил 266,850₸ от 1 за 1 перев., исходящих нет (глубина 2<4) -> деньги осели",1,0,266850.0,0.0,0.0003120657782800943,0.0,2,False,False,-0.0,5.012796367342238e-07,0.0,266850.0,0,False,
100000002432143100,terminal,0.805,2,0.3405,"получил 81,310₸ от 1 за 1 перев., исходящих нет (глубина 2<4) -> деньги осели",1,0,81310.0,0.0,0.0003367378964249901,0.0,2,False,False,-0.0,0.00014276729694478484,0.0,81310.0,0,False,
100000000490383100,distributor,0.752,5,0.7161,"разослал на 8 получателей, 461,375₸ за 9 перев., hub=0.0013; out/in по узлам 8/3",3,8,62600.0,461375.0,0.0005504333625377878,7.37020766773163,2,False,False,0.0013133307536284543,2.8139623880815257e-06,5.2535164298015986e-05,-398775.0,0,False,8.5
100000005809252100,terminal,0.663,4,0.359,"получил 25,000₸ от 1 за 1 перев., исходящих нет (глубина 2<4) -> деньги осели",1,0,25000.0,0.0,0.0005695877439578749,0.0,2,False,False,-0.0,3.013445084639035e-20,0.0,25000.0,0,False,
100000006612238100,peripheral,0.2,1,0.3501,"удерживает средства: получил 160,000₸, отдал 25,000₸ (pass_through=0.16), in_deg=1",1,1,160000.0,25000.0,0.0003414122717796582,0.15625,2,False,False,-1.5297593964337165e-17,-2.9939538885164e-19,0.0,135000.0,0,True,0.0
100000002593038100,terminal,0.681,11,0.3739,"получил 28,500₸ от 1 за 1 перев., исходящих нет (глубина 2<4) -> деньги осели",1,0,28500.0,0.0,0.0006614605263425348,0.0,2,False,False,-0.0,-8.048190177575978e-21,0.0,28500.0,0,False,
100000002947299100,terminal,0.809,2,0.3443,"получил 85,000₸ от 1 за 1 перев., исходящих нет (глубина 2<4) -> деньги осели",1,0,85000.0,0.0,0.00033900195470585286,0.0,2,False,False,-0.0,0.00014276729694478468,0.0,85000.0,0,False,
100000004336312100,consolidator,0.319,34,0.8089,"получил от 3 плательщиков, 90,415₸; authority=0.0000; seed-плательщиков 0, циклы=True",3,2,90415.0,72650.0,0.0006989602995804717,0.8035171155228668,2,False,False,7.688217941528424e-06,1.516908053988057e-07,3.436283444812683e-05,17765.0,0,True,5.0
100000001308856100,terminal,0.677,1,0.2276,"получил 27,000₸ от 1 за 1 перев., исходящих нет (глубина 2<4) -> деньги осели",1,0,27000.0,0.0,0.00029605642798652567,0.0,2,False,False,-0.0,-2.0663985692767796e-19,0.0,27000.0,0,False,
100000008238989100,terminal,0.896,22,0.3656,"получил 200,000₸ от 1 за 2 перев., исходящих нет (глубина 2<4) -> деньги осели",1,0,200000.0,0.0,0.0003246863451083126,0.0,2,False,False,-0.0,9.19076381191521e-05,0.0,200000.0,0,False,
100000005561741100,terminal,0.663,8,0.2896,"получил 25,000₸ от 1 за 1 перев., исходящих нет (глубина 2<4) -> деньги осели",1,0,25000.0,0.0,0.00033131478128049677,0.0,2,False,False,-0.0,8.802623441682505e-21,0.0,25000.0,0,False,
100000006248077100,terminal,0.752,5,0.249,"получил 50,000₸ от 1 за 1 перев., исходящих нет (глубина 2<4) -> деньги осели",1,0,50000.0,0.0,0.00029516581023645167,0.0,2,False,False,-0.0,4.0407560321174344e-06,0.0,50000.0,0,False,
100000000646541100,consolidator,0.44,0,0.501,"получил от 3 плательщиков, 25,300₸; authority=0.0000; seed-плательщиков 0, циклы=False",3,0,25300.0,0.0,0.0005080733109951689,0.0,2,False,False,-0.0,4.577580458139136e-05,0.0,25300.0,0,False,
100000006595426100,terminal,0.808,0,0.3423,"получил 84,800₸ от 1 за 3 перев., исходящих нет (глубина 2<4) -> деньги осели",1,0,84800.0,0.0,0.00033580723219540416,0.0,2,False,False,-0.0,5.310185279970003e-05,0.0,84800.0,0,False,
100000002956898100,terminal,0.927,16,0.4053,"получил 290,240₸ от 2 за 2 перев., исходящих нет (глубина 2<4) -> деньги осели",2,0,290240.0,0.0,0.0003784937510935818,0.0,2,False,False,-0.0,8.824618613832267e-05,0.0,290240.0,0,False,
100000001262647100,terminal,0.651,16,0.2501,"получил 23,650₸ от 1 за 1 перев., исходящих нет (глубина 2<4) -> деньги осели",1,0,23650.0,0.0,0.00030474761260400964,0.0,2,False,False,-0.0,4.8098536586476176e-20,0.0,23650.0,0,False,
100000005849100100,terminal,0.701,2,0.3495,"получил 33,300₸ от 1 за 1 перев., исходящих нет (глубина 2<4) -> деньги осели",1,0,33300.0,0.0,0.0004928605762438083,0.0,2,False,False,-0.0,3.492001344763009e-20,0.0,33300.0,0,False,
100000000533217100,terminal,0.765,0,0.4017,"получил 53,587₸ от 1 за 1 перев., исходящих нет (глубина 2<4) -> деньги осели",1,0,53587.0,0.0,0.000656272183988597,0.0,2,False,False,-0.0,1.104812836653909e-19,0.0,53587.0,0,False,
100000002812641100,transit,0.821,7,0.509,"pass_through=0.70: получил 10,000₸ -> отдал 7,024₸, оборот ~1д; цикл=True",1,1,10000.0,7023.95,0.002098796144747266,0.702395,2,False,False,1.3080306673231172e-05,1.4423525863746267e-20,0.0,2976.05,0,True,1.0
100000008647905100,transit,0.631,17,0.5653,"pass_through=6.88, 50,000₸ -> 344,222₸; двусторонний поток",1,2,50000.0,344222.0,0.00033017364526181475,6.88444,2,False,False,-5.601768292645716e-20,6.172527471979864e-20,3.909906089698889e-05,-294222.0,0,False,3.5
100000002842337100,terminal,0.752,6,0.34,"получил 50,000₸ от 1 за 1 перев., исходящих нет (глубина 2<4) -> деньги осели",1,0,50000.0,0.0,0.00036826850506074365,0.0,2,False,False,-0.0,-7.830064056293848e-20,0.0,50000.0,0,False,
100000002445750100,peripheral,0.2,0,0.3987,"удерживает средства: получил 70,000₸, отдал 10,000₸ (pass_through=0.14), in_deg=1",1,1,70000.0,10000.0,0.0005396399331413585,0.14285714285714285,2,False,False,-1.3730220859327612e-21,1.1130126762323658e-20,1.975107199950985e-05,60000.0,0,False,
100000005619339100,transit,0.667,5,0.3067,"pass_through=1.09: получил 5,000₸ -> отдал 5,443₸; цикл=False",1,1,5000.0,5442.6,0.00032225534682256505,1.0885200000000002,2,False,False,2.3144559129942267e-06,2.0522623255483065e-07,0.0,-442.60000000000036,0,False,
100000006844768100,transit,0.858,0,0.751,"pass_through=0.67, 282,000₸ -> 188,000₸; двусторонний поток",1,2,282000.0,188000.0,0.0013800617680781108,0.6666666666666666,2,False,False,0.004440547123872035,-4.1490108679743895e-20,3.95021439990197e-05,94000.0,0,True,16.0
100000002488629100,terminal,0.794,6,0.2849,"получил 73,050₸ от 1 за 1 перев., исходящих нет (глубина 2<4) -> деньги осели",1,0,73050.0,0.0,0.0003007526330128108,0.0,2,False,False,-0.0,2.8721412970847502e-05,0.0,73050.0,0,False,
100000002796853100,peripheral,0.2,61,0.4521,"удерживает средства: получил 199,000₸, отдал 46,168₸ (pass_through=0.23), in_deg=1",1,1,199000.0,46167.62,0.002149784294916274,0.23199809045226133,2,False,False,-7.922976115514015e-21,4.94957259159825e-08,0.0,152832.38,0,True,0.0
100000006755850100,terminal,0.955,4,0.4706,"получил 443,476₸ от 1 за 3 перев., исходящих нет (глубина 2<4) -> деньги осели",1,0,443475.8,0.0,0.0006519969602831509,0.0,2,False,False,-0.0,3.28523873644892e-20,0.0,443475.8,0,False,
100000008733194100,transit,0.781,13,0.713,"pass_through=0.64, 251,424₸ -> 159,695₸; двусторонний поток",4,8,251424.0,159695.0,0.00047278052440947527,0.6351621165839378,2,False,False,2.285877000422685e-06,0.0005194386137504594,0.000203887830571811,91729.0,0,True,1.0
100000001904863100,terminal,0.964,14,0.4429,"получил 500,000₸ от 1 за 1 перев., исходящих нет (глубина 2<4) -> деньги осели",1,0,500000.0,0.0,0.00048407187595319543,0.0,2,False,False,-0.0,4.343911560005673e-09,0.0,500000.0,0,False,
100000001641951100,terminal,0.663,2,0.2802,"получил 25,000₸ от 1 за 4 перев., исходящих нет (глубина 2<4) -> деньги осели",1,0,25000.0,0.0,0.0003204807525373805,0.0,2,False,False,-0.0,1.0367560487097461e-19,0.0,25000.0,0,False,
100000004816564100,peripheral,0.2,16,0.4034,"удерживает средства: получил 285,480₸, отдал 5,000₸ (pass_through=0.02), in_deg=1",1,1,285480.0,5000.0,0.0003780393151169122,0.01751436177665686,2,False,False,-2.643108712522875e-21,3.567634960949891e-05,1.9549530448494444e-05,280480.0,0,False,1.0
100000002205022100,transit,0.712,56,0.644,"pass_through=72.96, 7,100₸ -> 518,000₸; двусторонний поток",1,3,7100.0,518000.0,0.0005480158521231131,72.95774647887323,2,False,False,1.7617716418608857e-06,-1.8688694823137506e-21,5.54463200349052e-05,-510900.0,0,False,5.0
100000002267998100,transit,0.993,22,0.7765,"pass_through=2.65, 420,000₸ -> 1,115,000₸; двусторонний поток",2,3,420000.0,1115000.0,0.0015963363566370951,2.6547619047619047,2,False,False,0.00017021410733813618,3.2496315001587222e-06,5.985784065157577e-05,-695000.0,0,True,2.0
100000002199091100,terminal,0.783,1,0.3017,"получил 65,000₸ от 1 за 1 перев., исходящих нет (глубина 2<4) -> деньги осели",1,0,65000.0,0.0,0.00030901524049884924,0.0,2,False,False,-0.0,-3.4173707132263803e-19,0.0,65000.0,0,False,
100000008571443100,terminal,0.783,13,0.315,"получил 65,000₸ от 2 за 2 перев., исходящих нет (глубина 2<4) -> деньги осели",2,0,65000.0,0.0,0.0003161500547735696,0.0,2,False,False,-0.0,0.0003125619405927754,0.0,65000.0,0,False,
100000002742067100,terminal,0.577,16,0.1627,"получил 12,730₸ от 1 за 1 перев., исходящих нет (глубина 2<4) -> деньги осели",1,0,12730.0,0.0,0.00029091517620527584,0.0,2,False,False,-0.0,3.5676349609498614e-05,0.0,12730.0,0,False,
100000003292979100,terminal,0.745,2,0.3181,"получил 48,950₸ от 1 за 1 перев., исходящих нет (глубина 2<4) -> деньги осели",1,0,48950.0,0.0,0.00033178277478391663,0.0,2,False,False,-0.0,9.977809550671647e-07,0.0,48950.0,0,False,
100000002558173100,terminal,0.547,33,0.1925,"получил 9,300₸ от 1 за 1 перев., исходящих нет (глубина 2<4) -> деньги осели",1,0,9300.0,0.0,0.0002971511334570814,0.0,2,False,False,-0.0,4.9398079347000355e-20,0.0,9300.0,0,False,
100000004687282100,terminal,0.63,5,0.2816,"получил 20,000₸ от 1 за 1 перев., исходящих нет (глубина 2<4) -> деньги осели",1,0,20000.0,0.0,0.0003337445070092046,0.0,2,False,False,-0.0,7.096084279757215e-20,0.0,20000.0,0,False,
100000003034546100,terminal,0.961,7,0.3974,"получил 486,715₸ от 1 за 2 перев., исходящих нет (глубина 2<4) -> деньги осели",1,0,486715.0,0.0,0.00033284269335546904,0.0,2,False,False,-0.0,5.012796367340001e-07,0.0,486715.0,0,False,
100000003798151100,terminal,0.939,5,0.457,"получил 350,000₸ от 1 за 3 перев., исходящих нет (глубина 2<4) -> деньги осели",1,0,350000.0,0.0,0.0005779100190365981,0.0,2,False,False,-0.0,-6.857129763171342e-20,0.0,350000.0,0,False,
100000008710791100,distributor,0.902,7,0.6934,"разослал на 23 получателей, 5,521,511₸ за 25 перев., hub=0.0002; out/in по узлам 23/3",3,23,181510.0,5521511.0,0.00033575049188161227,30.41987218335078,2,False,False,0.00017282380772349018,1.6641503059951213e-06,0.00031999845656290716,-5340001.0,0,False,1.0
100000008688476100,terminal,0.655,1,0.2161,"получил 24,000₸ от 1 за 1 перев., исходящих нет (глубина 2<4) -> деньги осели",1,0,24000.0,0.0,0.0002950333638408159,0.0,2,False,False,-0.0,-6.181340879386308e-20,0.0,24000.0,0,False,
100000003242289100,distributor,0.925,15,0.8145,"разослал на 23 получателей, 2,377,741₸ за 26 перев., hub=0.0125; out/in по узлам 23/3",3,23,550791.0,2377741.0,0.0004416408320468012,4.316956885642648,2,False,False,0.012521217291712686,0.00019201281613349326,0.001018500903825114,-1826950.0,0,True,2.0
100000006564102100,terminal,0.909,2,0.4111,"получил 233,235₸ от 1 за 1 перев., исходящих нет (глубина 2<4) -> деньги осели",1,0,233235.0,0.0,0.00042995390030577097,0.0,2,False,False,-0.0,0.00014276729694478535,0.0,233235.0,0,False,
100000001526235100,distributor,0.735,26,0.8367,"разослал на 8 получателей, 432,750₸ за 9 перев., hub=0.0001; out/in по узлам 8/3",3,8,82000.0,432750.0,0.0008816319237140664,5.277439024390244,2,False,False,0.00013418598934806998,2.09901143781732e-08,0.0002609963085649516,-350750.0,0,True,8.0
100000004398811100,transit,0.648,2,0.5748,"pass_through=2.44, 426,000₸ -> 1,040,672₸; двусторонний поток",1,3,426000.0,1040672.0,0.0003512331258081529,2.4428920187793426,2,False,False,0.00020283123402592177,6.211858333422807e-05,1.5115616326155497e-06,-614672.0,0,False,2.0
100000002957787100,distributor,0.992,0,0.8466,"разослал на 34 получателей, 1,276,154₸ за 41 перев., hub=0.0345; out/in по узлам 34/4",4,34,84956.0,1276153.96,0.0006165068183473805,15.02135175855737,2,False,False,0.034493337221216884,0.0001915382563392115,0.004349913946687339,-1191197.96,0,True,0.0
100000002621915100,terminal,0.516,5,0.3016,"получил 5,000₸ от 1 за 1 перев., исходящих нет (глубина 2<4) -> деньги осели",1,0,5000.0,0.0,0.0005343718543091349,0.0,2,False,False,-0.0,2.3246174921852954e-20,0.0,5000.0,0,False,
100000008283183100,terminal,0.683,1,0.2324,"получил 29,000₸ от 1 за 1 перев., исходящих нет (глубина 2<4) -> деньги осели",1,0,29000.0,0.0,0.00029673847075033217,0.0,2,False,False,-0.0,-3.095998802410079e-20,0.0,29000.0,0,False,
100000003843844100,transit,0.528,13,0.4538,"pass_through=14.27, 16,680₸ -> 238,000₸; двусторонний поток",1,1,16680.0,238000.0,0.00029304868948997663,14.268585131894485,3,False,False,-5.624945649711198e-21,0.0002594600877930756,1.9549530448494444e-05,-221320.0,0,False,9.0
100000000954884100,terminal,0.703,35,0.2816,"получил 34,000₸ от 1 за 1 перев., исходящих нет (глубина 3<4) -> деньги осели",1,0,34000.0,0.0,0.000312882426442413,0.0,3,False,False,-0.0,2.696076042491588e-19,0.0,34000.0,0,False,
100000005893892100,terminal,0.835,4,0.2415,"получил 102,780₸ от 1 за 1 перев., исходящих нет (глубина 3<4) -> деньги осели",1,0,102780.0,0.0,0.00029019297117019444,0.0,3,False,False,-0.0,0.002940174080170161,0.0,102780.0,0,False,
100000001819396100,terminal,0.877,27,0.362,"получил 166,080₸ от 1 за 1 перев., исходящих нет (глубина 3<4) -> деньги осели",1,0,166080.0,0.0,0.00032865703297944003,0.0,3,False,False,-0.0,9.716843315887747e-20,0.0,166080.0,0,False,
100000008472324100,terminal,0.9,4,0.291,"получил 205,200₸ от 1 за 1 перев., исходящих нет (глубина 3<4) -> деньги осели",1,0,205200.0,0.0,0.0002935253784586133,0.0,3,False,False,-0.0,0.002940174080170159,0.0,205200.0,0,False,
100000002646745100,terminal,0.575,1,0.1403,"получил 12,300₸ от 1 за 1 перев., исходящих нет (глубина 3<4) -> деньги осели",1,0,12300.0,0.0,0.000288776512346833,0.0,3,False,False,-0.0,-2.5526408622031987e-17,0.0,12300.0,0,False,
100000008405209100,terminal,0.767,15,0.2554,"получил 54,400₸ от 1 за 1 перев., исходящих нет (глубина 3<4) -> деньги осели",1,0,54400.0,0.0,0.00029544666066520645,0.0,3,False,False,-0.0,0.00023334462577839042,0.0,54400.0,0,False,
100000004417753100,terminal,0.89,2,0.3974,"получил 192,099₸ от 2 за 2 перев., исходящих нет (глубина 3<4) -> деньги осели",2,0,192099.0,0.0,0.0003948780666174987,0.0,3,False,False,-0.0,0.00013358664355892318,0.0,192099.0,0,False,
100000003457710100,transit,0.557,4,0.5138,"pass_through=4.00, 326,555₸ -> 1,306,000₸; двусторонний поток",1,1,326555.0,1306000.0,0.00029747386787948885,3.999326300316945,3,False,False,9.157136394150062e-21,0.0029401740801701585,1.9549530448494444e-05,-979445.0,0,False,0.0
100000007333038100,transit,0.573,12,0.4249,"pass_through=2.00, 17,500₸ -> 34,994₸; двусторонний поток",1,2,17500.0,34994.0,0.00030102883105703266,1.9996571428571428,3,False,False,-1.697262591427419e-19,4.1121873746596725e-07,1.612332408123253e-06,-17494.0,0,False,
100000006444163100,terminal,0.53,0,0.2405,"получил 6,026₸ от 1 за 1 перев., исходящих нет (глубина 3<4) -> деньги осели",1,0,6026.0,0.0,0.00032065542530539944,0.0,3,False,False,-0.0,2.350941795881315e-06,0.0,6026.0,0,False,
100000008706947100,terminal,0.609,1,0.158,"получил 17,200₸ от 1 за 1 перев., исходящих нет (глубина 3<4) -> деньги осели",1,0,17200.0,0.0,0.0002895444426062888,0.0,3,False,False,-0.0,-2.4814797011249913e-17,0.0,17200.0,0,False,
100000008761219100,transit,0.536,46,0.495,"pass_through=7.50, 50,000₸ -> 375,000₸; двусторонний поток",2,2,50000.0,375000.0,0.0002941512748559033,7.5,3,False,False,2.7901281222391806e-20,2.9815305822922305e-06,4.2441291617994376e-05,-325000.0,0,False,1.0
100000005022552100,peripheral,0.2,5,0.2853,"удерживает средства: получил 241,000₸, отдал 5,000₸ (pass_through=0.02), in_deg=1",1,1,241000.0,5000.0,0.00035934272282234523,0.02074688796680498,3,False,False,2.2553960496703212e-05,5.256983652882361e-05,0.0,236000.0,0,False,12.0
100000008735832100,terminal,0.613,1,0.1602,"получил 17,600₸ от 1 за 1 перев., исходящих нет (глубина 3<4) -> деньги осели",1,0,17600.0,0.0,0.00028960713079073414,0.0,3,False,False,-0.0,-2.4651895818292965e-17,0.0,17600.0,0,False,
100000005661528100,terminal,0.663,3,0.2014,"получил 25,000₸ от 1 за 1 перев., исходящих нет (глубина 3<4) -> деньги осели",1,0,25000.0,0.0,0.0002923933821759257,0.0,3,False,False,-0.0,0.00013028037772058165,0.0,25000.0,0,False,
100000002529880100,terminal,0.865,10,0.3272,"получил 147,000₸ от 2 за 2 перев., исходящих нет (глубина 3<4) -> деньги осели",2,0,147000.0,0.0,0.00030750263181387343,0.0,3,False,False,-0.0,3.815888530844736e-06,0.0,147000.0,0,False,
100000001969496100,terminal,0.646,14,0.2024,"получил 22,740₸ от 1 за 1 перев., исходящих нет (глубина 3<4) -> деньги осели",1,0,22740.0,0.0,0.00029330827545839876,0.0,3,False,False,-0.0,2.441379038303055e-05,0.0,22740.0,0,False,
100000003215448100,transit,0.589,3,0.5135,"pass_through=1.36, 91,309₸ -> 124,000₸; двусторонний поток",1,2,91309.0,124000.0,0.00030550104652100034,1.3580260434349298,3,False,False,-4.833028425669763e-20,0.001604411798135746,3.909906089698889e-05,-32691.0,0,False,1.0
100000006894637100,terminal,0.763,0,0.2284,"получил 52,831₸ от 1 за 1 перев., исходящих нет (глубина 3<4) -> деньги осели",1,0,52831.0,0.0,0.00029155306650878264,0.0,3,False,False,-0.0,0.0011319384436486034,0.0,52831.0,0,False,
100000002936322100,terminal,0.982,3,0.4255,"получил 787,133₸ от 2 за 2 перев., исходящих нет (глубина 3<4) -> деньги осели",2,0,787133.0,0.0,0.0003679922723915015,0.0,3,False,False,-0.0,0.0016837722416694915,0.0,787133.0,0,False,
100000005061890100,terminal,0.815,2,0.4,"получил 90,000₸ от 1 за 1 перев., исходящих нет (глубина 3<4) -> деньги осели",1,0,90000.0,0.0,0.0005369658745633369,0.0,3,False,False,-0.0,-6.51561709903214e-22,0.0,90000.0,0,False,
100000004017410100,distributor,0.692,34,0.8403,"разослал на 5 получателей, 1,330,915₸ за 11 перев., hub=0.0000; out/in по узлам 5/2",2,5,193650.0,1330915.0,0.0011361307962045445,6.872785954040795,3,False,False,7.879293026403825e-06,1.776957394941177e-05,4.128242769965579e-05,-1137265.0,0,True,2.5
100000002983426100,terminal,0.813,8,0.3308,"получил 88,945₸ от 1 за 1 перев., исходящих нет (глубина 3<4) -> деньги осели",1,0,88945.0,0.0,0.0003201270127198766,0.0,3,False,False,-0.0,6.407022407299511e-07,0.0,88945.0,0,False,
100000005530114100,peripheral,0.2,15,0.4019,"удерживает средства: получил 136,970₸, отдал 25,000₸ (pass_through=0.18), in_deg=2",2,1,136970.0,25000.0,0.0004970436403447184,0.1825217200846901,3,False,False,0.0012614186087725316,0.00023791279696767478,4.534684897846649e-06,111970.0,0,False,2.0
100000001169666100,peripheral,0.2,8,0.3784,"удерживает средства: получил 220,000₸, отдал 24,000₸ (pass_through=0.11), in_deg=1",1,1,220000.0,24000.0,0.00032096707027641405,0.10909090909090909,3,False,False,5.098284140203252e-22,5.689711791808174e-08,2.2371112162710136e-05,196000.0,0,False,8.0
100000001784279100,terminal,0.71,0,0.1958,"получил 35,674₸ от 1 за 1 перев., исходящих нет (глубина 3<4) -> деньги осели",1,0,35674.0,0.0,0.00029002536059638567,0.0,3,False,False,-0.0,0.0011319384436486038,0.0,35674.0,0,False,
100000008744364100,terminal,0.653,1,0.1835,"получил 23,700₸ от 1 за 1 перев., исходящих нет (глубина 3<4) -> деньги осели",1,0,23700.0,0.0,0.00029056312560352604,0.0,3,False,False,-0.0,-2.584696523587181e-17,0.0,23700.0,0,False,
100000008714412100,terminal,0.879,8,0.3433,"получил 169,000₸ от 1 за 1 перев., исходящих нет (глубина 3<4) -> деньги осели",1,0,169000.0,0.0,0.00031305784664157276,0.0,3,False,False,-0.0,5.6897117918008515e-08,0.0,169000.0,0,False,
100000007754369100,terminal,0.806,0,0.2607,"получил 82,424₸ от 1 за 1 перев., исходящих нет (глубина 3<4) -> деньги осели",1,0,82424.0,0.0,0.0002941881076619891,0.0,3,False,False,-0.0,0.0011319384436486034,0.0,82424.0,0,False,
100000003122817100,terminal,0.955,27,0.4238,"получил 444,680₸ от 1 за 1 перев., исходящих нет (глубина 3<4) -> деньги осели",1,0,444680.0,0.0,0.0003987904601830683,0.0,3,False,False,-0.0,-4.342403302645778e-20,0.0,444680.0,0,False,
100000003711830100,terminal,0.752,3,0.2576,"получил 50,000₸ от 1 за 1 перев., исходящих нет (глубина 3<4) -> деньги осели",1,0,50000.0,0.0,0.0002970626279839806,0.0,3,False,False,-0.0,0.0016044117981357463,0.0,50000.0,0,False,
100000001110358100,terminal,0.699,0,0.2255,"получил 32,000₸ от 2 за 2 перев., исходящих нет (глубина 3<4) -> деньги осели",2,0,32000.0,0.0,0.0002942950353253775,0.0,3,False,False,-0.0,0.0013712520588685308,0.0,32000.0,0,False,
100000006530134100,terminal,0.864,4,0.3073,"получил 144,663₸ от 2 за 2 перев., исходящих нет (глубина 3<4) -> деньги осели",2,0,144663.0,0.0,0.00030042223672538593,0.0,3,False,False,-0.0,0.003582989764796916,0.0,144663.0,0,False,
100000001639766100,terminal,0.63,6,0.357,"получил 20,000₸ от 1 за 1 перев., исходящих нет (глубина 3<4) -> деньги осели",1,0,20000.0,0.0,0.000654667607236618,0.0,3,False,False,-0.0,-4.413173723682382e-20,0.0,20000.0,0,False,
100000003242795100,terminal,0.842,4,0.2454,"получил 111,000₸ от 1 за 1 перев., исходящих нет (глубина 3<4) -> деньги осели",1,0,111000.0,0.0,0.00029046042272175466,0.0,3,False,False,-0.0,0.0029401740801701603,0.0,111000.0,0,False,
100000004970752100,terminal,0.557,0,0.3394,"получил 10,000₸ от 1 за 1 перев., исходящих нет (глубина 3<4) -> деньги осели",1,0,10000.0,0.0,0.0007460308300494862,0.0,3,False,False,-0.0,-3.2258922907541662e-21,0.0,10000.0,0,False,
100000004564736100,terminal,0.592,22,0.2915,"получил 15,000₸ от 1 за 2 перев., исходящих нет (глубина 3<4) -> деньги осели",1,0,15000.0,0.0,0.00037847187218372944,0.0,3,False,False,-0.0,-1.507417903513968e-19,0.0,15000.0,0,False,
100000005873152100,transit,1.0,9,0.5488,"pass_through=1.00: получил 10,000₸ -> отдал 10,000₸; цикл=True",1,1,10000.0,10000.0,0.00046938669267821597,1.0,3,False,False,1.3851693639474708e-07,4.655519673302397e-23,4.0308310203081327e-07,0.0,0,True,
100000001637376100,transit,0.504,4,0.444,"pass_through=2.01, 116,700₸ -> 234,250₸; двусторонний поток",1,1,116700.0,234250.0,0.00029064588182685125,2.0072836332476434,3,False,False,8.163789724705485e-21,0.002940174080170159,1.9549530448494444e-05,-117550.0,0,False,0.0
100000006710485100,terminal,0.63,1,0.1695,"получил 20,000₸ от 1 за 1 перев., исходящих нет (глубина 3<4) -> деньги осели",1,0,20000.0,0.0,0.0002899832598974064,0.0,3,False,False,-0.0,-2.4493259690513325e-17,0.0,20000.0,0,False,
100000003582677100,transit,0.539,2,0.4592,"pass_through=1.88, 29,757₸ -> 56,000₸; двусторонний поток",2,4,29756.989999999998,56000.0,0.00029460359346959465,1.881910771217116,3,False,False,0.0012625439148074471,0.002247227482762502,0.00018194610278608216,-26243.010000000002,0,False,10.0
100000008713685100,terminal,0.748,1,0.2442,"получил 49,700₸ от 1 за 1 перев., исходящих нет (глубина 3<4) -> деньги осели",1,0,49700.0,0.0,0.0002946378575924751,0.0,3,False,False,-0.0,-2.490976675565332e-17,0.0,49700.0,0,False,
100000008070101100,terminal,0.829,7,0.2686,"получил 100,000₸ от 1 за 1 перев., исходящих нет (глубина 3<4) -> деньги осели",1,0,100000.0,0.0,0.0002938977990626778,0.0,3,False,False,-0.0,1.9662146336185614e-06,0.0,100000.0,0,False,
100000004475818100,transit,0.842,4,0.5755,"pass_through=4.15, 13,000₸ -> 53,989₸; двусторонний поток",1,3,13000.0,53989.0,0.0003111889137940269,4.153,3,False,False,0.0002595023449635458,0.00010694239102769259,7.059084797641469e-05,-40989.0,0,True,1.0
100000007197866100,transit,0.57,3,0.3638,"pass_through=0.75: получил 20,000₸ -> отдал 15,000₸, оборот ~0д; цикл=False",1,1,20000.0,15000.0,0.00029093436159867496,0.75,3,False,False,2.361145307536215e-21,0.0016044117981357461,1.9549530448494444e-05,5000.0,0,False,0.0
100000006965162100,terminal,0.557,28,0.2312,"получил 10,000₸ от 1 за 1 перев., исходящих нет (глубина 3<4) -> деньги осели",1,0,10000.0,0.0,0.00031067660553781555,0.0,3,False,False,-0.0,-1.656644501151411e-20,0.0,10000.0,0,False,
100000005995391100,terminal,0.609,1,0.158,"получил 17,200₸ от 1 за 1 перев., исходящих нет (глубина 3<4) -> деньги осели",1,0,17200.0,0.0,0.0002895444426062888,0.0,3,False,False,-0.0,-2.449624128841618e-17,0.0,17200.0,0,False,
100000003834495100,consolidator,0.548,0,0.7366,"получил от 3 плательщиков, 602,441₸; authority=0.0023; seed-плательщиков 0, циклы=False",3,1,602441.0,20000.0,0.0006235433580008237,0.0331982716979754,3,False,False,0.00048563390393562353,0.002287994087282716,2.920912907216143e-06,582441.0,0,False,0.0
100000001223977100,transit,0.591,52,0.4254,"pass_through=3.60, 5,000₸ -> 18,000₸; двусторонний поток",1,1,5000.0,18000.0,0.00030690325196449156,3.6,3,False,False,9.605228070127778e-21,-1.1656148689590714e-20,2.4588069223879608e-05,-13000.0,0,False,19.0
100000001046057100,terminal,0.807,10,0.3279,"получил 83,420₸ от 1 за 1 перев., исходящих нет (глубина 3<4) -> деньги осели",1,0,83420.0,0.0,0.00031993356532668596,0.0,3,False,False,-0.0,4.867829532604408e-08,0.0,83420.0,0,False,
100000002989353100,transit,0.458,12,0.5322,"pass_through=0.64, 500,000₸ -> 321,160₸; двусторонний поток",1,2,500000.0,321160.0,0.00031076359510193044,0.64232,3,False,False,7.712862499295103e-20,3.794136343557673e-07,2.821581714215693e-06,178840.0,0,False,2.5
100000006714366100,peripheral,0.2,13,0.1659,"удерживает средства: получил 10,500₸, отдал 5,000₸ (pass_through=0.48), in_deg=1",1,1,10500.0,5000.0,0.00029075162690750037,0.47619047619047616,3,False,False,1.3596465107626774e-23,0.0002594600877930752,1.9549530448494444e-05,5500.0,0,False,0.0
100000001063678100,transit,0.631,22,0.5315,"pass_through=2.57, 35,000₸ -> 90,000₸; двусторонний поток",1,2,35000.0,90000.0,0.0003293672721571759,2.5714285714285716,3,False,False,1.0128096076148579e-19,3.1720995054775926e-06,4.030831020308133e-05,-55000.0,0,False,7.0
100000004889043100,terminal,0.922,0,0.3268,"получил 272,000₸ от 2 за 4 перев., исходящих нет (глубина 3<4) -> деньги осели",2,0,272000.0,0.0,0.0002998300702347699,0.0,3,False,False,-0.0,0.005845955735386657,0.0,272000.0,0,False,
100000002984403100,transit,0.57,26,0.474,"pass_through=1.25: получил 20,000₸ -> отдал 25,000₸; цикл=False",1,1,20000.0,25000.0,0.0003215219267154694,1.25,3,False,False,-2.1137101453926013e-21,2.500681742010287e-06,2.035569665255607e-05,-5000.0,0,False,
100000003951827100,transit,0.466,0,0.3071,"pass_through=1.89, 9,000₸ -> 17,000₸; двусторонний поток",1,2,9000.0,17000.0,0.00028735785043933844,1.8888888888888888,3,False,False,0.00016424358925400066,0.0029057816552164957,1.3492507782577916e-06,-8000.0,0,False,14.5
100000000933075100,transit,0.979,11,0.6828,"pass_through=1.38, 40,000₸ -> 55,000₸; двусторонний поток",1,2,40000.0,55000.0,0.0008119158989877956,1.375,3,False,False,-3.264855537046723e-20,1.0252342837013963e-06,2.1766487509663916e-05,-15000.0,0,True,11.5
100000008502995100,terminal,0.663,0,0.3713,"получил 25,000₸ от 1 за 2 перев., исходящих нет (глубина 3<4) -> деньги осели",1,0,25000.0,0.0,0.00072999972446448,0.0,3,False,False,-0.0,1.7483020894494392e-05,0.0,25000.0,0,False,
100000008086440100,transit,0.885,0,0.6655,"pass_through=0.81: получил 199,733₸ -> отдал 161,300₸, оборот ~6д; цикл=True",1,5,199733.0,161300.0,0.00033915938233041446,0.8075781167859092,3,False,False,0.0015615995220144806,0.0011379074330901404,0.00010699984672480703,38433.0,0,True,6.0
100000008465789100,distributor,0.814,10,0.6743,"разослал на 16 получателей, 1,858,100₸ за 17 перев., hub=0.0000; out/in по узлам 16/1",1,16,30099.0,1858100.0,0.00029118609846198507,61.732947938469714,3,False,False,2.6381363557569e-05,2.612568386360213e-07,0.0008595748012095774,-1828001.0,0,True,2.0
100000002550141100,terminal,0.834,3,0.32,"получил 100,586₸ от 1 за 1 перев., исходящих нет (глубина 3<4) -> деньги осели",1,0,100586.0,0.0,0.00030915694049666757,0.0,3,False,False,-0.0,0.00013028037772058152,0.0,100586.0,0,False,
100000008739887100,transit,0.636,3,0.5774,"pass_through=1.43, 214,000₸ -> 307,000₸; двусторонний поток",2,2,214000.0,307000.0,0.0003347705704286868,1.4345794392523366,3,False,False,-2.9471592467314123e-20,0.002742319231225886,3.909906089698889e-05,-93000.0,0,False,1.0
100000008532050100,terminal,0.957,4,0.3494,"получил 455,156₸ от 1 за 1 перев., исходящих нет (глубина 3<4) -> деньги осели",1,0,455156.0,0.0,0.00030165811812063275,0.0,3,False,False,-0.0,0.002940174080170159,0.0,455156.0,0,False,
100000008422226100,terminal,0.812,0,0.2476,"получил 87,450₸ от 1 за 1 перев., исходящих нет (глубина 3<4) -> деньги осели",1,0,87450.0,0.0,0.0002917946317172867,0.0,3,False,False,-0.0,0.002905781655216496,0.0,87450.0,0,False,
100000002369874100,consolidator,0.432,7,0.5676,"получил от 4 плательщиков, 600,000₸; authority=0.0000; seed-плательщиков 0, циклы=False",4,0,600000.0,0.0,0.0003388480867463041,0.0,3,False,False,-0.0,8.238182002886012e-06,0.0,600000.0,0,False,
100000003321895100,transit,0.604,66,0.5569,"pass_through=23.08, 24,000₸ -> 553,830₸; двусторонний поток",1,2,24000.0,553830.0,0.0003126444685622144,23.07625,3,False,False,5.566563766474006e-21,1.0123575772457016e-05,4.030831020308133e-05,-529830.0,0,False,12.5
100000001875239100,consolidator,0.398,7,0.5679,"получил от 3 плательщиков, 712,000₸; authority=0.0000; seed-плательщиков 0, циклы=False",3,0,712000.0,0.0,0.00033546478413170943,0.0,3,False,False,-0.0,5.448205191612476e-06,0.0,712000.0,0,False,
100000002216999100,terminal,0.652,1,0.1832,"получил 23,677₸ от 1 за 1 перев., исходящих нет (глубина 3<4) -> деньги осели",1,0,23677.0,0.0,0.00029055952103292044,0.0,3,False,False,-0.0,-2.5212085015824385e-17,0.0,23677.0,0,False,
100000002653948100,terminal,0.81,4,0.2255,"получил 85,200₸ от 1 за 1 перев., исходящих нет (глубина 3<4) -> деньги осели",1,0,85200.0,0.0,0.00028962097624605457,0.0,3,False,False,-0.0,0.002940174080170159,0.0,85200.0,0,False,
100000008632060100,distributor,0.765,0,0.6221,"разослал на 9 получателей, 339,200₸ за 12 перев., hub=0.0031; out/in по узлам 9/1",1,9,6000.0,339200.0,0.0002893153080072028,56.53333333333333,3,False,False,0.003082077409563987,0.0006428156846267564,0.0005457358534256866,-333200.0,0,True,13.5
100000008746449100,distributor,0.735,7,0.5491,"разослал на 10 получателей, 1,009,000₸ за 10 перев., hub=0.0000; out/in по узлам 10/1",1,10,10000.0,1009000.0,0.0002882898446572792,100.9,3,False,False,1.6584609643461743e-06,2.6125683863552873e-07,0.00016882593116692495,-999000.0,0,False,5.0
100000003031761100,terminal,0.958,3,0.3845,"получил 460,408₸ от 1 за 1 перев., исходящих нет (глубина 3<4) -> деньги осели",1,0,460408.0,0.0,0.00031977739370992223,0.0,3,False,False,-0.0,7.936044353374636e-05,0.0,460408.0,0,False,
100000008388049100,terminal,0.963,12,0.3711,"получил 496,400₸ от 1 за 1 перев., исходящих нет (глубина 3<4) -> деньги осели",1,0,496400.0,0.0,0.00031059140894205755,0.0,3,False,False,-0.0,3.7941363435608146e-07,0.0,496400.0,0,False,
100000002677201100,transit,0.433,10,0.5191,"pass_through=0.58, 150,000₸ -> 87,750₸; двусторонний поток",1,1,150000.0,87750.0,0.0003102870570177626,0.585,3,False,False,-1.0853186785064494e-20,1.8496738972265548e-06,2.1766487509663916e-05,62250.0,0,False,9.0
100000002901457100,peripheral,0.2,0,0.4422,"удерживает средства: получил 340,000₸, отдал 119,000₸ (pass_through=0.35), in_deg=1",1,3,340000.0,119000.0,0.0003758956319420995,0.35,3,False,False,2.708373326202926e-05,0.0011379074330901396,7.698887248788534e-05,221000.0,0,False,16.0
100000001160401100,terminal,0.741,0,0.2827,"получил 47,190₸ от 1 за 2 перев., исходящих нет (глубина 3<4) -> деньги осели",1,0,47190.0,0.0,0.0003062475375918287,0.0,3,False,False,-0.0,0.0006428156846267573,0.0,47190.0,0,False,
100000002842321100,terminal,0.873,4,0.2716,"получил 160,000₸ от 1 за 1 перев., исходящих нет (глубина 3<4) -> деньги осели",1,0,160000.0,0.0,0.0002920547202918828,0.0,3,False,False,-0.0,0.0029401740801701603,0.0,160000.0,0,False,
100000002547110100,consolidator,0.489,10,0.6404,"получил от 6 плательщиков, 1,500,000₸; authority=0.0000; seed-плательщиков 0, циклы=False",6,0,1500000.0,0.0,0.0005540435816644857,0.0,3,False,False,-0.0,5.893613139605657e-06,0.0,1500000.0,0,False,
100000001600934100,peripheral,0.2,3,0.444,"удерживает средства: получил 180,300₸, отдал 11,000₸ (pass_through=0.06), in_deg=1",1,1,180300.0,11000.0,0.0024219197960988073,0.06100942872989462,3,False,False,0.0006938863234414858,3.0273324577989272e-05,0.0,169300.0,0,True,4.0
100000002818726100,terminal,0.568,13,0.1597,"получил 10,879₸ от 1 за 1 перев., исходящих нет (глубина 3<4) -> деньги осели",1,0,10879.0,0.0,0.00029089249854483997,0.0,3,False,False,-0.0,0.00025946008779307553,0.0,10879.0,0,False,
100000008712827100,terminal,0.799,1,0.2798,"получил 76,000₸ от 1 за 1 перев., исходящих нет (глубина 3<4) -> деньги осели",1,0,76000.0,0.0,0.0002987596057197582,0.0,3,False,False,-0.0,-2.5042536151881254e-17,0.0,76000.0,0,False,
100000008259451100,terminal,0.769,14,0.2828,"получил 55,000₸ от 1 за 1 перев., исходящих нет (глубина 3<4) -> деньги осели",1,0,55000.0,0.0,0.0003024719097375543,0.0,3,False,False,-0.0,2.4413790383030805e-05,0.0,55000.0,0,False,
100000003060517100,terminal,0.933,15,0.4021,"получил 315,955₸ от 1 за 1 перев., исходящих нет (глубина 3<4) -> деньги осели",1,0,315955.0,0.0,0.00036348288963606554,0.0,3,False,False,-0.0,0.00046590181504893677,0.0,315955.0,0,False,
100000002621434100,terminal,0.804,7,0.2379,"получил 81,000₸ от 1 за 1 перев., исходящих нет (глубина 3<4) -> деньги осели",1,0,81000.0,0.0,0.00029103957755279356,0.0,3,False,False,-0.0,3.2207337193586396e-06,0.0,81000.0,0,False,
100000001860090100,terminal,0.516,6,0.27,"получил 5,000₸ от 1 за 1 перев., исходящих нет (глубина 3<4) -> деньги осели",1,0,5000.0,0.0,0.0003796679476190743,0.0,3,False,False,-0.0,-5.892188917250356e-20,0.0,5000.0,0,False,
100000004689658100,peripheral,0.2,3,0.4198,"удерживает средства: получил 456,100₸, отдал 7,092₸ (pass_through=0.02), in_deg=1",1,1,456100.0,7092.0,0.0003880032833755108,0.015549221661916246,3,False,False,8.533241278644465e-22,0.00013028037772058163,1.9549530448494444e-05,449008.0,0,False,
100000003486970100,terminal,0.867,4,0.2661,"получил 150,000₸ от 1 за 1 перев., исходящих нет (глубина 3<4) -> деньги осели",1,0,150000.0,0.0,0.0002917293534408363,0.0,3,False,False,-0.0,0.002940174080170159,0.0,150000.0,0,False,
100000004659919100,peripheral,0.2,52,0.4524,"удерживает средства: получил 110,000₸, отдал 39,000₸ (pass_through=0.35), in_deg=1",1,1,110000.0,39000.0,0.0007280456790409192,0.35454545454545455,3,False,False,1.4456606426351097e-20,1.1381790049139815e-19,2.4588069223879608e-05,71000.0,0,False,13.0
100000006111439100,transit,0.9,4,0.5711,"pass_through=1.17: получил 20,570₸ -> отдал 24,000₸, оборот ~12д; цикл=True",3,4,20570.0,24000.0,0.00036710796962674715,1.166747690811862,3,False,False,0.0003937821331980179,0.003641752570408455,1.7856403520812582e-05,-3430.0,0,True,12.0
100000002521039100,terminal,0.939,0,0.3532,"получил 349,370₸ от 1 за 1 перев., исходящих нет (глубина 3<4) -> деньги осели",1,0,349370.0,0.0,0.00030660765596611034,0.0,3,False,False,-0.0,0.0029057816552164957,0.0,349370.0,0,False,
100000008493007100,transit,0.72,1,0.3715,"pass_through=1.00: получил 26,150₸ -> отдал 26,150₸, оборот ~1д; цикл=False",1,1,26150.0,26150.0,0.0002909470907332539,1.0,3,False,False,1.2703547356779082e-22,-2.3603114944867e-17,1.4107908571078464e-06,0.0,0,False,1.0
100000007793871100,terminal,0.67,9,0.3713,"получил 26,000₸ от 1 за 3 перев., исходящих нет (глубина 3<4) -> деньги осели",1,0,26000.0,0.0,0.0006901649764622724,0.0,3,False,False,-0.0,-1.1731176083824375e-21,0.0,26000.0,0,False,
100000001650895100,peripheral,0.2,8,0.3473,"удерживает средства: получил 153,500₸, отдал 10,000₸ (pass_through=0.07), in_deg=1",1,1,153500.0,10000.0,0.00031065406298784644,0.06514657980456026,3,False,False,-3.3739041763498004e-21,5.68971179183277e-08,2.2371112162710136e-05,143500.0,0,False,
100000002567887100,terminal,0.758,4,0.197,"получил 50,915₸ от 1 за 1 перев., исходящих нет (глубина 3<4) -> деньги осели",1,0,50915.0,0.0,0.0002885054559972414,0.0,3,False,False,-0.0,0.0029401740801701594,0.0,50915.0,0,False,
100000008055972100,terminal,0.68,1,0.1985,"получил 28,300₸ от 1 за 1 перев., исходящих нет (глубина 3<4) -> деньги осели",1,0,28300.0,0.0,0.00029128403972464783,0.0,3,False,False,-0.0,-2.501440524615833e-17,0.0,28300.0,0,False,
100000008684452100,terminal,0.76,1,0.2503,"получил 51,800₸ от 1 за 1 перев., исходящих нет (глубина 3<4) -> деньги осели",1,0,51800.0,0.0,0.0002949669705608133,0.0,3,False,False,-0.0,-2.3678372010925804e-17,0.0,51800.0,0,False,
100000000764836100,peripheral,0.2,3,0.4022,"удерживает средства: получил 251,716₸, отдал 50,000₸ (pass_through=0.20), in_deg=1",1,2,251716.0,50000.0,0.0003382682740565911,0.1986365586613485,3,False,False,2.104385273112371e-20,0.001604411798135746,3.909906089698889e-05,201716.0,0,False,0.0
100000003072676100,terminal,0.697,15,0.2262,"получил 31,545₸ от 1 за 1 перев., исходящих нет (глубина 3<4) -> деньги осели",1,0,31545.0,0.0,0.0002945000059314954,0.0,3,False,False,-0.0,0.00046590181504893694,0.0,31545.0,0,False,
100000008757369100,transit,0.483,0,0.3789,"pass_through=2.25, 25,961₸ -> 58,398₸; двусторонний поток",1,1,25961.0,58398.0,0.00028916048867663795,2.249451099726513,3,False,False,-9.893818705624197e-22,0.0011319384436486032,1.9549530448494444e-05,-32437.0,0,False,0.5
100000007618425100,terminal,0.718,15,0.2435,"получил 39,348₸ от 1 за 1 перев., исходящих нет (глубина 3<4) -> деньги осели",1,0,39348.0,0.0,0.00029639260268107093,0.0,3,False,False,-0.0,0.0004659018150489367,0.0,39348.0,0,False,
100000004671609100,terminal,0.829,12,0.3011,"получил 100,000₸ от 1 за 1 перев., исходящих нет (глубина 3<4) -> деньги осели",1,0,100000.0,0.0,0.00030158363806341375,0.0,3,False,False,-0.0,2.7202737436568403e-06,0.0,100000.0,0,False,
100000004676985100,transit,0.624,0,0.3638,"pass_through=0.84: получил 32,260₸ -> отдал 27,102₸, оборот ~3д; цикл=False",1,1,32260.0,27102.0,0.00028867333205215013,0.8401115933044018,3,False,False,1.432403895289485e-21,0.0029057816552164944,1.9549530448494444e-05,5158.0,0,False,3.0
100000002531406100,transit,0.697,3,0.55,"pass_through=0.96: получил 520,000₸ -> отдал 500,000₸; цикл=False",1,1,520000.0,500000.0,0.00032403943463129827,0.9615384615384616,3,False,False,-2.9029391860295498e-21,7.936044353374567e-05,8.061662040616265e-07,20000.0,0,False,
100000002877262100,terminal,0.829,10,0.3001,"получил 100,000₸ от 1 за 1 перев., исходящих нет (глубина 3<4) -> деньги осели",1,0,100000.0,0.0,0.00030125879049655124,0.0,3,False,False,-0.0,2.6125683863553514e-07,0.0,100000.0,0,False,
100000007591246100,transit,0.564,13,0.4482,"pass_through=9.84, 12,190₸ -> 120,000₸; двусторонний поток",1,1,12190.0,120000.0,0.00029922356992108086,9.844134536505333,3,False,False,7.311255131352107e-07,2.4475150146265614e-05,1.041298013579601e-06,-107810.0,0,False,
100000008712184100,terminal,0.617,1,0.1624,"получил 18,000₸ от 1 за 1 перев., исходящих нет (глубина 3<4) -> деньги осели",1,0,18000.0,0.0,0.00028966981897517955,0.0,3,False,False,-0.0,-2.6046191755977432e-17,0.0,18000.0,0,False,
100000002975437100,peripheral,0.2,31,0.4263,"удерживает средства: получил 530,000₸, отдал 8,500₸ (pass_through=0.02), in_deg=1",1,1,530000.0,8500.0,0.0005231861218705431,0.016037735849056604,3,False,False,-5.732515270167541e-20,4.74735596504632e-05,0.0,521500.0,0,True,
100000005008589100,terminal,0.728,0,0.2741,"получил 42,807₸ от 1 за 1 перев., исходящих нет (глубина 3<4) -> деньги осели",1,0,42806.68,0.0,0.00030444565896636425,0.0,3,False,False,-0.0,0.0006428156846267565,0.0,42806.68,0,False,
100000000782285100,terminal,0.531,0,0.2418,"получил 6,151₸ от 1 за 1 перев., исходящих нет (глубина 3<4) -> деньги осели",1,0,6151.0,0.0,0.000321356690129293,0.0,3,False,False,-0.0,2.3509417958812907e-06,0.0,6151.0,0,False,
100000005198498100,terminal,0.682,1,0.1997,"получил 28,800₸ от 1 за 1 перев., исходящих нет (глубина 3<4) -> деньги осели",1,0,28800.0,0.0,0.0002913623999552045,0.0,3,False,False,-0.0,-2.4306795417388436e-17,0.0,28800.0,0,False,
100000008517538100,distributor,0.819,7,0.6518,"разослал на 17 получателей, 1,439,000₸ за 18 перев., hub=0.0000; out/in по узлам 17/3",3,17,155500.0,1439000.0,0.00030838825195629685,9.254019292604502,3,False,False,1.7759230096721144e-05,4.416103764256868e-06,0.0002500165614861394,-1283500.0,0,False,2.0
100000005756535100,terminal,0.63,1,0.3419,"получил 20,000₸ от 1 за 1 перев., исходящих нет (глубина 3<4) -> деньги осели",1,0,20000.0,0.0,0.0005439649108890932,0.0,3,False,False,-0.0,-3.767448537455525e-21,0.0,20000.0,0,False,
100000004917367100,terminal,0.848,4,0.2832,"получил 120,000₸ от 2 за 2 перев., исходящих нет (глубина 3<4) -> деньги осели",2,0,120000.0,0.0,0.00029534056514248354,0.0,3,False,False,-0.0,0.0040780815132603,0.0,120000.0,0,False,
100000001222263100,transit,0.427,4,0.5458,"pass_through=0.56, 745,570₸ -> 420,000₸; двусторонний поток",1,1,745570.0,420000.0,0.00031110722698861635,0.5633273870998028,3,False,False,2.3210685997041195e-21,0.002940174080170159,1.9549530448494444e-05,325570.0,0,False,0.0
100000001149815100,terminal,0.572,1,0.1388,"получил 12,000₸ от 1 за 1 перев., исходящих нет (глубина 3<4) -> деньги осели",1,0,12000.0,0.0,0.000288729496208499,0.0,3,False,False,-0.0,-2.4063009671495824e-17,0.0,12000.0,0,False,
100000006020215100,transit,0.644,13,0.4557,"pass_through=1.13: получил 30,000₸ -> отдал 33,800₸, оборот ~13д; цикл=False",1,2,30000.0,33800.0,0.0002979996399104594,1.1266666666666667,3,False,False,-6.2762435576928665e-21,0.00025946008779307526,6.159264830993148e-05,-3800.0,0,False,13.0
100000000673868100,distributor,0.724,30,0.8448,"разослал на 5 получателей, 383,000₸ за 19 перев., hub=0.0024; out/in по узлам 5/1",1,5,2030650.0,383000.0,0.0011776794935193077,0.18860955851574618,3,False,False,0.002415012515164037,3.6273909716143536e-07,4.171910106018917e-05,1647650.0,0,True,0.0
100000008749900100,terminal,0.608,1,0.1573,"получил 17,150₸ от 1 за 1 перев., исходящих нет (глубина 3<4) -> деньги осели",1,0,17150.0,0.0,0.00028953660658323315,0.0,3,False,False,-0.0,-2.372134500906067e-17,0.0,17150.0,0,False,
100000002862113100,terminal,0.742,14,0.2656,"получил 47,405₸ от 1 за 2 перев., исходящих нет (глубина 3<4) -> деньги осели",1,0,47405.0,0.0,0.0003003145073088442,0.0,3,False,False,-0.0,2.4413790383030497e-05,0.0,47405.0,0,False,
100000001066017100,transit,0.422,0,0.5167,"pass_through=0.61, 136,123₸ -> 82,500₸; двусторонний поток",2,4,136123.0,82500.0,0.00030258114062118387,0.6060695106631503,3,False,False,-1.3205050859509033e-19,0.004043689088306636,7.819812179397777e-05,53623.0,0,False,2.5
100000008436257100,terminal,0.707,15,0.2373,"получил 35,000₸ от 2 за 2 перев., исходящих нет (глубина 3<4) -> деньги осели",2,0,35000.0,0.0,0.00029589662387434945,0.0,3,False,False,-0.0,0.00025203681383135503,0.0,35000.0,0,False,
100000003016438100,transit,0.617,10,0.5552,"pass_through=1.50, 200,000₸ -> 300,000₸; двусторонний поток",1,1,200000.0,300000.0,0.0003180997924653042,1.5,3,False,False,-2.8433041935064277e-21,1.8496738972265895e-06,2.1766487509663916e-05,-100000.0,0,False,0.0
100000002534091100,terminal,0.644,3,0.2247,"получил 22,200₸ от 1 за 1 перев., исходящих нет (глубина 3<4) -> деньги осели",1,0,22200.0,0.0,0.0002976913130763075,0.0,3,False,False,-0.0,0.00012159928474839194,0.0,22200.0,0,False,
100000006882208100,terminal,0.617,5,0.3526,"получил 18,000₸ от 1 за 1 перев., исходящих нет (глубина 3<4) -> деньги осели",1,0,18000.0,0.0,0.0006430138109761217,0.0,3,False,False,-0.0,2.667129319448724e-06,0.0,18000.0,0,False,
100000005362848100,terminal,0.683,8,0.2369,"получил 29,000₸ от 1 за 1 перев., исходящих нет (глубина 3<4) -> деньги осели",1,0,29000.0,0.0,0.0002976990018842831,0.0,3,False,False,-0.0,6.407022407300999e-07,0.0,29000.0,0,False,
100000001073568100,peripheral,0.2,14,0.4521,"удерживает средства: получил 707,465₸, отдал 219,503₸ (pass_through=0.31), in_deg=1",1,2,707465.0,219503.0,0.00048780825939500033,0.31026693900051594,3,False,False,1.0558632933163601e-05,2.4413790383030473e-05,1.9549530448494444e-05,487962.0,0,False,0.0
100000008687733100,terminal,0.587,1,0.147,"получил 14,650₸ от 1 за 1 перев., исходящих нет (глубина 3<4) -> деньги осели",1,0,14650.0,0.0,0.0002891448054304495,0.0,3,False,False,-0.0,-2.4989407318527102e-17,0.0,14650.0,0,False,
100000007229557100,consolidator,0.396,18,0.5977,"получил от 3 плательщиков, 878,000₸; authority=0.0000; seed-плательщиков 0, циклы=False",3,0,878000.0,0.0,0.00039594913284260187,0.0,3,False,False,-0.0,4.8669282688761256e-06,0.0,878000.0,0,False,
100000001052789100,terminal,0.792,17,0.2787,"получил 70,975₸ от 1 за 1 перев., исходящих нет (глубина 3<4) -> деньги осели",1,0,70975.0,0.0,0.0002990371668248566,0.0,3,False,False,-0.0,8.448073393743596e-05,0.0,70975.0,0,False,
100000006967370100,peripheral,0.2,15,0.2412,"удерживает средства: получил 33,225₸, отдал 13,526₸ (pass_through=0.41), in_deg=1",1,1,33225.0,13526.27,0.00029490748543159625,0.40711121143717083,3,False,False,-8.512312233522202e-23,0.00046590181504893677,1.9549530448494444e-05,19698.73,0,False,0.0
100000001837130100,terminal,0.881,0,0.3225,"получил 172,900₸ от 1 за 1 перев., исходящих нет (глубина 3<4) -> деньги осели",1,0,172900.0,0.0,0.00030224433661402194,0.0,3,False,False,-0.0,0.0011319384436486038,0.0,172900.0,0,False,
100000005820746100,peripheral,0.2,24,0.4831,"удерживает средства: получил 1,989,000₸, отдал 60,000₸ (pass_through=0.03), in_deg=1",1,1,1989000.0,60000.0,0.0009937260662196783,0.030165912518853696,3,False,False,-1.7998501594891203e-21,3.176401523116864e-20,0.0,1929000.0,0,True,4.0
100000002883402100,consolidator,0.381,7,0.4995,"получил от 3 плательщиков, 300,000₸; authority=0.0000; seed-плательщиков 0, циклы=False",3,0,300000.0,0.0,0.00030200001101674857,0.0,3,False,False,-0.0,3.6593519844375187e-06,0.0,300000.0,0,False,
100000008582730100,transit,1.0,17,0.4826,"pass_through=1.00: получил 5,000₸ -> отдал 5,000₸, оборот ~0д; цикл=True",1,1,5000.0,5000.0,0.000896624115020963,1.0,3,False,False,8.816478810773413e-05,-2.461817259746669e-19,0.0,0.0,0,True,0.0
100000003116106100,terminal,0.962,4,0.3559,"получил 494,050₸ от 1 за 2 перев., исходящих нет (глубина 3<4) -> деньги осели",1,0,494050.0,0.0,0.0003029235999510932,0.0,3,False,False,-0.0,0.002940174080170159,0.0,494050.0,0,False,
100000001818442100,terminal,0.727,8,0.2693,"получил 42,215₸ от 1 за 1 перев., исходящих нет (глубина 3<4) -> деньги осели",1,0,42215.0,0.0,0.00030264330354734704,0.0,3,False,False,-0.0,6.407022407299122e-07,0.0,42215.0,0,False,
100000008690762100,terminal,0.676,1,0.1948,"получил 26,750₸ от 1 за 1 перев., исходящих нет (глубина 3<4) -> деньги осели",1,0,26750.0,0.0,0.00029104112300992204,0.0,3,False,False,-0.0,-2.556851281624637e-17,0.0,26750.0,0,False,
100000008712991100,terminal,0.785,1,0.2696,"получил 66,100₸ от 1 за 1 перев., исходящих нет (глубина 3<4) -> деньги осели",1,0,66100.0,0.0,0.00029720807315473534,0.0,3,False,False,-0.0,-2.4833904168839157e-17,0.0,66100.0,0,False,
100000003292191100,terminal,0.842,18,0.3032,"получил 112,000₸ от 1 за 1 перев., исходящих нет (глубина 3<4) -> деньги осели",1,0,112000.0,0.0,0.00030096792148496274,0.0,3,False,False,-0.0,1.2902818407779432e-06,0.0,112000.0,0,False,
100000005367284100,transit,0.5,0,0.3995,"pass_through=3.53, 13,700₸ -> 48,300₸; двусторонний поток",1,2,13700.0,48300.0,0.00029043691215560076,3.5255474452554743,3,False,False,3.90126565295889e-21,0.0011379074330901396,3.909906089698889e-05,-34600.0,0,False,4.0
100000003216073100,transit,0.486,3,0.3785,"pass_through=1.89, 37,001₸ -> 70,000₸; двусторонний поток",1,1,37001.0,70000.0,0.00028949517528467996,1.891840761060512,3,False,False,-7.694443657739695e-21,7.936044353374626e-05,8.061662040616265e-07,-32999.0,0,False,3.0
100000006169033100,transit,0.916,38,0.7074,"pass_through=23.27, 49,000₸ -> 1,140,271₸; двусторонний поток",1,3,49000.0,1140271.0,0.00041986643931873625,23.270836734693876,3,False,False,6.477997734331377e-05,2.4284366617555684e-05,3.9905227101050515e-05,-1091271.0,0,True,6.5
100000004407753100,peripheral,0.2,28,0.45,"удерживает средства: получил 250,000₸, отдал 100,000₸ (pass_through=0.40), in_deg=1",1,1,250000.0,100000.0,0.0008825427222420804,0.4,3,False,False,1.5788151944854043e-09,8.390509510851708e-20,0.0,150000.0,0,True,1.0
100000004420041100,distributor,0.727,11,0.6212,"разослал на 7 получателей, 651,830₸ за 11 перев., hub=0.0001; out/in по узлам 7/1",1,7,69638.0,651830.0,0.00030107419115980166,9.360263074758034,3,False,False,0.00012716212524482344,0.0016044117981357452,0.00015689125083324134,-582192.0,0,False,
100000004715209100,distributor,0.674,53,0.6077,"разослал на 5 получателей, 350,450₸ за 17 перев., hub=0.0000; out/in по узлам 5/1",1,5,5000.0,350450.0,0.0002888318712128715,70.09,3,False,False,7.552804366468856e-07,4.8678295325772014e-08,7.90042879980394e-05,-345450.0,0,True,5.0
100000004580254100,terminal,0.679,15,0.2745,"получил 27,940₸ от 2 за 2 перев., исходящих нет (глубина 3<4) -> деньги осели",2,0,27940.0,0.0,0.00031367014910162997,0.0,3,False,False,-0.0,0.0003402870168060833,0.0,27940.0,0,False,
100000001056414100,terminal,0.916,12,0.3222,"получил 250,000₸ от 1 за 1 перев., исходящих нет (глубина 3<4) -> деньги осели",1,0,250000.0,0.0,0.00029880622288853417,0.0,3,False,False,-0.0,3.7941363435580094e-07,0.0,250000.0,0,False,
100000008686494100,terminal,0.6,1,0.1522,"получил 15,700₸ от 1 за 1 перев., исходящих нет (глубина 3<4) -> деньги осели",1,0,15700.0,0.0,0.0002893093619146186,0.0,3,False,False,-0.0,-2.4720090550011625e-17,0.0,15700.0,0,False,
100000002822472100,terminal,0.92,12,0.3586,"получил 266,722₸ от 2 за 2 перев., исходящих нет (глубина 3<4) -> деньги осели",2,0,266722.0,0.0,0.0003136395133335638,0.0,3,False,False,-0.0,2.4793204017386682e-05,0.0,266722.0,0,False,
100000001831496100,transit,0.535,9,0.4631,"pass_through=14.92, 25,000₸ -> 373,000₸; двусторонний поток",1,1,25000.0,373000.0,0.0002939502411580544,14.92,3,False,False,5.268453644491579e-05,2.4413790383030585e-05,1.8810544761437954e-06,-348000.0,0,False,18.0
100000008732488100,peripheral,0.2,3,0.3389,"удерживает средства: получил 137,000₸, отдал 10,000₸ (pass_through=0.07), in_deg=1",1,1,137000.0,10000.0,0.000314834600501367,0.072992700729927,3,False,False,4.83554939275367e-22,0.0016044117981357465,1.9549530448494444e-05,127000.0,0,False,0.0
100000004007197100,terminal,0.565,23,0.1392,"получил 10,048₸ от 1 за 1 перев., исходящих нет (глубина 3<4) -> деньги осели",1,0,10048.0,0.0,0.0002889770557156793,0.0,3,False,False,-0.0,1.982217203132626e-19,0.0,10048.0,0,False,
100000002815005100,terminal,0.959,7,0.3863,"получил 476,500₸ от 1 за 1 перев., исходящих нет (глубина 3<4) -> деньги осели",1,0,476500.0,0.0,0.00032043708974176564,0.0,3,False,False,-0.0,1.966214633618169e-06,0.0,476500.0,0,False,
100000005756189100,transit,0.573,4,0.3907,"pass_through=0.75: получил 65,000₸ -> отдал 49,050₸, оборот ~0д; цикл=False",1,1,65000.0,49050.0,0.0002889637352069405,0.7546153846153846,3,False,False,6.852717594229453e-22,0.002940174080170159,1.9549530448494444e-05,15950.0,0,False,0.0
100000004877085100,transit,0.549,13,0.4699,"pass_through=3.82, 25,000₸ -> 95,600₸; двусторонний поток",1,3,25000.0,95600.0,0.0002961411750379058,3.824,3,False,False,4.10243492758582e-19,0.00025946008779307515,5.864859134548333e-05,-70600.0,0,False,0.0
100000002713074100,transit,0.526,15,0.608,"pass_through=0.61, 700,000₸ -> 430,000₸; двусторонний поток",2,1,700000.0,430000.0,0.0004355071397846572,0.6142857142857143,3,False,False,2.5903004696362076e-21,0.0006992464408273275,1.9549530448494444e-05,270000.0,0,False,13.0
100000002356167100,peripheral,0.2,4,0.3355,"удерживает средства: получил 300,000₸, отдал 29,500₸ (pass_through=0.10), in_deg=1",1,2,300000.0,29500.0,0.0002966098562065347,0.09833333333333333,3,False,False,1.59727823153681e-20,0.002940174080170158,3.909906089698889e-05,270500.0,0,False,9.0
100000004140487100,transit,0.745,2,0.5602,"pass_through=10.71, 24,510₸ -> 262,600₸; двусторонний поток",1,10,24510.0,262600.0,0.0002907226066100015,10.713994288045695,3,False,False,0.0027251207623060357,0.0002333446257783906,0.00033094476336895963,-238090.0,0,True,4.0
100000003147719100,terminal,0.829,7,0.2555,"получил 100,000₸ от 1 за 1 перев., исходящих нет (глубина 3<4) -> деньги осели",1,0,100000.0,0.0,0.0002920225875611326,0.0,3,False,False,-0.0,3.2207337193584956e-06,0.0,100000.0,0,False,
100000008745884100,terminal,0.63,1,0.1695,"получил 20,000₸ от 1 за 1 перев., исходящих нет (глубина 3<4) -> деньги осели",1,0,20000.0,0.0,0.0002899832598974064,0.0,3,False,False,-0.0,-2.5272276183518687e-17,0.0,20000.0,0,False,
100000002559089100,terminal,0.978,12,0.4326,"получил 715,000₸ от 2 за 2 перев., исходящих нет (глубина 3<4) -> деньги осели",2,0,715000.0,0.0,0.0003941569671310512,0.0,3,False,False,-0.0,2.803919166267785e-06,0.0,715000.0,0,False,
100000004984689100,terminal,0.764,3,0.2638,"получил 53,030₸ от 1 за 1 перев., исходящих нет (глубина 3<4) -> деньги осели",1,0,53030.0,0.0,0.0002976815828888965,0.0,3,False,False,-0.0,0.0016044117981357448,0.0,53030.0,0,False,
100000004340038100,transit,0.503,13,0.3832,"pass_through=4.91, 9,978₸ -> 49,000₸; двусторонний поток",1,1,9978.0,49000.0,0.0002905576031748058,4.910803768290238,3,False,False,3.1868441902220818e-21,0.0002594600877930756,1.9549530448494444e-05,-39022.0,0,False,9.0
100000005052998100,transit,0.706,0,0.4113,"pass_through=2.99, 9,500₸ -> 28,400₸; двусторонний поток",1,1,9500.0,28400.0,0.00028738612820401624,2.9894736842105263,3,False,False,0.00023534295374818198,0.0029057816552164957,4.4075930486351165e-06,-18900.0,0,True,
100000007597382100,terminal,0.6,4,0.1379,"получил 15,700₸ от 1 за 1 перев., исходящих нет (глубина 3<4) -> деньги осели",1,0,15700.0,0.0,0.00028735967663128095,0.0,3,False,False,-0.0,0.002940174080170159,0.0,15700.0,0,False,
100000008697670100,terminal,0.667,1,0.1899,"получил 25,350₸ от 1 за 1 перев., исходящих нет (глубина 3<4) -> деньги осели",1,0,25350.0,0.0,0.0002908217143643632,0.0,3,False,False,-0.0,-2.424713081602438e-17,0.0,25350.0,0,False,
100000008460102100,distributor,0.959,19,0.6219,"разослал на 31 получателей, 476,570₸ за 34 перев., hub=0.0002; out/in по узлам 31/1",1,31,17500.0,476570.0,0.00030102883105703266,27.23257142857143,3,False,False,0.00019786404094800054,4.112187374659135e-07,0.0009944731932270215,-459070.0,0,False,3.0
100000004399686100,terminal,0.983,24,0.4758,"получил 806,000₸ от 1 за 2 перев., исходящих нет (глубина 3<4) -> деньги осели",1,0,806000.0,0.0,0.0005732958269088732,0.0,3,False,False,-0.0,-1.6474891437920764e-20,0.0,806000.0,0,False,
100000008688155100,terminal,0.651,1,0.1823,"получил 23,600₸ от 1 за 1 перев., исходящих нет (глубина 3<4) -> деньги осели",1,0,23600.0,0.0,0.0002905474535574147,0.0,3,False,False,-0.0,-2.4715522724456645e-17,0.0,23600.0,0,False,
100000004386331100,transit,0.925,11,0.6087,"pass_through=0.88: получил 20,000₸ -> отдал 17,500₸; цикл=True",1,2,20000.0,17500.0,0.0005148925249118895,0.875,3,False,False,-5.648297442429767e-20,1.3591607932657696e-19,2.0557238203571478e-05,2500.0,0,True,
100000007999728100,terminal,0.648,14,0.2047,"получил 23,250₸ от 1 за 1 перев., исходящих нет (глубина 3<4) -> деньги осели",1,0,23250.0,0.0,0.00029345314382425025,0.0,3,False,False,-0.0,2.4413790383030544e-05,0.0,23250.0,0,False,
100000001597424100,terminal,0.743,14,0.267,"получил 48,100₸ от 1 за 1 перев., исходящих нет (глубина 3<4) -> деньги осели",1,0,48100.0,0.0,0.0003005119259642693,0.0,3,False,False,-0.0,2.441379038303058e-05,0.0,48100.0,0,False,
100000003677936100,peripheral,0.2,6,0.3102,"удерживает средства: получил 71,000₸, отдал 13,000₸ (pass_through=0.18), in_deg=1",1,1,71000.0,13000.0,0.0003102592371929008,0.18309859154929578,3,False,False,-2.717379624004289e-21,0.00010831189958102294,1.9549530448494444e-05,58000.0,0,False,8.5
100000002943472100,terminal,0.88,10,0.3408,"получил 170,000₸ от 1 за 1 перев., исходящих нет (глубина 3<4) -> деньги осели",1,0,170000.0,0.0,0.0003113457483715406,0.0,3,False,False,-0.0,2.6125683863582884e-07,0.0,170000.0,0,False,
100000004892144100,peripheral,0.2,24,0.4974,"удерживает средства: получил 4,500,000₸, отдал 180,300₸ (pass_through=0.04), in_deg=2",2,1,4500000.0,180300.0,0.002827236615111917,0.04006666666666667,3,False,False,-6.738496875660284e-20,7.864638324596381e-20,0.0,4319700.0,0,True,4.0
100000008077552100,terminal,0.902,3,0.3715,"получил 214,000₸ от 1 за 1 перев., исходящих нет (глубина 3<4) -> деньги осели",1,0,214000.0,0.0,0.0003305638175569848,0.0,3,False,False,-0.0,0.0016044117981357457,0.0,214000.0,0,False,
100000002914245100,terminal,0.861,3,0.2944,"получил 140,611₸ от 1 за 1 перев., исходящих нет (глубина 3<4) -> деньги осели",1,0,140611.0,0.0,0.0002969053991379449,0.0,3,False,False,-0.0,7.936044353374594e-05,0.0,140611.0,0,False,
100000004906181100,distributor,0.293,37,0.5731,"разослал на 7 получателей, 2,473,418₸ за 33 перев., hub=-0.0000; out/in по узлам 7/1",1,7,100000.0,2473417.91,0.00029010251918560345,24.734179100000002,3,False,False,-6.4561581649058986e-21,0.002940174080170158,0.0001368467131394611,-2373417.91,0,False,4.0
100000008514970100,peripheral,0.2,3,0.3562,"удерживает средства: получил 379,966₸, отдал 31,000₸ (pass_through=0.08), in_deg=1",1,1,379966.0,31000.0,0.00031402415341261176,0.0815862471905381,3,False,False,-6.919444232380606e-22,7.93604435337461e-05,8.061662040616265e-07,348966.0,0,False,0.0
100000008258458100,transit,0.524,65,0.5039,"pass_through=82.00, 19,000₸ -> 1,557,988₸; двусторонний поток",1,2,19000.0,1557988.0,0.00029256413520126624,81.99936842105264,3,False,False,4.081063909713177e-20,5.256983652882396e-05,3.909906089698889e-05,-1538988.0,0,False,0.0
100000003484058100,peripheral,0.2,14,0.3376,"удерживает средства: получил 110,000₸, отдал 6,000₸ (pass_through=0.05), in_deg=1",1,1,110000.0,6000.0,0.0003180949687999707,0.05454545454545454,3,False,False,-3.809207259521504e-22,2.441379038303056e-05,1.9549530448494444e-05,104000.0,0,False,13.0
100000003574895100,transit,0.549,0,0.3516,"pass_through=0.72: получил 27,968₸ -> отдал 20,000₸, оборот ~0д; цикл=False",1,1,27968.0,20000.0,0.0002884305957201558,0.7151029748283753,3,False,False,-2.4121489452068617e-22,0.002905781655216496,1.9549530448494444e-05,7968.0,0,False,0.0
100000000896111100,terminal,0.927,24,0.4074,"получил 287,100₸ от 1 за 1 перев., исходящих нет (глубина 3<4) -> деньги осели",1,0,287100.0,0.0,0.00038888225871075254,0.0,3,False,False,-0.0,-8.174580104079722e-20,0.0,287100.0,0,False,
100000008715887100,terminal,0.617,1,0.1624,"получил 18,000₸ от 1 за 1 перев., исходящих нет (глубина 3<4) -> деньги осели",1,0,18000.0,0.0,0.00028966981897517955,0.0,3,False,False,-0.0,-2.3420540550778008e-17,0.0,18000.0,0,False,
100000000560751100,terminal,0.663,13,0.3558,"получил 25,000₸ от 1 за 1 перев., исходящих нет (глубина 3<4) -> деньги осели",1,0,25000.0,0.0,0.0005548595863285811,0.0,3,False,False,-0.0,3.06625300213707e-20,0.0,25000.0,0,False,
100000008708207100,terminal,0.958,7,0.4125,"получил 465,000₸ от 2 за 2 перев., исходящих нет (глубина 3<4) -> деньги осели",2,0,465000.0,0.0,0.00036138253938473077,0.0,3,False,False,-0.0,1.3667134867871507e-06,0.0,465000.0,0,False,
100000003152964100,peripheral,0.2,3,0.3414,"удерживает средства: получил 141,847₸, отдал 5,500₸ (pass_through=0.04), in_deg=1",1,1,141847.0,5500.0,0.00031582472407368624,0.03877417217142414,3,False,False,6.2979424448667845e-21,0.001604411798135745,1.9549530448494444e-05,136347.0,0,False,3.0
100000004991812100,terminal,0.557,22,0.2678,"получил 10,000₸ от 1 за 1 перев., исходящих нет (глубина 3<4) -> деньги осели",1,0,10000.0,0.0,0.0003479308650141989,0.0,3,False,False,-0.0,-5.3299605473469046e-20,0.0,10000.0,0,False,
100000000291908100,peripheral,0.2,51,0.47,"удерживает средства: получил 295,500₸, отдал 13,300₸ (pass_through=0.05), in_deg=1",1,1,295500.0,13300.0,0.0007095144362731584,0.045008460236886635,3,False,False,3.1832627149202837e-22,3.195554913017211e-21,2.0154155101540664e-05,282200.0,0,False,4.0
100000003132484100,terminal,0.815,7,0.4022,"получил 90,000₸ от 1 за 1 перев., исходящих нет (глубина 3<4) -> деньги осели",1,0,90000.0,0.0,0.0005411807195730709,0.0,3,False,False,-0.0,1.6120614718091162e-20,0.0,90000.0,0,False,
100000004077081100,transit,0.512,2,0.4988,"pass_through=4.39, 140,000₸ -> 615,000₸; двусторонний поток",1,4,140000.0,615000.0,0.0002914039865897897,4.392857142857143,3,False,False,0.0012387799203847365,0.0029401740801701594,0.0001179787366127338,-475000.0,0,False,0.5
100000004770073100,transit,0.719,0,0.3001,"pass_through=1.00: получил 5,462₸ -> отдал 5,467₸, оборот ~0д; цикл=False",1,1,5462.4,5466.97,0.0002890943134302498,1.0008366285881665,3,False,False,5.204666420518678e-22,0.0006428156846267569,1.9549530448494444e-05,-4.5700000000006185,0,False,0.0
100000003163886100,terminal,0.964,56,0.4797,"получил 500,000₸ от 1 за 1 перев., исходящих нет (глубина 3<4) -> деньги осели",1,0,500000.0,0.0,0.0007369599248141937,0.0,3,False,False,-0.0,3.283226661597619e-08,0.0,500000.0,0,False,
100000000795374100,terminal,0.752,3,0.2576,"получил 50,000₸ от 1 за 1 перев., исходящих нет (глубина 3<4) -> деньги осели",1,0,50000.0,0.0,0.0002970626279839806,0.0,3,False,False,-0.0,0.0016044117981357461,0.0,50000.0,0,False,
100000002391278100,transit,0.909,25,0.504,"pass_through=1.76, 30,000₸ -> 52,700₸; двусторонний поток",1,1,30000.0,52700.0,0.0003951809609742877,1.7566666666666666,3,False,False,1.2626060685762e-05,-2.0544579661878904e-20,0.0,-22700.0,0,True,1.0
100000004635886100,terminal,0.647,5,0.2061,"получил 23,000₸ от 1 за 1 перев., исходящих нет (глубина 3<4) -> деньги осели",1,0,23000.0,0.0,0.00029376735299624064,0.0,3,False,False,-0.0,5.256983652882379e-05,0.0,23000.0,0,False,
100000000413678100,transit,0.577,3,0.5449,"pass_through=1.72, 306,500₸ -> 528,198₸; двусторонний поток",2,3,306500.0,528198.0,0.0003020408980498877,1.723321370309951,3,False,False,-8.071444448899988e-20,0.003053831317065058,5.864859134548333e-05,-221698.0,0,False,4.5
100000008659950100,terminal,0.914,10,0.3703,"получил 246,000₸ от 1 за 1 перев., исходящих нет (глубина 3<4) -> деньги осели",1,0,246000.0,0.0,0.00032229730263581477,0.0,3,False,False,-0.0,2.6125683863570184e-07,0.0,246000.0,0,False,
100000003964910100,terminal,0.987,15,0.4585,"получил 1,000,000₸ от 2 за 2 перев., исходящих нет (глубина 3<4) -> деньги осели",2,0,1000000.0,0.0,0.000511565875671971,0.0,3,False,False,-0.0,0.00025203681383135476,0.0,1000000.0,0,False,
100000008764654100,terminal,0.672,1,0.1923,"получил 26,150₸ от 1 за 1 перев., исходящих нет (глубина 3<4) -> деньги осели",1,0,26150.0,0.0,0.0002909470907332539,0.0,3,False,False,-0.0,-2.5641202947756283e-17,0.0,26150.0,0,False,
100000005830339100,consolidator,0.648,2,0.6846,"получил от 5 плательщиков, 476,341₸; authority=0.0072; seed-плательщиков 0, циклы=False",5,1,476341.0,339251.0,0.00036519746478342176,0.7122019729563485,3,False,False,0.0001978542212307256,0.00724594114513992,3.862879727795293e-06,137090.0,0,False,3.0
100000002032323100,transit,0.673,10,0.6099,"pass_through=3.50, 300,000₸ -> 1,050,000₸; двусторонний поток",1,1,300000.0,1050000.0,0.0004058300829391564,3.5,3,False,False,-9.50172640954936e-21,4.867829532594236e-08,1.9952613550525257e-05,-750000.0,0,False,0.0
100000008668099100,terminal,0.6,1,0.1522,"получил 15,700₸ от 1 за 1 перев., исходящих нет (глубина 3<4) -> деньги осели",1,0,15700.0,0.0,0.0002893093619146186,0.0,3,False,False,-0.0,-2.4766992904394945e-17,0.0,15700.0,0,False,
100000008634520100,terminal,0.815,10,0.2887,"получил 90,000₸ от 1 за 1 перев., исходящих нет (глубина 3<4) -> деньги осели",1,0,90000.0,0.0,0.0002998177965144099,0.0,3,False,False,-0.0,2.6125683863552873e-07,0.0,90000.0,0,False,
100000002103448100,terminal,0.677,1,0.196,"получил 27,000₸ от 1 за 1 перев., исходящих нет (глубина 3<4) -> деньги осели",1,0,27000.0,0.0,0.0002910803031252003,0.0,3,False,False,-0.0,-2.3846861213547052e-17,0.0,27000.0,0,False,
100000005996909100,terminal,0.526,16,0.2349,"получил 5,500₸ от 1 за 1 перев., исходящих нет (глубина 3<4) -> деньги осели",1,0,5500.0,0.0,0.00031743990574272136,0.0,3,False,False,-0.0,2.7299583225377113e-06,0.0,5500.0,0,False,
100000007392365100,distributor,0.258,39,0.5443,"разослал на 6 получателей, 1,765,600₸ за 9 перев., hub=-0.0000; out/in по узлам 6/1",1,6,9613.0,1765600.0,0.0002873925189788334,183.66794965151357,3,False,False,-1.4846655947670177e-19,0.0029057816552164966,0.00011729718269096666,-1755987.0,0,False,4.0
100000008279405100,terminal,0.909,3,0.3777,"получил 234,738₸ от 1 за 2 перев., исходящих нет (глубина 3<4) -> деньги осели",1,0,234738.0,0.0,0.00033480008383360044,0.0,3,False,False,-0.0,0.0016044117981357461,0.0,234738.0,0,False,
100000008343874100,transit,0.446,3,0.5441,"pass_through=0.62, 283,535₸ -> 176,400₸; двусторонний поток",2,2,283535.0,176400.0,0.0003090230311520329,0.6221454141464017,3,False,False,4.3403514528976935e-20,0.0012112988871823486,3.95021439990197e-05,107135.0,0,False,1.0
100000002548759100,terminal,0.944,7,0.3619,"получил 375,000₸ от 2 за 2 перев., исходящих нет (глубина 3<4) -> деньги осели",2,0,375000.0,0.0,0.00030990702642563116,0.0,3,False,False,-0.0,5.1869483529768606e-06,0.0,375000.0,0,False,
100000003069463100,transit,0.491,27,0.3492,"pass_through=1.56, 11,500₸ -> 17,920₸; двусторонний поток",1,1,11500.0,17920.0,0.000289743805495101,1.5582608695652174,3,False,False,2.312187597766666e-20,4.878627896587309e-20,1.9952613550525257e-05,-6420.0,0,False,9.0
100000008474391100,terminal,0.63,22,0.3123,"получил 20,000₸ от 1 за 1 перев., исходящих нет (глубина 3<4) -> деньги осели",1,0,20000.0,0.0,0.0004090128793532599,0.0,3,False,False,-0.0,1.8075494887440956e-19,0.0,20000.0,0,False,
100000003097324100,terminal,0.927,18,0.379,"получил 294,000₸ от 2 за 2 перев., исходящих нет (глубина 3<4) -> деньги осели",2,0,294000.0,0.0,0.00032746417864854606,0.0,3,False,False,-0.0,2.3221273423581535e-06,0.0,294000.0,0,False,
100000001852140100,terminal,0.689,57,0.3824,"получил 30,000₸ от 1 за 1 перев., исходящих нет (глубина 3<4) -> деньги осели",1,0,30000.0,0.0,0.0008079646770475842,0.0,3,False,False,-0.0,9.891886425531616e-21,0.0,30000.0,0,False,
100000003293377100,terminal,0.752,4,0.1949,"получил 50,000₸ от 1 за 1 перев., исходящих нет (глубина 3<4) -> деньги осели",1,0,50000.0,0.0,0.00028847568493037067,0.0,3,False,False,-0.0,0.0029401740801701603,0.0,50000.0,0,False,
100000006048193100,terminal,0.726,0,0.2517,"получил 41,559₸ от 1 за 1 перев., исходящих нет (глубина 3<4) -> деньги осели",1,0,41559.0,0.0,0.00029773324827123685,0.0,3,False,False,-0.0,0.0011379074330901396,0.0,41559.0,0,False,
100000002435265100,terminal,0.855,0,0.2796,"получил 132,628₸ от 1 за 3 перев., исходящих нет (глубина 3<4) -> деньги осели",1,0,132628.0,0.0,0.0002943496974225148,0.0,3,False,False,-0.0,0.002905781655216497,0.0,132628.0,0,False,
100000004587414100,terminal,0.968,4,0.3846,"получил 533,603₸ от 2 за 2 перев., исходящих нет (глубина 3<4) -> деньги осели",2,0,533603.0,0.0,0.00031626908039091006,0.0,3,False,False,-0.0,0.0040721125238187645,0.0,533603.0,0,False,
100000001726614100,terminal,0.859,0,0.3021,"получил 138,717₸ от 1 за 1 перев., исходящих нет (глубина 3<4) -> деньги осели",1,0,138717.0,0.0,0.0002992005893852835,0.0,3,False,False,-0.0,0.001131938443648603,0.0,138717.0,0,False,
100000003934614100,transit,0.721,34,0.5027,"pass_through=0.68, 17,000₸ -> 11,500₸; двусторонний поток",2,1,17000.0,11500.0,0.0003148769433899904,0.6764705882352942,3,False,False,6.456347803131306e-08,1.7773134812795717e-05,6.718051700513554e-08,5500.0,0,True,1.0
100000008772246100,terminal,0.731,1,0.2342,"получил 44,500₸ от 1 за 1 перев., исходящих нет (глубина 3<4) -> деньги осели",1,0,44500.0,0.0,0.0002938229111946853,0.0,3,False,False,-0.0,-2.4947000363935045e-17,0.0,44500.0,0,False,
100000002603371100,terminal,0.547,0,0.1519,"получил 9,300₸ от 1 за 1 перев., исходящих нет (глубина 3<4) -> деньги осели",1,0,9300.0,0.0,0.00029067185953983855,0.0,3,False,False,-0.0,0.0006428156846267571,0.0,9300.0,0,False,
100000004445291100,terminal,0.623,26,0.2683,"получил 19,500₸ от 1 за 2 перев., исходящих нет (глубина 3<4) -> деньги осели",1,0,19500.0,0.0,0.0003206550998144611,0.0,3,False,False,-0.0,2.500681742010037e-06,0.0,19500.0,0,False,
100000008571243100,terminal,0.856,8,0.3246,"получил 134,000₸ от 1 за 1 перев., исходящих нет (глубина 3<4) -> деньги осели",1,0,134000.0,0.0,0.00030762994806864244,0.0,3,False,False,-0.0,5.689711791827033e-08,0.0,134000.0,0,False,
100000001138283100,transit,0.667,3,0.5546,"pass_through=0.61, 81,805₸ -> 50,000₸; двусторонний поток",1,2,81805.0,50000.0,0.0003035596117301355,0.6112095837662734,3,False,False,0.0010542924770865591,0.0016044117981357463,1.9347988897479037e-05,31805.0,0,True,0.0
100000002593344100,terminal,0.953,7,0.4093,"получил 431,000₸ от 2 за 2 перев., исходящих нет (глубина 3<4) -> деньги осели",2,0,431000.0,0.0,0.00036055287941054464,0.0,3,False,False,-0.0,3.0248244130439437e-07,0.0,431000.0,0,False,
100000007390016100,transit,0.866,69,0.6413,"pass_through=0.68, 511,000₸ -> 346,500₸; двусторонний поток",1,1,511000.0,346500.0,0.001869600960848679,0.678082191780822,3,False,False,0.0013224128230704911,2.0606103944998006e-20,0.0,164500.0,0,True,0.0
100000001285440100,terminal,0.913,18,0.3691,"получил 243,000₸ от 2 за 2 перев., исходящих нет (глубина 3<4) -> деньги осели",2,0,243000.0,0.0,0.00032179171381899424,0.0,3,False,False,-0.0,3.3043791419700125e-06,0.0,243000.0,0,False,
100000006746688100,terminal,0.725,1,0.2278,"получил 41,000₸ от 1 за 1 перев., исходящих нет (глубина 3<4) -> деньги осели",1,0,41000.0,0.0,0.0002932743895807883,0.0,3,False,False,-0.0,-2.5475695343037886e-17,0.0,41000.0,0,False,
100000006471232100,terminal,0.726,1,0.2298,"получил 41,800₸ от 1 за 1 перев., исходящих нет (глубина 3<4) -> деньги осели",1,0,41800.0,0.0,0.0002933997659496791,0.0,3,False,False,-0.0,-2.392782472090784e-17,0.0,41800.0,0,False,
100000008662805100,terminal,0.604,1,0.1555,"получил 16,500₸ от 1 за 1 перев., исходящих нет (глубина 3<4) -> деньги осели",1,0,16500.0,0.0,0.0002894347382835094,0.0,3,False,False,-0.0,-2.421208895615015e-17,0.0,16500.0,0,False,
100000004292885100,terminal,0.843,1,0.3141,"получил 112,700₸ от 1 за 1 перев., исходящих нет (глубина 3<4) -> деньги осели",1,0,112700.0,0.0,0.00030451124664262097,0.0,3,False,False,-0.0,-2.5170737722554203e-17,0.0,112700.0,0,False,
100000008190442100,terminal,0.579,1,0.1427,"получил 13,000₸ от 1 за 1 перев., исходящих нет (глубина 3<4) -> деньги осели",1,0,13000.0,0.0,0.0002888862166696124,0.0,3,False,False,-0.0,-2.4908634668567717e-17,0.0,13000.0,0,False,
100000007131370100,transit,1.0,16,0.5537,"pass_through=1.00: получил 30,000₸ -> отдал 30,000₸; цикл=True",1,1,30000.0,30000.0,0.0009040466780696103,1.0,3,False,False,1.5429536913847784e-05,1.0060756756415081e-19,0.0,0.0,0,True,
100000008717802100,terminal,0.672,1,0.1923,"получил 26,150₸ от 1 за 1 перев., исходящих нет (глубина 3<4) -> деньги осели",1,0,26150.0,0.0,0.0002909470907332539,0.0,3,False,False,-0.0,-2.302453601347798e-17,0.0,26150.0,0,False,
100000005357034100,terminal,0.549,0,0.1224,"получил 9,754₸ от 1 за 1 перев., исходящих нет (глубина 3<4) -> деньги осели",1,0,9754.0,0.0,0.00028740049330847257,0.0,3,False,False,-0.0,0.0029057816552164966,0.0,9754.0,0,False,
100000005532138100,terminal,0.666,6,0.2197,"получил 25,046₸ от 1 за 1 перев., исходящих нет (глубина 3<4) -> деньги осели",1,0,25046.0,0.0,0.00029510711181209405,0.0,3,False,False,-0.0,0.00010831189958102306,0.0,25046.0,0,False,
100000005264874100,transit,0.918,36,0.6155,"pass_through=2.60, 30,000₸ -> 78,000₸; двусторонний поток",1,2,30000.0,78000.0,0.0004301567178849594,2.6,3,False,False,-4.665361126240024e-20,1.9551618556323047e-19,8.061662040616265e-07,-48000.0,0,True,
100000008193258100,peripheral,0.2,15,0.2916,"удерживает средства: получил 75,000₸, отдал 30,000₸ (pass_through=0.40), in_deg=1",1,1,75000.0,30000.0,0.0002987024490070339,0.4,3,False,False,8.60254026263585e-21,0.00023334462577839042,1.9549530448494444e-05,45000.0,0,False,8.0
100000003190207100,transit,0.569,20,0.5085,"pass_through=75.40, 5,000₸ -> 377,000₸; двусторонний поток",1,1,5000.0,377000.0,0.00030046266182776526,75.4,3,False,False,3.352466256752968e-23,1.0303697761792019e-06,2.1363404407633102e-05,-372000.0,0,False,6.5
100000004321983100,transit,0.868,25,0.5444,"pass_through=3.34, 10,840₸ -> 36,200₸; двусторонний поток",1,2,10840.0,36200.0,0.000325992853196564,3.339483394833948,3,False,False,4.932725561198064e-21,1.0542699075758706e-20,1.4107908571078464e-06,-25360.0,0,True,4.0
100000002633108100,terminal,0.934,14,0.4077,"получил 320,000₸ от 1 за 3 перев., исходящих нет (глубина 3<4) -> деньги осели",1,0,320000.0,0.0,0.0003777466488564698,0.0,3,False,False,-0.0,2.4413790383030605e-05,0.0,320000.0,0,False,
100000005941908100,terminal,0.557,14,0.3371,"получил 10,000₸ от 1 за 1 перев., исходящих нет (глубина 3<4) -> деньги осели",1,0,10000.0,0.0,0.0006952260665446419,0.0,3,False,False,-0.0,2.517314376291901e-23,0.0,10000.0,0,False,
100000001835625100,terminal,0.798,4,0.216,"получил 75,130₸ от 1 за 1 перев., исходящих нет (глубина 3<4) -> деньги осели",1,0,75130.0,0.0,0.0002892933318270507,0.0,3,False,False,-0.0,0.002940174080170159,0.0,75130.0,0,False,
100000008671081100,terminal,0.714,1,0.221,"получил 37,200₸ от 1 за 1 перев., исходящих нет (глубина 3<4) -> деньги осели",1,0,37200.0,0.0,0.00029267885182855734,0.0,3,False,False,-0.0,-2.4267146254746663e-17,0.0,37200.0,0,False,
100000002908521100,terminal,0.731,1,0.2342,"получил 44,500₸ от 1 за 1 перев., исходящих нет (глубина 3<4) -> деньги осели",1,0,44500.0,0.0,0.0002938229111946853,0.0,3,False,False,-0.0,-2.505129661684981e-17,0.0,44500.0,0,False,
100000000749118100,transit,0.467,0,0.3215,"pass_through=1.60, 10,330₸ -> 16,500₸; двусторонний поток",1,1,10330.0,16500.0,0.0002874330692933814,1.5972894482090998,3,False,False,-5.577770869173232e-21,0.0029057816552164944,1.9549530448494444e-05,-6170.0,0,False,19.0
100000008652094100,terminal,0.707,0,0.1828,"получил 35,000₸ от 1 за 1 перев., исходящих нет (глубина 3<4) -> деньги осели",1,0,35000.0,0.0,0.00028882829420258453,0.0,3,False,False,-0.0,0.0029057816552164944,0.0,35000.0,0,False,
100000007647294100,terminal,0.946,35,0.4607,"получил 385,000₸ от 1 за 1 перев., исходящих нет (глубина 3<4) -> деньги осели",1,0,385000.0,0.0,0.0005816408115692827,0.0,3,False,False,-0.0,2.752911203773254e-19,0.0,385000.0,0,False,
100000003270419100,terminal,0.867,13,0.4449,"получил 150,000₸ от 1 за 1 перев., исходящих нет (глубина 3<4) -> деньги осели",1,0,150000.0,0.0,0.0008368162852072322,0.0,3,False,False,-0.0,7.75869497810985e-20,0.0,150000.0,0,False,
100000003050771100,terminal,0.906,13,0.3954,"получил 229,000₸ от 1 за 1 перев., исходящих нет (глубина 3<4) -> деньги осели",1,0,229000.0,0.0,0.000371966541838092,0.0,3,False,False,-0.0,0.0002594600877930751,0.0,229000.0,0,False,
100000008427027100,terminal,0.93,2,0.4478,"получил 300,000₸ от 1 за 1 перев., исходящих нет (глубина 3<4) -> деньги осели",1,0,300000.0,0.0,0.0005536646528273143,0.0,3,False,False,-0.0,3.7169169964335663e-06,0.0,300000.0,0,False,
100000004291560100,terminal,0.741,0,0.2001,"получил 47,190₸ от 1 за 1 перев., исходящих нет (глубина 3<4) -> деньги осели",1,0,47190.0,0.0,0.0002895177061054295,0.0,3,False,False,-0.0,0.002905781655216495,0.0,47190.0,0,False,
100000003594472100,terminal,0.63,31,0.2115,"получил 20,000₸ от 1 за 1 перев., исходящих нет (глубина 3<4) -> деньги осели",1,0,20000.0,0.0,0.0002957672382674173,0.0,3,False,False,-0.0,4.747355965046316e-05,0.0,20000.0,0,False,
100000002575080100,transit,0.697,16,0.5244,"pass_through=0.96: получил 13,000₸ -> отдал 12,500₸, оборот ~0д; цикл=False",1,1,13000.0,12500.0,0.0005543012425460759,0.9615384615384616,3,False,False,-1.151288319282984e-22,-6.820461922617738e-20,2.0154155101540664e-05,500.0,0,False,0.0
100000008038077100,terminal,0.963,4,0.3568,"получил 499,850₸ от 1 за 2 перев., исходящих нет (глубина 3<4) -> деньги осели",1,0,499850.0,0.0,0.0003031123127247002,0.0,3,False,False,-0.0,0.002940174080170158,0.0,499850.0,0,False,
100000003899325100,terminal,0.757,3,0.2626,"получил 50,120₸ от 1 за 1 перев., исходящих нет (глубина 3<4) -> деньги осели",1,0,50120.0,0.0,0.00029796452742791727,0.0,3,False,False,-0.0,0.0001302803777205815,0.0,50120.0,0,False,
100000001155773100,terminal,0.642,1,0.1767,"получил 21,500₸ от 1 за 1 перев., исходящих нет (глубина 3<4) -> деньги осели",1,0,21500.0,0.0,0.00029021834058907655,0.0,3,False,False,-0.0,-2.504740673781392e-17,0.0,21500.0,0,False,
100000000611474100,terminal,0.699,22,0.3744,"получил 32,000₸ от 1 за 1 перев., исходящих нет (глубина 3<4) -> деньги осели",1,0,32000.0,0.0,0.0005982029982967124,0.0,3,False,False,-0.0,3.6201612100258985e-21,0.0,32000.0,0,False,
100000006704530100,transit,0.69,27,0.6211,"pass_through=0.95: получил 450,500₸ -> отдал 428,000₸, оборот ~3д; цикл=False",1,3,450500.0,428000.0,0.00040025555905717135,0.9500554938956715,3,False,False,2.1306418733511469e-19,-8.921389676726019e-20,5.985784065157577e-05,22500.0,0,False,3.0
100000003996562100,terminal,0.539,0,0.251,"получил 7,700₸ от 1 за 1 перев., исходящих нет (глубина 3<4) -> деньги осели",1,0,7700.0,0.0,0.00033004676382698226,0.0,3,False,False,-0.0,2.3509417958813347e-06,0.0,7700.0,0,False,
100000002646887100,terminal,0.657,10,0.2237,"получил 24,354₸ от 1 за 1 перев., исходящих нет (глубина 3<4) -> деньги осели",1,0,24354.0,0.0,0.0002965077471103309,0.0,3,False,False,-0.0,4.867829532596451e-08,0.0,24354.0,0,False,
100000002556775100,terminal,0.93,4,0.3183,"получил 300,000₸ от 1 за 1 перев., исходящих нет (глубина 3<4) -> деньги осели",1,0,300000.0,0.0,0.0002966098562065347,0.0,3,False,False,-0.0,0.002940174080170159,0.0,300000.0,0,False,
100000002722108100,terminal,0.982,12,0.4013,"получил 800,000₸ от 1 за 2 перев., исходящих нет (глубина 3<4) -> деньги осели",1,0,800000.0,0.0,0.000325112441758006,0.0,3,False,False,-0.0,3.794136343556344e-07,0.0,800000.0,0,False,
100000002737980100,terminal,0.7,5,0.2386,"получил 32,900₸ от 1 за 1 перев., исходящих нет (глубина 3<4) -> деньги осели",1,0,32900.0,0.0,0.0002967453170388023,0.0,3,False,False,-0.0,5.256983652882399e-05,0.0,32900.0,0,False,
100000002913340100,terminal,0.651,1,0.1823,"получил 23,600₸ от 1 за 1 перев., исходящих нет (глубина 3<4) -> деньги осели",1,0,23600.0,0.0,0.0002905474535574147,0.0,3,False,False,-0.0,-2.4734366598880767e-17,0.0,23600.0,0,False,
100000003610172100,terminal,0.79,4,0.213,"получил 70,000₸ от 1 за 1 перев., исходящих нет (глубина 3<4) -> деньги осели",1,0,70000.0,0.0,0.0002891264186324638,0.0,3,False,False,-0.0,0.0029401740801701616,0.0,70000.0,0,False,
100000001052945100,transit,0.581,58,0.5559,"pass_through=28.23, 56,520₸ -> 1,595,700₸; двусторонний поток",1,3,56520.0,1595700.0,0.0003029036742789156,28.23248407643312,3,False,False,2.703809043495872e-20,2.4413790383030656e-05,5.864859134548333e-05,-1539180.0,0,False,22.0
100000002369510100,terminal,0.713,1,0.2207,"получил 37,150₸ от 1 за 1 перев., исходящих нет (глубина 3<4) -> деньги осели",1,0,37150.0,0.0,0.00029267101580550165,0.0,3,False,False,-0.0,-2.4178936084305726e-17,0.0,37150.0,0,False,
100000001954534100,transit,0.658,0,0.509,"pass_through=3.08, 13,000₸ -> 40,000₸; двусторонний поток",1,1,13000.0,40000.0,0.00036786132513342087,3.076923076923077,3,False,False,1.7364250301109272e-21,8.275375969691353e-05,1.9952613550525257e-05,-27000.0,0,False,21.0
100000008488166100,terminal,0.527,1,0.119,"получил 5,600₸ от 1 за 1 перев., исходящих нет (глубина 3<4) -> деньги осели",1,0,5600.0,0.0,0.00028772648525737305,0.0,3,False,False,-0.0,-2.387016101054987e-17,0.0,5600.0,0,False,
100000005100475100,terminal,0.721,6,0.3146,"получил 40,000₸ от 1 за 1 перев., исходящих нет (глубина 3<4) -> деньги осели",1,0,40000.0,0.0,0.0003392516982184686,0.0,3,False,False,-0.0,-2.5680998241028808e-20,0.0,40000.0,0,False,
100000002708624100,terminal,0.663,26,0.2889,"получил 25,000₸ от 1 за 1 перев., исходящих нет (глубина 3<4) -> деньги осели",1,0,25000.0,0.0,0.00033019019572555226,0.0,3,False,False,-0.0,2.5006817420103775e-06,0.0,25000.0,0,False,
100000004591973100,transit,0.671,11,0.5501,"pass_through=10.00, 10,000₸ -> 100,000₸; двусторонний поток",1,1,10000.0,100000.0,0.0004008706877935137,10.0,3,False,False,-2.4276429743136604e-20,-1.2799483418789375e-19,2.0758779754586885e-05,-90000.0,0,False,
100000000802149100,terminal,0.836,0,0.2824,"получил 104,128₸ от 1 за 1 перев., исходящих нет (глубина 3<4) -> деньги осели",1,0,104128.0,0.0,0.0002961206908130449,0.0,3,False,False,-0.0,0.0011319384436486038,0.0,104128.0,0,False,
100000003095610100,terminal,0.652,8,0.2181,"получил 23,665₸ от 1 за 1 перев., исходящих нет (глубина 3<4) -> деньги осели",1,0,23665.0,0.0,0.0002957029482049455,0.0,3,False,False,-0.0,6.407022407299404e-07,0.0,23665.0,0,False,
100000004183610100,transit,0.642,13,0.5815,"pass_through=41.59, 22,000₸ -> 915,000₸; двусторонний поток",1,1,22000.0,915000.0,0.00034226990172321663,41.59090909090909,3,False,False,-4.795875754885517e-21,4.259946144336053e-08,1.9952613550525257e-05,-893000.0,0,False,2.0
100000005198906100,peripheral,0.2,4,0.3031,"удерживает средства: получил 227,970₸, отдал 60,000₸ (pass_through=0.26), in_deg=1",1,1,227970.0,60000.0,0.0002942662387784463,0.26319252533228055,3,False,False,3.389164948633194e-21,0.002940174080170159,1.9549530448494444e-05,167970.0,0,False,
100000008599354100,peripheral,0.2,0,0.3654,"удерживает средства: получил 177,000₸, отдал 38,200₸ (pass_through=0.22), in_deg=1",1,1,177000.0,38200.0,0.0003332055573935267,0.21581920903954802,3,False,False,0.000688338459940951,0.0011379074330901398,4.4339141223389455e-06,138800.0,0,False,10.5
100000001303311100,consolidator,0.448,18,0.6211,"получил от 5 плательщиков, 1,324,000₸; authority=0.0000; seed-плательщиков 0, циклы=False",5,0,1324000.0,0.0,0.000503896777771038,0.0,3,False,False,-0.0,3.9139032563230404e-06,0.0,1324000.0,0,False,
100000008776420100,terminal,0.788,1,0.273,"получил 69,500₸ от 1 за 1 перев., исходящих нет (глубина 3<4) -> деньги осели",1,0,69500.0,0.0,0.00029774092272252095,0.0,3,False,False,-0.0,-2.405496663025891e-17,0.0,69500.0,0,False,
100000004737764100,terminal,0.974,2,0.4806,"получил 600,000₸ от 1 за 1 перев., исходящих нет (глубина 3<4) -> деньги осели",1,0,600000.0,0.0,0.0006795006612870159,0.0,3,False,False,-0.0,3.7974763544163425e-22,0.0,600000.0,0,False,
100000003154105100,distributor,0.279,21,0.7197,"разослал на 7 получателей, 338,000₸ за 9 перев., hub=-0.0000; out/in по узлам 7/1",1,7,60000.0,338000.0,0.0005530271649049955,5.633333333333334,3,False,False,-6.399641086577552e-21,7.516896955366771e-22,0.0001424898765678925,-278000.0,0,False,11.0
100000008708025100,terminal,0.557,28,0.2312,"получил 10,000₸ от 1 за 1 перев., исходящих нет (глубина 3<4) -> деньги осели",1,0,10000.0,0.0,0.00031067660553781555,0.0,3,False,False,-0.0,1.3324274190059863e-21,0.0,10000.0,0,False,
100000008740793100,terminal,0.639,1,0.175,"получил 21,000₸ от 1 за 1 перев., исходящих нет (глубина 3<4) -> деньги осели",1,0,21000.0,0.0,0.0002901399803585198,0.0,3,False,False,-0.0,-2.480490445919575e-17,0.0,21000.0,0,False,
100000008459449100,terminal,0.766,0,0.2758,"получил 53,700₸ от 1 за 1 перев., исходящих нет (глубина 3<4) -> деньги осели",1,0,53700.0,0.0,0.00030091300406936093,0.0,3,False,False,-0.0,0.0011379074330901393,0.0,53700.0,0,False,
100000008677518100,terminal,0.745,1,0.2425,"получил 48,700₸ от 1 за 1 перев., исходящих нет (глубина 3<4) -> деньги осели",1,0,48700.0,0.0,0.0002944811371313617,0.0,3,False,False,-0.0,-2.4803732894897585e-17,0.0,48700.0,0,False,
100000002212494100,terminal,0.873,31,0.3776,"получил 160,000₸ от 1 за 1 перев., исходящих нет (глубина 3<4) -> деньги осели",1,0,160000.0,0.0,0.00035819595141337344,0.0,3,False,False,-0.0,4.747355965046311e-05,0.0,160000.0,0,False,
100000001825934100,transit,0.688,36,0.5465,"pass_through=2.42, 40,000₸ -> 97,000₸; двусторонний поток",1,1,40000.0,97000.0,0.00047792600695489986,2.425,3,False,False,5.958247577804188e-22,-2.0948200238351766e-19,1.0077077550770332e-06,-57000.0,0,False,
100000003736419100,peripheral,0.2,0,0.2167,"удерживает средства: получил 23,300₸, отдал 10,000₸ (pass_through=0.43), in_deg=1",1,1,23300.0,10000.0,0.00029295117421490315,0.4291845493562232,3,False,False,-1.2519890045396525e-21,0.0011379074330901391,1.9549530448494444e-05,13300.0,0,False,0.0
100000008430691100,transit,0.835,70,0.6217,"pass_through=30.25, 20,000₸ -> 604,900₸; двусторонний поток",1,2,20000.0,604900.0,0.00030834519891436834,30.245,3,False,False,1.1080982558828078e-06,1.0123575772456984e-05,1.9952613550525257e-05,-584900.0,0,True,3.5
100000003073635100,terminal,0.853,3,0.3337,"получил 129,231₸ от 1 за 1 перев., исходящих нет (глубина 3<4) -> деньги осели",1,0,129231.0,0.0,0.000313247583783119,0.0,3,False,False,-0.0,0.0016044117981357452,0.0,129231.0,0,False,
100000001686328100,terminal,0.86,7,0.3422,"получил 140,000₸ от 1 за 1 перев., исходящих нет (глубина 3<4) -> деньги осели",1,0,140000.0,0.0,0.00031645902449252026,0.0,3,False,False,-0.0,9.056546053525681e-08,0.0,140000.0,0,False,
100000008707810100,terminal,0.673,1,0.1934,"получил 26,200₸ от 1 за 1 перев., исходящих нет (глубина 3<4) -> деньги осели",1,0,26200.0,0.0,0.0002909549267563096,0.0,3,False,False,-0.0,-2.4253890389986853e-17,0.0,26200.0,0,False,
100000001236706100,consolidator,0.576,13,0.7349,"получил от 3 плательщиков, 142,700₸; authority=0.0032; seed-плательщиков 0, циклы=False",3,2,142700.0,36000.0,0.0007695577991874913,0.25227750525578135,3,False,False,1.0088733957973977e-19,0.0032252163606305696,3.9905227101050515e-05,106700.0,0,False,11.0
100000008536546100,terminal,0.916,18,0.3652,"получил 250,000₸ от 2 за 2 перев., исходящих нет (глубина 3<4) -> деньги осели",2,0,250000.0,0.0,0.0003186674744301524,0.0,3,False,False,-0.0,2.566429867030428e-06,0.0,250000.0,0,False,
100000007140834100,terminal,0.566,6,0.3405,"получил 10,200₸ от 1 за 2 перев., исходящих нет (глубина 3<4) -> деньги осели",1,0,10200.0,0.0,0.0007152984114162449,0.0,3,False,False,-0.0,-2.687177172639658e-21,0.0,10200.0,0,False,
100000007022818100,terminal,0.609,1,0.158,"получил 17,200₸ от 1 за 1 перев., исходящих нет (глубина 3<4) -> деньги осели",1,0,17200.0,0.0,0.0002895444426062888,0.0,3,False,False,-0.0,-2.3927410057553873e-17,0.0,17200.0,0,False,
100000007484343100,terminal,0.676,0,0.1879,"получил 26,757₸ от 2 за 2 перев., исходящих нет (глубина 3<4) -> деньги осели",2,0,26757.0,0.0,0.00029042727942479385,0.0,3,False,False,-0.0,0.004043689088306633,0.0,26757.0,0,False,
100000001379511100,terminal,0.769,10,0.2962,"получил 55,000₸ от 1 за 1 перев., исходящих нет (глубина 3<4) -> деньги осели",1,0,55000.0,0.0,0.0003086620765902079,0.0,3,False,False,-0.0,4.8678295325856777e-08,0.0,55000.0,0,False,
100000004569484100,transit,0.861,8,0.6566,"pass_through=1.59, 98,312₸ -> 156,000₸; двусторонний поток",2,4,98312.0,156000.0,0.00032080642674798155,1.586784929611848,3,False,False,9.190404958282528e-05,2.71720643541246e-05,0.0028412589305207747,-57688.0,0,True,10.0
100000002948492100,terminal,0.652,14,0.2061,"получил 23,660₸ от 1 за 1 перев., исходящих нет (глубина 3<4) -> деньги осели",1,0,23660.0,0.0,0.0002935696066281701,0.0,3,False,False,-0.0,2.4413790383030802e-05,0.0,23660.0,0,False,
100000002116705100,terminal,0.613,1,0.1602,"получил 17,600₸ от 1 за 1 перев., исходящих нет (глубина 3<4) -> деньги осели",1,0,17600.0,0.0,0.00028960713079073414,0.0,3,False,False,-0.0,-2.5155592869764587e-17,0.0,17600.0,0,False,
100000002481974100,transit,0.634,3,0.5701,"pass_through=3.56, 89,447₸ -> 318,000₸; двусторонний поток",2,2,89447.0,318000.0,0.00033314047777107,3.5551779265934016,3,False,False,-1.0001703389731801e-19,0.00015098213758675343,3.95021439990197e-05,-228553.0,0,False,4.0
100000003920950100,terminal,0.934,6,0.4128,"получил 323,290₸ от 1 за 1 перев., исходящих нет (глубина 3<4) -> деньги осели",1,0,323290.0,0.0,0.0003934452430318643,0.0,3,False,False,-0.0,0.00010831189958102305,0.0,323290.0,0,False,
100000000733451100,transit,0.71,13,0.6236,"pass_through=4.29, 70,000₸ -> 300,000₸; двусторонний поток",1,1,70000.0,300000.0,0.0005435003201234485,4.285714285714286,3,False,False,-7.410852056412965e-21,9.256488485650239e-20,2.4991152325910422e-05,-230000.0,0,False,
100000005182219100,terminal,0.769,4,0.339,"получил 55,000₸ от 2 за 2 перев., исходящих нет (глубина 3<4) -> деньги осели",2,0,55000.0,0.0,0.0003556910678831747,0.0,3,False,False,-0.0,0.002964458446787715,0.0,55000.0,0,False,
100000008633099100,transit,0.406,6,0.3792,"pass_through=0.69, 19,468₸ -> 13,500₸; двусторонний поток",1,1,19468.0,13500.0,0.00029326791271355767,0.6934456544072324,3,False,False,-9.892162961839944e-21,0.00010831189958102302,1.9549530448494444e-05,5968.0,0,False,8.0
100000001380107100,terminal,0.529,56,0.1598,"получил 6,000₸ от 1 за 1 перев., исходящих нет (глубина 3<4) -> деньги осели",1,0,6000.0,0.0,0.0002922501835648065,0.0,3,False,False,-0.0,3.283226661582616e-08,0.0,6000.0,0,False,
100000008755168100,terminal,0.613,1,0.1602,"получил 17,600₸ от 1 за 1 перев., исходящих нет (глубина 3<4) -> деньги осели",1,0,17600.0,0.0,0.00028960713079073414,0.0,3,False,False,-0.0,-2.495504340517196e-17,0.0,17600.0,0,False,
100000002628576100,transit,0.564,4,0.5656,"pass_through=0.74: получил 727,882₸ -> отдал 539,000₸, оборот ~0д; цикл=False",2,2,727882.0,539000.0,0.0003127726042145673,0.7405046422359668,3,False,False,1.3095149764089577e-20,0.005845955735386661,3.909906089698889e-05,188882.0,0,False,0.0
100000001611488100,terminal,0.981,4,0.4923,"получил 779,300₸ от 2 за 3 перев., исходящих нет (глубина 3<4) -> деньги осели",2,0,779300.0,0.0,0.0008812402243074091,0.0,3,False,False,-0.0,0.002964065364405582,0.0,779300.0,0,False,
100000005375968100,transit,0.353,0,0.4892,"pass_through=0.51, 170,082₸ -> 86,000₸; двусторонний поток",1,2,170082.0,86000.0,0.0002964679282190002,0.5056384567443939,3,False,False,6.784190052875106e-20,0.002905781655216496,3.909906089698889e-05,84082.0,0,False,1.0
100000003581109100,terminal,0.728,0,0.1926,"получил 42,750₸ от 1 за 1 перев., исходящих нет (глубина 3<4) -> деньги осели",1,0,42750.0,0.0,0.0002892665995550905,0.0,3,False,False,-0.0,0.0029057816552164966,0.0,42750.0,0,False,
100000002933386100,transit,0.73,2,0.5794,"pass_through=3.87, 15,000₸ -> 58,000₸; двусторонний поток",1,1,15000.0,58000.0,0.0006555879422541291,3.8666666666666667,3,False,False,8.756952655017368e-21,1.8306129067682142e-20,2.035569665255607e-05,-43000.0,0,False,
100000002284426100,terminal,0.815,4,0.229,"получил 90,000₸ от 1 за 2 перев., исходящих нет (глубина 3<4) -> деньги осели",1,0,90000.0,0.0,0.0002897771523345569,0.0,3,False,False,-0.0,0.002940174080170159,0.0,90000.0,0,False,
100000008579978100,transit,0.472,4,0.3822,"pass_through=2.26, 34,000₸ -> 77,000₸; двусторонний поток",1,1,34000.0,77000.0,0.0002879550979686962,2.264705882352941,3,False,False,-2.872097003711669e-21,0.002940174080170159,1.9549530448494444e-05,-43000.0,0,False,0.0
100000001549194100,terminal,0.738,14,0.263,"получил 46,500₸ от 1 за 1 перев., исходящих нет (глубина 3<4) -> деньги осели",1,0,46500.0,0.0,0.00030005743697336266,0.0,3,False,False,-0.0,2.441379038303092e-05,0.0,46500.0,0,False,
100000001427082100,transit,0.682,21,0.5811,"pass_through=24.98, 5,000₸ -> 124,900₸; двусторонний поток",1,5,5000.0,124900.0,0.00044117104497771954,24.98,3,False,False,-2.862577927605663e-20,-5.993712233384181e-20,7.981045420210103e-05,-119900.0,0,False,4.0
100000004657034100,terminal,0.862,4,0.2618,"получил 141,250₸ от 1 за 1 перев., исходящих нет (глубина 3<4) -> деньги осели",1,0,141250.0,0.0,0.00029144465744617055,0.0,3,False,False,-0.0,0.002940174080170159,0.0,141250.0,0,False,
100000003796063100,coordinator,0.925,4,0.9344,"betweenness=0.0012(топ~2%), pagerank=0.0007, мост: получает от 1, шлёт 15; seed-плательщиков 0",1,15,35000.0,959150.0,0.0006881991948261152,27.404285714285713,3,False,False,0.0025957794878544984,-2.8206229743513642e-21,0.0011991248385074798,-924150.0,0,True,0.0
100000005268319100,transit,0.782,0,0.5414,"pass_through=4.62, 19,713₸ -> 91,000₸; двусторонний поток",1,5,19712.8,91000.0,0.0002949523140243929,4.6162899232985675,3,False,False,0.00029802330012880616,0.0006428156846267572,4.1167285378336265e-05,-71287.2,0,True,4.5
100000008744799100,terminal,0.577,1,0.1411,"получил 12,600₸ от 1 за 1 перев., исходящих нет (глубина 3<4) -> деньги осели",1,0,12600.0,0.0,0.000288823528485167,0.0,3,False,False,-0.0,-2.3646502606355824e-17,0.0,12600.0,0,False,
100000008677215100,terminal,0.546,22,0.2193,"получил 9,000₸ от 1 за 1 перев., исходящих нет (глубина 3<4) -> деньги осели",1,0,9000.0,0.0,0.0003058013660668003,0.0,3,False,False,-0.0,3.1978736962154113e-06,0.0,9000.0,0,False,
100000007593823100,transit,0.757,0,0.5591,"pass_through=6.52, 25,000₸ -> 162,900₸; двусторонний поток",3,13,25000.0,162900.0,0.00029189189381968766,6.516,3,False,False,0.0014877923405594406,0.004303149176099711,0.0006929928621521432,-137900.0,0,True,4.0
100000001282143100,consolidator,0.461,12,0.6079,"получил от 5 плательщиков, 1,700,000₸; authority=0.0000; seed-плательщиков 0, циклы=False",5,0,1700000.0,0.0,0.00040353415108230583,0.0,3,False,False,-0.0,7.822619918918486e-06,0.0,1700000.0,0,False,
100000008029279100,terminal,0.606,3,0.1666,"получил 17,000₸ от 1 за 1 перев., исходящих нет (глубина 3<4) -> деньги осели",1,0,17000.0,0.0,0.0002903215349601444,0.0,3,False,False,-0.0,0.0016044117981357465,0.0,17000.0,0,False,
100000000594783100,peripheral,0.2,24,0.4897,"удерживает средства: получил 2,635,000₸, отдал 152,500₸ (pass_through=0.06), in_deg=1",1,2,2635000.0,152500.0,0.0014014693873001085,0.05787476280834915,3,False,False,-3.22470201715272e-20,2.9888444381097824e-19,0.0,2482500.0,0,True,0.5
100000002705460100,terminal,0.822,5,0.4122,"получил 95,000₸ от 1 за 1 перев., исходящих нет (глубина 3<4) -> деньги осели",1,0,95000.0,0.0,0.0005601353161872996,0.0,3,False,False,-0.0,1.6867790827473626e-05,0.0,95000.0,0,False,
100000002952756100,terminal,0.74,9,0.3366,"получил 47,000₸ от 1 за 1 перев., исходящих нет (глубина 3<4) -> деньги осели",1,0,47000.0,0.0,0.0003693378412493598,0.0,3,False,False,-0.0,2.4631368116493785e-07,0.0,47000.0,0,False,
100000004634420100,terminal,0.672,1,0.1923,"получил 26,150₸ от 1 за 1 перев., исходящих нет (глубина 3<4) -> деньги осели",1,0,26150.0,0.0,0.0002909470907332539,0.0,3,False,False,-0.0,-2.457055712479078e-17,0.0,26150.0,0,False,
100000000583220100,transit,0.565,71,0.5169,"pass_through=152.25, 5,000₸ -> 761,255₸; двусторонний поток",1,1,5000.0,761255.0,0.00029944454409515576,152.251,3,False,False,3.5300131072783226e-21,4.2599461443269184e-08,1.9952613550525257e-05,-756255.0,0,False,2.0
100000003286537100,terminal,0.87,7,0.3182,"получил 153,000₸ от 2 за 2 перев., исходящих нет (глубина 3<4) -> деньги осели",2,0,153000.0,0.0,0.00030244091776767475,0.0,3,False,False,-0.0,3.2423626598704897e-06,0.0,153000.0,0,False,
100000002958345100,terminal,0.933,12,0.3377,"получил 307,000₸ от 1 за 1 перев., исходящих нет (глубина 3<4) -> деньги осели",1,0,307000.0,0.0,0.0003015325037531885,0.0,3,False,False,-0.0,3.794136343560946e-07,0.0,307000.0,0,False,
100000005055454100,terminal,0.532,29,0.2992,"получил 6,500₸ от 1 за 1 перев., исходящих нет (глубина 3<4) -> деньги осели",1,0,6500.0,0.0,0.0005081136848480626,0.0,3,False,False,-0.0,-2.3844889401489212e-20,0.0,6500.0,0,False,
100000008738526100,transit,0.479,18,0.4092,"pass_through=9.33, 15,000₸ -> 140,000₸; двусторонний поток",1,1,15000.0,140000.0,0.00028873979765859655,9.333333333333334,3,False,False,8.895969051989042e-21,1.2902818407778436e-06,2.1766487509663916e-05,-125000.0,0,False,5.0
100000001298099100,terminal,0.621,8,0.1994,"получил 19,000₸ от 1 за 1 перев., исходящих нет (глубина 3<4) -> деньги осели",1,0,19000.0,0.0,0.00029395757043285375,0.0,3,False,False,-0.0,6.407022407298522e-07,0.0,19000.0,0,False,
100000006491272100,terminal,0.673,1,0.1934,"получил 26,200₸ от 1 за 1 перев., исходящих нет (глубина 3<4) -> деньги осели",1,0,26200.0,0.0,0.0002909549267563096,0.0,3,False,False,-0.0,-2.3525856987802096e-17,0.0,26200.0,0,False,
100000000552584100,peripheral,0.2,24,0.4886,"удерживает средства: получил 2,500,000₸, отдал 57,500₸ (pass_through=0.02), in_deg=1",1,1,2500000.0,57500.0,0.0013443635913060398,0.023,3,False,False,3.513794858507563e-20,-9.48542412618587e-20,0.0,2442500.0,0,True,4.0
100000005187208100,terminal,0.586,4,0.245,"получил 14,160₸ от 1 за 1 перев., исходящих нет (глубина 3<4) -> деньги осели",1,0,14160.0,0.0,0.0003133607963492508,0.0,3,False,False,-0.0,0.0001069423910276926,0.0,14160.0,0,False,
100000003528285100,consolidator,0.613,2,0.7322,"получил от 4 плательщиков, 118,870₸; authority=0.0047; seed-плательщиков 0, циклы=False",4,4,118870.0,548000.0,0.00040605928275039147,4.6100782367292,3,False,False,0.0006432388314909979,0.004721828211159682,0.00011701726042347617,-429130.0,0,False,4.0
100000001484381100,terminal,0.823,8,0.339,"получил 95,585₸ от 2 за 4 перев., исходящих нет (глубина 3<4) -> деньги осели",2,0,95585.0,0.0,0.00032273403956322843,0.0,3,False,False,-0.0,3.3989762118237075e-06,0.0,95585.0,0,False,
100000002508637100,peripheral,0.2,3,0.3393,"удерживает средства: получил 306,410₸, отдал 8,000₸ (pass_through=0.03), in_deg=1",1,1,306410.0,8000.0,0.0003087634022713054,0.02610880845925394,3,False,False,-9.029189327719532e-21,7.936044353374635e-05,8.061662040616265e-07,298410.0,0,False,12.0
100000003149149100,terminal,0.914,4,0.3037,"получил 245,000₸ от 1 за 1 перев., исходящих нет (глубина 3<4) -> деньги осели",1,0,245000.0,0.0,0.0002948203385257786,0.0,3,False,False,-0.0,0.0029401740801701585,0.0,245000.0,0,False,
100000001538095100,terminal,0.924,12,0.3806,"получил 280,000₸ от 2 за 2 перев., исходящих нет (глубина 3<4) -> деньги осели",2,0,280000.0,0.0,0.0003316052210015492,0.0,3,False,False,-0.0,3.0512336499086814e-06,0.0,280000.0,0,False,
100000008695133100,terminal,0.712,1,0.2198,"получил 36,610₸ от 1 за 1 перев., исходящих нет (глубина 3<4) -> деньги осели",1,0,36610.0,0.0,0.00029258638675650037,0.0,3,False,False,-0.0,-2.434614181965253e-17,0.0,36610.0,0,False,
100000008749405100,terminal,0.713,1,0.2207,"получил 37,150₸ от 1 за 1 перев., исходящих нет (глубина 3<4) -> деньги осели",1,0,37150.0,0.0,0.00029267101580550165,0.0,3,False,False,-0.0,-2.5067948742866447e-17,0.0,37150.0,0,False,
100000005815602100,transit,0.715,5,0.5973,"pass_through=8.25, 20,000₸ -> 165,000₸; двусторонний поток",1,1,20000.0,165000.0,0.0005545821449232087,8.25,3,False,False,2.978080528650852e-21,-3.50715228984118e-21,1.975107199950985e-05,-145000.0,0,False,19.0
100000006641671100,transit,0.638,3,0.5088,"pass_through=1.14: получил 22,000₸ -> отдал 25,000₸, оборот ~0д; цикл=False",2,1,22000.0,25000.0,0.0004419288909384838,1.1363636363636365,3,False,False,1.0250042922727506e-05,0.001654992296493351,5.542392652923682e-06,-3000.0,0,False,0.0
100000002945031100,terminal,0.592,13,0.1796,"получил 15,000₸ от 1 за 1 перев., исходящих нет (глубина 3<4) -> деньги осели",1,0,15000.0,0.0,0.0002924242452927986,0.0,3,False,False,-0.0,0.0002594600877930755,0.0,15000.0,0,False,
100000003497735100,terminal,0.85,17,0.3241,"получил 125,000₸ от 1 за 1 перев., исходящих нет (глубина 3<4) -> деньги осели",1,0,125000.0,0.0,0.00030831471215755907,0.0,3,False,False,-0.0,8.448073393743561e-05,0.0,125000.0,0,False,
100000004644615100,transit,0.661,9,0.5629,"pass_through=7.47, 50,810₸ -> 379,665₸; двусторонний поток",1,2,50810.0,379665.0,0.0003760247147405892,7.472249557173785,3,False,False,1.2912901793346156e-19,2.463136811644826e-07,1.2092493060924398e-06,-328855.0,0,False,15.0
100000002755292100,terminal,0.899,4,0.2906,"получил 203,400₸ от 1 за 1 перев., исходящих нет (глубина 3<4) -> деньги осели",1,0,203400.0,0.0,0.00029346681242542493,0.0,3,False,False,-0.0,0.0029401740801701585,0.0,203400.0,0,False,
100000005142492100,transit,0.995,6,0.5666,"pass_through=5.70, 10,000₸ -> 57,000₸; двусторонний поток",1,1,10000.0,57000.0,0.0019364373419465083,5.7,3,False,False,1.3505684297645431e-05,-6.222363632476451e-22,0.0,-47000.0,0,True,0.0
100000002893020100,terminal,0.619,8,0.1974,"получил 18,340₸ от 1 за 1 перев., исходящих нет (глубина 3<4) -> деньги осели",1,0,18340.0,0.0,0.0002937106359570594,0.0,3,False,False,-0.0,6.407022407299633e-07,0.0,18340.0,0,False,
100000004500444100,peripheral,0.2,14,0.4228,"удерживает средства: получил 180,000₸, отдал 74,000₸ (pass_through=0.41), in_deg=2",2,1,180000.0,74000.0,0.00046648815353129535,0.4111111111111111,3,False,False,-2.5381642640268403e-21,2.4610560408909236e-05,1.975107199950985e-05,106000.0,0,False,1.0
100000008454065100,terminal,0.657,14,0.2085,"получил 24,050₸ от 1 за 1 перев., исходящих нет (глубина 3<4) -> деньги осели",1,0,24050.0,0.0,0.0002936803883197036,0.0,3,False,False,-0.0,2.4413790383030653e-05,0.0,24050.0,0,False,
100000008416433100,terminal,0.63,14,0.1924,"получил 20,000₸ от 1 за 1 перев., исходящих нет (глубина 3<4) -> деньги осели",1,0,20000.0,0.0,0.0002925299630614711,0.0,3,False,False,-0.0,2.4413790383030314e-05,0.0,20000.0,0,False,
100000005265073100,transit,0.569,20,0.3843,"pass_through=1.80, 5,000₸ -> 9,000₸; двусторонний поток",1,1,5000.0,9000.0,0.00030046266182776526,1.8,3,False,False,-6.703835217556621e-22,1.0303697761792086e-06,2.1363404407633102e-05,-4000.0,0,False,
100000006734214100,consolidator,0.648,4,0.7682,"получил от 5 плательщиков, 610,000₸; authority=0.0080; seed-плательщиков 0, циклы=False",5,3,610000.0,36000.0,0.0006089813456116862,0.05901639344262295,3,False,False,-2.7681329033837256e-19,0.00800942457913654,6.046246530462199e-05,574000.0,0,False,2.0
100000002611334100,peripheral,0.2,0,0.2948,"удерживает средства: получил 48,288₸, отдал 15,500₸ (pass_through=0.32), in_deg=1",1,1,48288.0,15500.0,0.00030669889928359664,0.3209907223326706,3,False,False,-1.3095148373680006e-21,0.0006428156846267577,1.9549530448494444e-05,32788.0,0,False,27.0
100000006225798100,consolidator,0.586,15,0.7049,"получил от 3 плательщиков, 722,000₸; authority=0.0061; seed-плательщиков 0, циклы=False",3,2,722000.0,26300.0,0.0003615536458408232,0.03642659279778394,3,False,False,6.3110925262960846e-21,0.006079300361165046,3.909906089698889e-05,695700.0,0,False,
100000002849158100,consolidator,0.401,7,0.7008,"получил от 3 плательщиков, 723,000₸; authority=0.0000; seed-плательщиков 0, циклы=False",3,1,723000.0,1313000.0,0.0003377410135067868,1.8160442600276625,3,False,False,3.3261553790479175e-21,7.907222096633498e-06,2.3177278366771764e-05,-590000.0,0,False,0.0
100000008686214100,terminal,0.663,3,0.235,"получил 25,000₸ от 1 за 1 перев., исходящих нет (глубина 3<4) -> деньги осели",1,0,25000.0,0.0,0.00029905883085663517,0.0,3,False,False,-0.0,0.00012159928474839191,0.0,25000.0,0,False,
100000004931931100,transit,0.528,0,0.4082,"pass_through=1.88, 23,938₸ -> 45,000₸; двусторонний поток",1,1,23938.0,45000.0,0.0002931182678809276,1.8798562954298605,3,False,False,-5.069992540200602e-22,0.0011379074330901402,1.9549530448494444e-05,-21062.0,0,False,3.0
100000007510875100,terminal,0.516,7,0.2607,"получил 5,000₸ от 1 за 1 перев., исходящих нет (глубина 3<4) -> деньги осели",1,0,5000.0,0.0,0.00035791700916737245,0.0,3,False,False,-0.0,1.848203346954352e-07,0.0,5000.0,0,False,
100000005233755100,peripheral,0.2,15,0.2121,"удерживает средства: получил 25,000₸, отдал 5,000₸ (pass_through=0.20), in_deg=1",1,1,25000.0,5000.0,0.0002929125337123526,0.2,3,False,False,-7.912651340123954e-22,0.00046590181504893677,1.9549530448494444e-05,20000.0,0,False,0.0
100000008042075100,terminal,0.516,24,0.163,"получил 5,000₸ от 1 за 1 перев., исходящих нет (глубина 3<4) -> деньги осели",1,0,5000.0,0.0,0.0002932622491795616,0.0,3,False,False,-0.0,-9.955443668345983e-20,0.0,5000.0,0,False,
100000001680944100,terminal,0.947,18,0.4,"получил 393,000₸ от 1 за 1 перев., исходящих нет (глубина 3<4) -> деньги осели",1,0,393000.0,0.0,0.00034712341761991165,0.0,3,False,False,-0.0,3.5591270874006184e-07,0.0,393000.0,0,False,
100000008417029100,terminal,0.829,7,0.3167,"получил 100,000₸ от 1 за 1 перев., исходящих нет (глубина 3<4) -> деньги осели",1,0,100000.0,0.0,0.00030799897483041103,0.0,3,False,False,-0.0,9.056546053528074e-08,0.0,100000.0,0,False,
100000004975919100,transit,0.381,3,0.387,"pass_through=0.67, 22,351₸ -> 15,000₸; двусторонний поток",1,2,22351.0,15000.0,0.00029141461340773675,0.6711109122634334,3,False,False,4.321457569862594e-20,0.0016044117981357465,3.909906089698889e-05,7351.0,0,False,
100000003087877100,terminal,0.818,3,0.2613,"получил 91,486₸ от 1 за 1 перев., исходящих нет (глубина 3<4) -> деньги осели",1,0,91486.0,0.0,0.0002933919617593942,0.0,3,False,False,-0.0,7.936044353374603e-05,0.0,91486.0,0,False,
100000008295429100,terminal,0.94,4,0.3299,"получил 352,000₸ от 1 за 1 перев., исходящих нет (глубина 3<4) -> деньги осели",1,0,352000.0,0.0,0.00029830176383197684,0.0,3,False,False,-0.0,0.0029401740801701585,0.0,352000.0,0,False,
100000003254277100,transit,0.669,0,0.3893,"pass_through=0.91: получил 49,200₸ -> отдал 44,997₸, оборот ~0д; цикл=False",1,1,49200.0,44997.0,0.00028963138271943426,0.9145731707317073,3,False,False,-1.9975800977766545e-22,0.0029057816552164966,1.9549530448494444e-05,4203.0,0,False,0.0
100000005314565100,terminal,0.903,0,0.3958,"получил 218,500₸ от 1 за 3 перев., исходящих нет (глубина 3<4) -> деньги осели",1,0,218500.0,0.0,0.0003766690051845033,0.0,3,False,False,-0.0,0.0006428156846267569,0.0,218500.0,0,False,
100000002951898100,terminal,0.719,14,0.2513,"получил 39,990₸ от 1 за 1 перев., исходящих нет (глубина 3<4) -> деньги осели",1,0,39990.0,0.0,0.00029820823489161115,0.0,3,False,False,-0.0,2.441379038303079e-05,0.0,39990.0,0,False,
100000001009583100,terminal,0.947,4,0.3367,"получил 393,740₸ от 1 за 1 перев., исходящих нет (глубина 3<4) -> деньги осели",1,0,393740.0,0.0,0.00029965984506824517,0.0,3,False,False,-0.0,0.002940174080170159,0.0,393740.0,0,False,
100000004064431100,peripheral,0.2,23,0.2021,"удерживает средства: получил 26,000₸, отдал 10,000₸ (pass_through=0.38), in_deg=1",1,1,26000.0,10000.0,0.0002923557506606153,0.38461538461538464,3,False,False,-1.317805784389801e-21,-3.3171708661434786e-21,1.0077077550770332e-06,16000.0,0,False,2.0
100000001927599100,terminal,0.888,8,0.3659,"получил 188,000₸ от 2 за 2 перев., исходящих нет (глубина 3<4) -> деньги осели",2,0,188000.0,0.0,0.0003287099192214552,0.0,3,False,False,-0.0,6.975993586482694e-07,0.0,188000.0,0,False,
100000007737775100,terminal,0.529,32,0.2119,"получил 6,000₸ от 1 за 1 перев., исходящих нет (глубина 3<4) -> деньги осели",1,0,6000.0,0.0,0.0003044690118995227,0.0,3,False,False,-0.0,9.977809550671128e-07,0.0,6000.0,0,False,
100000003157679100,consolidator,0.388,7,0.5829,"получил от 4 плательщиков, 541,000₸; authority=0.0000; seed-плательщиков 0, циклы=False",4,0,541000.0,0.0,0.00037450565257694167,0.0,3,False,False,-0.0,1.958930231675587e-06,0.0,541000.0,0,False,
100000001229743100,transit,0.549,0,0.3176,"pass_through=1.29: получил 7,000₸ -> отдал 9,000₸, оборот ~6д; цикл=False",1,1,7000.0,9000.0,0.00028972638422921363,1.2857142857142858,3,False,False,-3.0316495226123624e-21,0.0006428156846267571,1.9549530448494444e-05,-2000.0,0,False,6.0
100000003795588100,terminal,0.949,0,0.3846,"получил 400,000₸ от 1 за 2 перев., исходящих нет (глубина 3<4) -> деньги осели",1,0,400000.0,0.0,0.00032246593786746655,0.0,3,False,False,-0.0,0.001131938443648603,0.0,400000.0,0,False,
100000002301828100,terminal,0.739,15,0.2393,"получил 46,977₸ от 1 за 1 перев., исходящих нет (глубина 3<4) -> деньги осели",1,0,46977.0,0.0,0.0002942734705263043,0.0,3,False,False,-0.0,0.000233344625778391,0.0,46977.0,0,False,
100000005409156100,terminal,0.918,4,0.4137,"получил 260,080₸ от 2 за 2 перев., исходящих нет (глубина 3<4) -> деньги осели",2,0,260080.0,0.0,0.0004257878959058123,0.0,3,False,False,-0.0,0.0030471164711978515,0.0,260080.0,0,False,
100000002513028100,transit,0.592,59,0.5376,"pass_through=35.02, 9,500₸ -> 332,709₸; двусторонний поток",1,3,9500.0,332709.0,0.00030695955204750394,35.022,3,False,False,1.2324859818097057e-19,2.3891284235421714e-05,6.167171461071443e-05,-323209.0,0,False,
100000003218308100,terminal,0.57,0,0.1296,"получил 11,165₸ от 1 за 1 перев., исходящих нет (глубина 3<4) -> деньги осели",1,0,11165.0,0.0,0.0002874802931603933,0.0,3,False,False,-0.0,0.0029057816552164966,0.0,11165.0,0,False,
100000008489604100,terminal,0.569,1,0.137,"получил 11,000₸ от 1 за 1 перев., исходящих нет (глубина 3<4) -> деньги осели",1,0,11000.0,0.0,0.0002885727757473855,0.0,3,False,False,-0.0,-2.4958630523830176e-17,0.0,11000.0,0,False,
100000004450649100,peripheral,0.2,4,0.3554,"удерживает средства: получил 192,528₸, отдал 46,527₸ (pass_through=0.24), in_deg=2",2,2,192528.0,46527.0,0.0003002894422648266,0.24166355023684866,3,False,False,0.0005807834290096251,0.003024654814107595,0.00014112611207268822,146001.0,0,False,2.0
100000008767065100,terminal,0.557,18,0.1319,"получил 10,000₸ от 1 за 1 перев., исходящих нет (глубина 3<4) -> деньги осели",1,0,10000.0,0.0,0.00028838255466864354,0.0,3,False,False,-0.0,3.559127087398661e-07,0.0,10000.0,0,False,
100000003035737100,peripheral,0.2,4,0.4287,"удерживает средства: получил 809,170₸, отдал 6,545₸ (pass_through=0.01), in_deg=2",2,1,809170.0,6544.53,0.00038046625366801486,0.008087954323566123,3,False,False,1.6691963773312587e-20,0.0030704544578907408,1.9549530448494444e-05,802625.47,0,False,1.0
100000002748761100,terminal,0.982,12,0.401,"получил 796,800₸ от 1 за 3 перев., исходящих нет (глубина 3<4) -> деньги осели",1,0,796800.0,0.0,0.00032495938739367453,0.0,3,False,False,-0.0,3.7941363435605044e-07,0.0,796800.0,0,False,
100000008432942100,terminal,0.731,0,0.1952,"получил 44,542₸ от 1 за 2 перев., исходящих нет (глубина 3<4) -> деньги осели",1,0,44542.0,0.0,0.0002893679470636958,0.0,3,False,False,-0.0,0.002905781655216496,0.0,44542.0,0,False,
100000004278574100,transit,0.269,4,0.3364,"pass_through=0.50, 25,000₸ -> 12,500₸; двусторонний поток",1,1,25000.0,12500.0,0.00028766226780275425,0.5,3,False,False,3.0413152839902137e-21,0.002940174080170158,1.9549530448494444e-05,12500.0,0,False,11.0
100000000926766100,peripheral,0.2,26,0.2534,"удерживает средства: получил 18,750₸, отдал 6,000₸ (pass_through=0.32), in_deg=1",1,1,18750.0,6000.0,0.00031935485946294866,0.32,3,False,False,8.933928361491867e-09,2.500681742010262e-06,0.0,12750.0,0,True,0.0
100000008661550100,terminal,0.646,1,0.1788,"получил 22,800₸ от 1 за 1 перев., исходящих нет (глубина 3<4) -> деньги осели",1,0,22800.0,0.0,0.000290422077188524,0.0,3,False,False,-0.0,-2.351936069700475e-17,0.0,22800.0,0,False,
100000000783406100,terminal,0.531,35,0.1547,"получил 6,066₸ от 1 за 1 перев., исходящих нет (глубина 3<4) -> деньги осели",1,0,6066.0,0.0,0.0002914935468693817,0.0,3,False,False,-0.0,6.825434540110019e-20,0.0,6066.0,0,False,
100000008730371100,terminal,0.967,0,0.485,"получил 520,000₸ от 2 за 3 перев., исходящих нет (глубина 3<4) -> деньги осели",2,0,520000.0,0.0,0.0008619731961965355,0.0,3,False,False,-0.0,0.0011409886868429414,0.0,520000.0,0,False,
100000002878467100,terminal,0.896,10,0.3543,"получил 200,000₸ от 2 за 2 перев., исходящих нет (глубина 3<4) -> деньги осели",2,0,200000.0,0.0,0.00031580757064112635,0.0,3,False,False,-0.0,2.3413153457735588e-06,0.0,200000.0,0,False,
100000003171587100,transit,0.462,4,0.5747,"pass_through=0.62, 700,000₸ -> 431,300₸; двусторонний поток",2,2,700000.0,431300.0,0.00031742126397983536,0.6161428571428571,3,False,False,-8.355986299878983e-20,0.0030195345237039044,3.95021439990197e-05,268700.0,0,False,14.0
100000002696152100,transit,0.989,32,0.6891,"pass_through=3.17, 21,800₸ -> 69,000₸; двусторонний поток",1,2,21800.0,69000.0,0.0012105361210712137,3.165137614678899,3,False,False,1.8868443029574128e-20,-2.6581861090735063e-21,2.1766487509663916e-05,-47200.0,0,True,13.5
100000002109656100,terminal,0.964,12,0.3724,"получил 500,000₸ от 1 за 1 перев., исходящих нет (глубина 3<4) -> деньги осели",1,0,500000.0,0.0,0.00031076359510193044,0.0,3,False,False,-0.0,3.794136343558471e-07,0.0,500000.0,0,False,
100000001317336100,transit,0.643,31,0.6041,"pass_through=13.35, 131,196₸ -> 1,752,000₸; двусторонний поток",1,2,131196.0,1752000.0,0.0003453516896029726,13.354065672733924,3,False,False,-1.0486391801795868e-19,4.747355965046323e-05,4.071139330511214e-05,-1620804.0,0,False,4.0
100000005222360100,transit,0.725,14,0.5776,"pass_through=5.40, 5,000₸ -> 27,000₸; двусторонний поток",1,1,5000.0,27000.0,0.000604212647324845,5.4,3,False,False,1.4913309642767743e-06,-2.6739250459503437e-20,0.0019414132342080988,-22000.0,0,False,4.0
100000001445848100,transit,0.831,35,0.625,"pass_through=0.64, 546,000₸ -> 351,850₸; двусторонний поток",1,1,546000.0,351850.0,0.0007049174497613797,0.6444139194139195,3,False,False,2.2189932694765626e-05,-9.696122401648818e-20,0.0,194150.0,0,True,1.0
100000008720856100,transit,0.621,4,0.4866,"pass_through=2.54, 18,105₸ -> 46,000₸; двусторонний поток",1,1,18105.0,46000.0,0.00032074706934955986,2.5407346037006353,3,False,False,5.0518882151141496e-21,0.0001069423910276927,1.9952613550525257e-05,-27895.0,0,False,
100000002448088100,consolidator,0.255,21,0.6398,"получил от 3 плательщиков, 20,000₸; authority=0.0000; seed-плательщиков 0, циклы=False",3,1,20000.0,25000.0,0.0005108708923550081,1.25,3,False,False,-8.895386013173386e-22,4.0307635923726606e-20,2.1161862856617695e-05,-5000.0,0,False,0.0
100000003109805100,terminal,0.712,15,0.2206,"получил 36,929₸ от 1 за 1 перев., исходящих нет (глубина 3<4) -> деньги осели",1,0,36929.0,0.0,0.0002926854044457857,0.0,3,False,False,-0.0,0.00023334462577839055,0.0,36929.0,0,False,
100000008223661100,transit,0.54,10,0.5775,"pass_through=1.30: получил 202,000₸ -> отдал 262,580₸, оборот ~2д; цикл=False",2,5,202000.0,262580.0,0.00031607423562254443,1.29990099009901,3,False,False,0.0013472917058290638,2.3413153457731785e-06,0.0003309984072843028,-60580.0,0,False,2.0
100000004096559100,terminal,0.737,6,0.4045,"получил 46,200₸ от 1 за 1 перев., исходящих нет (глубина 3<4) -> деньги осели",1,0,46200.0,0.0,0.0009806039355939784,0.0,3,False,False,-0.0,-1.4481055172696057e-20,0.0,46200.0,0,False,
100000002257794100,terminal,0.871,23,0.4477,"получил 154,000₸ от 1 за 1 перев., исходящих нет (глубина 3<4) -> деньги осели",1,0,154000.0,0.0,0.0008642083851019645,0.0,3,False,False,-0.0,1.3754484992123334e-20,0.0,154000.0,0,False,
100000003112578100,terminal,0.834,12,0.2539,"получил 101,080₸ от 1 за 1 перев., исходящих нет (глубина 3<4) -> деньги осели",1,0,101080.0,0.0,0.0002916834554084582,0.0,3,False,False,-0.0,3.7941363435582836e-07,0.0,101080.0,0,False,
100000007020162100,terminal,0.811,14,0.3159,"получил 86,395₸ от 1 за 1 перев., исходящих нет (глубина 3<4) -> деньги осели",1,0,86395.0,0.0,0.0003113898359060009,0.0,3,False,False,-0.0,2.4413790383030663e-05,0.0,86395.0,0,False,
100000001934935100,terminal,0.847,0,0.2728,"получил 118,935₸ от 1 за 1 перев., исходящих нет (глубина 3<4) -> деньги осели",1,0,118935.0,0.0,0.0002935752825590484,0.0,3,False,False,-0.0,0.0029057816552164966,0.0,118935.0,0,False,
100000002663511100,terminal,0.921,0,0.3542,"получил 268,940₸ от 1 за 1 перев., исходящих нет (глубина 3<4) -> деньги осели",1,0,268940.0,0.0,0.00031079599924890004,0.0,3,False,False,-0.0,0.0011319384436486025,0.0,268940.0,0,False,
100000003338583100,terminal,0.642,23,0.1882,"получил 21,765₸ от 1 за 1 перев., исходящих нет (глубина 3<4) -> деньги осели",1,0,21765.0,0.0,0.0002914587613745193,0.0,3,False,False,-0.0,4.1156174009713124e-19,0.0,21765.0,0,False,
100000002904919100,peripheral,0.2,0,0.2394,"удерживает средства: получил 60,325₸, отдал 5,500₸ (pass_through=0.09), in_deg=1",1,1,60325.0,5500.0,0.0002922203526373309,0.09117281392457521,3,False,False,6.752923697473043e-21,0.0011319384436486027,1.9549530448494444e-05,54825.0,0,False,
100000005127767100,terminal,0.535,40,0.2862,"получил 7,000₸ от 1 за 1 перев., исходящих нет (глубина 3<4) -> деньги осели",1,0,7000.0,0.0,0.0004243772759776554,0.0,3,False,False,-0.0,-1.8967908502218796e-19,0.0,7000.0,0,False,
100000004066647100,terminal,0.759,17,0.2529,"получил 51,000₸ от 1 за 1 перев., исходящих нет (глубина 3<4) -> деньги осели",1,0,51000.0,0.0,0.00029560692215996575,0.0,3,False,False,-0.0,8.448073393743567e-05,0.0,51000.0,0,False,
100000002394199100,peripheral,0.2,6,0.4643,"удерживает средства: получил 277,398₸, отдал 76,777₸ (pass_through=0.28), in_deg=1",1,1,277398.0,76777.0,0.0030500008120517954,0.2767756076107254,3,False,False,-1.7708057063265787e-21,8.634006918802736e-20,0.0,200621.0,0,True,0.0
100000003968044100,transit,0.796,3,0.5947,"pass_through=7.78, 40,000₸ -> 311,000₸; двусторонний поток",1,3,40000.0,311000.0,0.00029732494258889806,7.775,3,False,False,0.0014579653428758246,0.00113790743309014,6.67391640623311e-05,-271000.0,0,True,14.0
100000001808684100,transit,0.867,6,0.5693,"pass_through=0.78: получил 48,400₸ -> отдал 37,700₸, оборот ~0д; цикл=True",1,1,48400.0,37700.0,0.0011769702415539197,0.7789256198347108,3,False,False,1.2421621228130495e-05,-2.6399597759134446e-20,0.0,10700.0,0,True,0.0
100000008097580100,terminal,0.699,3,0.3805,"получил 32,000₸ от 2 за 4 перев., исходящих нет (глубина 3<4) -> деньги осели",2,0,32000.0,0.0,0.0006776944045104037,0.0,3,False,False,-0.0,2.4082303397081137e-05,0.0,32000.0,0,False,
100000008687617100,terminal,0.728,1,0.2322,"получил 43,350₸ от 1 за 2 перев., исходящих нет (глубина 3<4) -> деньги осели",1,0,43350.0,0.0,0.00029364268266440487,0.0,3,False,False,-0.0,-2.499975401114779e-17,0.0,43350.0,0,False,
100000005667841100,terminal,0.887,10,0.3467,"получил 186,000₸ от 2 за 2 перев., исходящих нет (глубина 3<4) -> деньги осели",2,0,186000.0,0.0,0.0003136200047158147,0.0,3,False,False,-0.0,2.341315345773171e-06,0.0,186000.0,0,False,
100000001329153100,terminal,0.869,0,0.2903,"получил 150,687₸ от 1 за 1 перев., исходящих нет (глубина 3<4) -> деньги осели",1,0,150687.0,0.0,0.000295371033727148,0.0,3,False,False,-0.0,0.0029057816552164966,0.0,150687.0,0,False,
100000007689942100,transit,0.983,17,0.6371,"pass_through=5.00, 5,000₸ -> 25,000₸; двусторонний поток",1,2,5000.0,25000.0,0.000896624115020963,5.0,3,False,False,8.886969638082045e-05,1.3907532537648656e-20,2.0154155101540664e-05,-20000.0,0,True,
100000006476758100,terminal,0.523,9,0.298,"получил 5,200₸ от 1 за 1 перев., исходящих нет (глубина 3<4) -> деньги осели",1,0,5200.0,0.0,0.0005195206437981546,0.0,3,False,False,-0.0,9.897390500097312e-07,0.0,5200.0,0,False,
100000002184107100,terminal,0.531,35,0.1547,"получил 6,066₸ от 1 за 1 перев., исходящих нет (глубина 3<4) -> деньги осели",1,0,6066.0,0.0,0.0002914935468693817,0.0,3,False,False,-0.0,6.333083169459684e-20,0.0,6066.0,0,False,
100000008663723100,terminal,0.599,1,0.1515,"получил 15,600₸ от 1 за 1 перев., исходящих нет (глубина 3<4) -> деньги осели",1,0,15600.0,0.0,0.0002892936898685073,0.0,3,False,False,-0.0,-2.4373331495691244e-17,0.0,15600.0,0,False,
100000000254336100,transit,0.375,0,0.4387,"pass_through=0.62, 97,177₸ -> 60,000₸; двусторонний поток",2,1,97177.0,60000.0,0.00029324103639830957,0.6174300503205491,3,False,False,4.963105689345255e-22,0.004037720098865095,1.9549530448494444e-05,37177.0,0,False,0.0
100000008750464100,terminal,0.543,1,0.1269,"получил 8,500₸ от 1 за 1 перев., исходящих нет (глубина 3<4) -> деньги осели",1,0,8500.0,0.0,0.000288180974594602,0.0,3,False,False,-0.0,-2.4456216939633e-17,0.0,8500.0,0,False,
100000001530709100,terminal,0.766,0,0.2127,"получил 53,961₸ от 1 за 1 перев., исходящих нет (глубина 3<4) -> деньги осели",1,0,53961.0,0.0,0.0002899006435946964,0.0,3,False,False,-0.0,0.0029057816552164944,0.0,53961.0,0,False,
100000000656682100,transit,0.644,0,0.4353,"pass_through=1.13: получил 71,000₸ -> отдал 80,000₸, оборот ~6д; цикл=False",1,2,71000.0,80000.0,0.00029086429325938677,1.1267605633802817,3,False,False,-9.145881008113204e-20,0.002905781655216494,3.909906089698889e-05,-9000.0,0,False,5.5
100000008755754100,terminal,0.535,12,0.1899,"получил 7,000₸ от 1 за 1 перев., исходящих нет (глубина 3<4) -> деньги осели",1,0,7000.0,0.0,0.0002972222331379361,0.0,3,False,False,-0.0,1.245205763770384e-19,0.0,7000.0,0,False,
100000002691583100,terminal,0.926,27,0.3965,"получил 285,200₸ от 1 за 1 перев., исходящих нет (глубина 3<4) -> деньги осели",1,0,285200.0,0.0,0.00035864373021022325,0.0,3,False,False,-0.0,-1.113831735214247e-20,0.0,285200.0,0,False,
100000005241556100,terminal,0.829,18,0.4117,"получил 100,000₸ от 1 за 1 перев., исходящих нет (глубина 3<4) -> деньги осели",1,0,100000.0,0.0,0.0005514699829952017,0.0,3,False,False,-0.0,-2.1185931414426222e-21,0.0,100000.0,0,False,
100000004713684100,terminal,0.714,0,0.1866,"получил 37,500₸ от 1 за 1 перев., исходящих нет (глубина 3<4) -> деньги осели",1,0,37500.0,0.0,0.0002889696830259736,0.0,3,False,False,-0.0,0.0029057816552164966,0.0,37500.0,0,False,
100000006919124100,terminal,0.663,0,0.164,"получил 25,000₸ от 1 за 1 перев., исходящих нет (глубина 3<4) -> деньги осели",1,0,25000.0,0.0,0.0002882627389090283,0.0,3,False,False,-0.0,0.0029057816552164966,0.0,25000.0,0,False,
100000003006633100,terminal,0.557,35,0.1823,"получил 10,000₸ от 1 за 1 перев., исходящих нет (глубина 3<4) -> деньги осели",1,0,10000.0,0.0,0.00029450578472433643,0.0,3,False,False,-0.0,-1.551126234619625e-19,0.0,10000.0,0,False,
100000008306857100,terminal,0.85,12,0.2694,"получил 125,000₸ от 1 за 1 перев., исходящих нет (глубина 3<4) -> деньги осели",1,0,125000.0,0.0,0.000292827536781836,0.0,3,False,False,-0.0,3.7941363435603535e-07,0.0,125000.0,0,False,
100000003671721100,terminal,0.516,8,0.3141,"получил 5,000₸ от 1 за 1 перев., исходящих нет (глубина 3<4) -> деньги осели",1,0,5000.0,0.0,0.0005611749629013735,0.0,3,False,False,-0.0,-6.836799513340213e-21,0.0,5000.0,0,False,
100000002613929100,terminal,0.681,7,0.3792,"получил 28,560₸ от 1 за 1 перев., исходящих нет (глубина 3<4) -> деньги осели",1,0,28560.0,0.0,0.00078424674358795,0.0,3,False,False,-0.0,-2.733525495739366e-21,0.0,28560.0,0,False,
100000008669310100,terminal,0.774,0,0.2205,"получил 59,567₸ от 1 за 2 перев., исходящих нет (глубина 3<4) -> деньги осели",1,0,59567.0,0.0,0.00029021769389226396,0.0,3,False,False,-0.0,0.0029057816552164957,0.0,59567.0,0,False,
100000006573438100,terminal,0.516,38,0.1951,"получил 5,000₸ от 1 за 1 перев., исходящих нет (глубина 3<4) -> деньги осели",1,0,5000.0,0.0,0.00030042207400611727,0.0,3,False,False,-0.0,2.4284366617555416e-05,0.0,5000.0,0,False,
100000006165886100,peripheral,0.2,0,0.3097,"удерживает средства: получил 184,481₸, отдал 75,000₸ (pass_through=0.41), in_deg=2",2,1,184481.0,75000.0,0.0002998946960722988,0.4065459315593476,3,False,False,0.0009738286747287245,0.004037720098865098,7.039558460466703e-07,109481.0,0,False,0.0
100000008491390100,terminal,0.711,0,0.1846,"получил 36,000₸ от 1 за 1 перев., исходящих нет (глубина 3<4) -> деньги осели",1,0,36000.0,0.0,0.00028888484973194013,0.0,3,False,False,-0.0,0.0029057816552164944,0.0,36000.0,0,False,
100000005186131100,transit,0.72,0,0.3072,"pass_through=1.00: получил 10,000₸ -> отдал 10,000₸, оборот ~0д; цикл=False",1,1,10000.0,10000.0,0.00028741440596869404,1.0,3,False,False,-5.054955249703233e-22,0.0029057816552164966,1.9549530448494444e-05,0.0,0,False,0.0
100000001550419100,terminal,0.647,14,0.2034,"получил 23,000₸ от 1 за 1 перев., исходящих нет (глубина 3<4) -> деньги осели",1,0,23000.0,0.0,0.00029338212991942105,0.0,3,False,False,-0.0,2.441379038303037e-05,0.0,23000.0,0,False,
100000004979283100,terminal,0.723,8,0.2651,"получил 40,132₸ от 1 за 1 перев., исходящих нет (глубина 3<4) -> деньги осели",1,0,40132.0,0.0,0.0003018639633760143,0.0,3,False,False,-0.0,6.407022407299235e-07,0.0,40132.0,0,False,
100000002537811100,peripheral,0.2,9,0.4373,"удерживает средства: получил 52,000₸, отдал 15,000₸ (pass_through=0.29), in_deg=1",1,1,52000.0,15000.0,0.001236045629091144,0.28846153846153844,3,False,False,1.4710153156970855e-21,-4.462497496201559e-20,2.6805026285049083e-05,37000.0,0,False,
100000002990675100,terminal,0.76,4,0.1977,"получил 51,143₸ от 1 за 1 перев., исходящих нет (глубина 3<4) -> деньги осели",1,0,51143.0,0.0,0.00028851287436144527,0.0,3,False,False,-0.0,0.00294017408017016,0.0,51143.0,0,False,
100000008763688100,terminal,0.639,1,0.175,"получил 21,000₸ от 1 за 1 перев., исходящих нет (глубина 3<4) -> деньги осели",1,0,21000.0,0.0,0.0002901399803585198,0.0,3,False,False,-0.0,-2.4640002375232712e-17,0.0,21000.0,0,False,
100000002809896100,terminal,0.715,8,0.2602,"получил 38,000₸ от 1 за 1 перев., исходящих нет (глубина 3<4) -> деньги осели",1,0,38000.0,0.0,0.00030106629019056955,0.0,3,False,False,-0.0,6.407022407301816e-07,0.0,38000.0,0,False,
100000008716072100,terminal,0.574,1,0.1397,"получил 12,100₸ от 1 за 1 перев., исходящих нет (глубина 3<4) -> деньги осели",1,0,12100.0,0.0,0.0002887451682546103,0.0,3,False,False,-0.0,-2.408139940535342e-17,0.0,12100.0,0,False,
100000001279272100,transit,0.656,0,0.6417,"pass_through=0.55, 250,000₸ -> 136,758₸; двусторонний поток",1,2,250000.0,136758.0,0.0003091095301703433,0.547032,3,False,False,9.775305814202381e-05,0.0011319384436486023,0.0003043213427888109,113242.0,0,True,3.0
100000001714173100,terminal,0.976,18,0.4726,"получил 638,905₸ от 1 за 6 перев., исходящих нет (глубина 3<4) -> деньги осели",1,0,638905.0,0.0,0.0005731701671023893,0.0,3,False,False,-0.0,1.5847277226024285e-08,0.0,638905.0,0,False,
100000008729597100,terminal,0.807,3,0.2992,"получил 83,090₸ от 1 за 1 перев., исходящих нет (глубина 3<4) -> деньги осели",1,0,83090.0,0.0,0.00030382210580697275,0.0,3,False,False,-0.0,0.0016044117981357461,0.0,83090.0,0,False,
100000002255058100,terminal,0.962,2,0.4328,"получил 491,500₸ от 1 за 2 перев., исходящих нет (глубина 3<4) -> деньги осели",1,0,491500.0,0.0,0.000427995412170308,0.0,3,False,False,-0.0,3.7799502474310405e-06,0.0,491500.0,0,False,
100000006111442100,terminal,0.781,10,0.2668,"получил 64,000₸ от 1 за 1 перев., исходящих нет (глубина 3<4) -> деньги осели",1,0,64000.0,0.0,0.00029684915204799113,0.0,3,False,False,-0.0,1.8496738972266452e-06,0.0,64000.0,0,False,
100000008686247100,peripheral,0.2,24,0.253,"удерживает средства: получил 22,000₸, отдал 5,000₸ (pass_through=0.23), in_deg=1",1,1,22000.0,5000.0,0.0003150678040946023,0.22727272727272727,3,False,False,2.7368547195201936e-21,1.3114437911735086e-20,0.0,17000.0,0,True,11.0
100000001893287100,transit,0.967,6,0.5778,"pass_through=8.48, 18,000₸ -> 152,700₸; двусторонний поток",1,1,18000.0,152700.0,0.0006209975996733088,8.483333333333333,3,False,False,1.2322306028074018e-05,2.3117711815022713e-19,0.0,-134700.0,0,True,1.0
100000005172860100,terminal,0.596,0,0.1855,"получил 15,209₸ от 1 за 1 перев., исходящих нет (глубина 3<4) -> деньги осели",1,0,15209.2,0.0,0.0002931009911509449,0.0,3,False,False,-0.0,0.000642815684626757,0.0,15209.2,0,False,
100000001788284100,distributor,0.673,26,0.6731,"разослал на 5 получателей, 296,700₸ за 8 перев., hub=0.0000; out/in по узлам 5/1",1,5,8000.0,296700.0,0.0003007180810912705,37.0875,3,False,False,1.1084567039180488e-06,2.5006817420101276e-06,6.046246530462199e-05,-288700.0,0,True,0.0
100000008755580100,terminal,0.602,1,0.1534,"получил 16,000₸ от 1 за 1 перев., исходящих нет (глубина 3<4) -> деньги осели",1,0,16000.0,0.0,0.00028935637805295266,0.0,3,False,False,-0.0,-2.41645481324603e-17,0.0,16000.0,0,False,
100000003896956100,transit,0.492,5,0.354,"pass_through=2.70, 10,000₸ -> 27,000₸; двусторонний поток",1,1,10000.0,27000.0,0.00028985689516257385,2.7,3,False,False,-4.066801839799127e-21,5.2569836528823795e-05,1.9549530448494444e-05,-17000.0,0,False,2.0
100000002475601100,terminal,0.908,3,0.3347,"получил 232,301₸ от 1 за 1 перев., исходящих нет (глубина 3<4) -> деньги осели",1,0,232301.0,0.0,0.0003034631003743686,0.0,3,False,False,-0.0,7.936044353374609e-05,0.0,232301.0,0,False,
100000008619857100,peripheral,0.2,0,0.1754,"удерживает средства: получил 29,000₸, отдал 13,000₸ (pass_through=0.45), in_deg=1",1,2,29000.0,13000.0,0.0002884889610264508,0.4482758620689655,3,False,False,0.00040405428997191615,0.002905781655216495,1.7883551765402e-06,16000.0,0,False,0.0
100000001373265100,peripheral,0.2,3,0.3416,"удерживает средства: получил 142,482₸, отдал 5,000₸ (pass_through=0.04), in_deg=1",1,1,142482.0,5000.0,0.0003159544390455085,0.0350921519911287,3,False,False,1.2718558895540774e-20,0.001604411798135745,1.9549530448494444e-05,137482.0,0,False,
100000004185681100,terminal,0.557,2,0.3156,"получил 10,000₸ от 1 за 1 перев., исходящих нет (глубина 3<4) -> деньги осели",1,0,10000.0,0.0,0.0005376395235318481,0.0,3,False,False,-0.0,-1.4332306527099702e-21,0.0,10000.0,0,False,
100000003031633100,terminal,0.951,7,0.3763,"получил 414,000₸ от 1 за 2 перев., исходящих нет (глубина 3<4) -> деньги осели",1,0,414000.0,0.0,0.0003160314969995532,0.0,3,False,False,-0.0,1.9662146336182756e-06,0.0,414000.0,0,False,
100000002632742100,terminal,0.91,10,0.3635,"получил 235,500₸ от 2 за 2 перев., исходящих нет (глубина 3<4) -> деньги осели",2,0,235500.0,0.0,0.0003189806323562109,0.0,3,False,False,-0.0,1.5515386794135815e-06,0.0,235500.0,0,False,
100000005847078100,terminal,0.603,1,0.1547,"получил 16,300₸ от 1 за 1 перев., исходящих нет (глубина 3<4) -> деньги осели",1,0,16300.0,0.0,0.00028940339419128674,0.0,3,False,False,-0.0,-2.4188150689840803e-17,0.0,16300.0,0,False,
100000002807334100,terminal,0.767,4,0.2016,"получил 54,715₸ от 1 за 1 перев., исходящих нет (глубина 3<4) -> деньги осели",1,0,54715.0,0.0,0.00028862909540063915,0.0,3,False,False,-0.0,0.00294017408017016,0.0,54715.0,0,False,
100000008748795100,terminal,0.74,0,0.1997,"получил 47,057₸ от 1 за 1 перев., исходящих нет (глубина 3<4) -> деньги осели",1,0,47057.0,0.0,0.00028951018422002523,0.0,3,False,False,-0.0,0.0029057816552164966,0.0,47057.0,0,False,
100000003899899100,peripheral,0.2,5,0.4548,"удерживает средства: получил 218,500₸, отдал 10,000₸ (pass_through=0.05), in_deg=2",2,1,218500.0,10000.0,0.0006568178039271211,0.04576659038901602,3,False,False,4.354020765797449e-23,5.29901507322526e-05,1.975107199950985e-05,208500.0,0,False,1.0
100000002308091100,terminal,0.887,12,0.436,"получил 186,720₸ от 1 за 1 перев., исходящих нет (глубина 3<4) -> деньги осели",1,0,186720.0,0.0,0.0005635514183113789,0.0,3,False,False,-0.0,-2.01836068434574e-19,0.0,186720.0,0,False,
100000008680912100,peripheral,0.2,0,0.3574,"удерживает средства: получил 45,112₸, отдал 5,991₸ (pass_through=0.13), in_deg=1",1,1,45112.0,5990.85,0.0005399325205590342,0.13279947685759888,3,False,False,0.00010197759824558183,2.350941795881135e-06,0.0,39121.15,0,True,1.0
100000008742053100,distributor,0.768,12,0.5505,"разослал на 12 получателей, 2,789,000₸ за 12 перев., hub=0.0000; out/in по узлам 12/1",1,12,10000.0,2789000.0,0.00028755374551389185,278.9,3,False,False,1.137141494115132e-05,1.9662146336180574e-06,0.0001231472859896702,-2779000.0,0,False,7.0
100000008473765100,terminal,0.689,3,0.2141,"получил 30,000₸ от 1 за 1 перев., исходящих нет (глубина 3<4) -> деньги осели",1,0,30000.0,0.0,0.0002929771170604435,0.0,3,False,False,-0.0,0.0016044117981357461,0.0,30000.0,0,False,
100000007472293100,transit,0.469,46,0.4375,"pass_through=69.18, 5,000₸ -> 345,900₸; двусторонний поток",1,3,5000.0,345900.0,0.00028761570267189074,69.18,3,False,False,4.661233584903373e-20,3.5591270874020657e-07,4.885703099198483e-05,-340900.0,0,False,4.0
100000008753061100,terminal,0.681,1,0.1988,"получил 28,400₸ от 1 за 2 перев., исходящих нет (глубина 3<4) -> деньги осели",1,0,28400.0,0.0,0.00029129971177075916,0.0,3,False,False,-0.0,-2.3832664119103027e-17,0.0,28400.0,0,False,
100000008501413100,transit,0.708,32,0.4496,"pass_through=1.02: получил 5,000₸ -> отдал 5,100₸, оборот ~2д; цикл=False",1,1,5000.0,5100.0,0.00036826410450355597,1.02,3,False,False,7.146236234960135e-21,9.977809550671067e-07,2.156494595864851e-05,-100.0,0,False,2.0
100000002748581100,terminal,0.725,14,0.2545,"получил 41,180₸ от 1 за 1 перев., исходящих нет (глубина 3<4) -> деньги осели",1,0,41180.0,0.0,0.000298546261078598,0.0,3,False,False,-0.0,2.441379038303065e-05,0.0,41180.0,0,False,
100000001384826100,peripheral,0.2,4,0.3313,"удерживает средства: получил 364,260₸, отдал 10,000₸ (pass_through=0.03), in_deg=1",1,1,364260.0,10000.0,0.0002987006635913599,0.027452918245209467,3,False,False,1.3789050090937635e-20,0.002940174080170158,1.9549530448494444e-05,354260.0,0,False,12.0
100000004099450100,terminal,0.695,0,0.24,"получил 31,000₸ от 1 за 1 перев., исходящих нет (глубина 3<4) -> деньги осели",1,0,31000.0,0.0,0.0002974899974802634,0.0,3,False,False,-0.0,0.00016105425944983268,0.0,31000.0,0,False,
100000002926970100,terminal,0.809,8,0.327,"получил 85,000₸ от 1 за 1 перев., исходящих нет (глубина 3<4) -> деньги осели",1,0,85000.0,0.0,0.0003186510180122877,0.0,3,False,False,-0.0,6.407022407302527e-07,0.0,85000.0,0,False,
100000002753146100,terminal,0.983,12,0.4016,"получил 803,540₸ от 1 за 3 перев., исходящих нет (глубина 3<4) -> деньги осели",1,0,803540.0,0.0,0.0003252817581485477,0.0,3,False,False,-0.0,3.7941363435599284e-07,0.0,803540.0,0,False,
100000003943247100,terminal,0.721,0,0.1896,"получил 40,000₸ от 1 за 1 перев., исходящих нет (глубина 3<4) -> деньги осели",1,0,40000.0,0.0,0.0002891110718493626,0.0,3,False,False,-0.0,0.002905781655216496,0.0,40000.0,0,False,
100000002872399100,terminal,0.988,6,0.4906,"получил 1,090,000₸ от 1 за 9 перев., исходящих нет (глубина 3<4) -> деньги осели",1,0,1090000.0,0.0,0.000708728224930025,0.0,3,False,False,-0.0,3.4990893682400614e-08,0.0,1090000.0,0,False,
100000008417359100,transit,0.769,15,0.4157,"pass_through=2.71, 40,810₸ -> 110,760₸; двусторонний поток",1,2,40810.0,110760.0,0.0002932987886474669,2.714040676304827,3,False,False,0.0002451269828733623,0.0002333446257783903,0.0,-69950.0,0,True,1.0
100000002614095100,terminal,0.524,1,0.1177,"получил 5,300₸ от 1 за 1 перев., исходящих нет (глубина 3<4) -> деньги осели",1,0,5300.0,0.0,0.000287679469119039,0.0,3,False,False,-0.0,-2.521865373238546e-17,0.0,5300.0,0,False,
100000004717647100,distributor,0.706,47,0.8503,"разослал на 5 получателей, 2,240,000₸ за 10 перев., hub=0.0000; out/in по узлам 5/1",1,5,300000.0,2240000.0,0.0010275743506493779,7.466666666666667,3,False,False,4.1109331632362585e-05,1.5014273170059493e-22,7.90042879980394e-05,-1940000.0,0,True,0.0
100000008537380100,terminal,0.541,1,0.1253,"получил 8,000₸ от 1 за 1 перев., исходящих нет (глубина 3<4) -> деньги осели",1,0,8000.0,0.0,0.00028810261436404525,0.0,3,False,False,-0.0,-2.448827720160438e-17,0.0,8000.0,0,False,
100000001534244100,peripheral,0.2,7,0.409,"удерживает средства: получил 366,000₸, отдал 45,000₸ (pass_through=0.12), in_deg=2",2,1,366000.0,45000.0,0.00034302615179080005,0.12295081967213115,3,False,False,-3.4060494721986665e-21,1.997121608881161e-06,2.1968029060679322e-05,321000.0,0,False,
100000008767950100,terminal,0.61,1,0.1589,"получил 17,350₸ от 1 за 1 перев., исходящих нет (глубина 3<4) -> деньги осели",1,0,17350.0,0.0,0.0002895679506754558,0.0,3,False,False,-0.0,-2.4655594839927464e-17,0.0,17350.0,0,False,
100000004613582100,transit,0.716,6,0.476,"pass_through=1.90, 5,000₸ -> 9,500₸; двусторонний поток",1,1,5000.0,9500.0,0.0005558524676659821,1.9,3,False,False,3.0204189620520314e-20,-5.058945637074839e-21,4.0308310203081327e-07,-4500.0,0,False,15.0
100000008121806100,transit,0.816,3,0.6224,"pass_through=3.71, 67,000₸ -> 248,509₸; двусторонний поток",1,4,67000.0,248509.0,0.0003017081950972492,3.709089552238806,3,False,False,9.235979932373749e-05,0.00013028037772058163,0.0007942420656504312,-181509.0,0,True,7.5
100000002369443100,terminal,0.752,1,0.2459,"получил 50,000₸ от 1 за 1 перев., исходящих нет (глубина 3<4) -> деньги осели",1,0,50000.0,0.0,0.0002946848737308092,0.0,3,False,False,-0.0,-2.4715864962046882e-17,0.0,50000.0,0,False,
100000008655779100,transit,0.481,28,0.5478,"pass_through=0.53, 47,000₸ -> 24,704₸; двусторонний поток",1,2,47000.0,24704.0,0.0003988392985297231,0.5256170212765957,3,False,False,-6.254985469773075e-20,8.932083052834362e-20,6.022417077595929e-05,22296.0,0,False,19.5
100000008561016100,transit,0.703,7,0.4936,"pass_through=1.03: получил 180,000₸ -> отдал 185,000₸, оборот ~0д; цикл=False",1,1,180000.0,185000.0,0.0002961615770699283,1.0277777777777777,3,False,False,4.9543537563987e-22,3.2207337193581615e-06,2.277419526474095e-05,-5000.0,0,False,0.0
100000002727288100,terminal,0.602,16,0.291,"получил 16,000₸ от 1 за 1 перев., исходящих нет (глубина 3<4) -> деньги осели",1,0,16000.0,0.0,0.0003677912742739629,0.0,3,False,False,-0.0,1.3300685188231022e-19,0.0,16000.0,0,False,
100000001270349100,terminal,0.896,25,0.3846,"получил 200,000₸ от 1 за 1 перев., исходящих нет (глубина 3<4) -> деньги осели",1,0,200000.0,0.0,0.0003568754771075791,0.0,3,False,False,-0.0,4.7270722414803017e-07,0.0,200000.0,0,False,
100000004722765100,transit,0.722,48,0.6725,"pass_through=9.93, 230,000₸ -> 2,284,500₸; двусторонний поток",1,3,230000.0,2284500.0,0.0005841085782283838,9.932608695652174,3,False,False,6.202566910374934e-20,-1.266108040108873e-19,5.925321599852955e-05,-2054500.0,0,False,9.0
100000001677389100,peripheral,0.2,15,0.159,"удерживает средства: получил 11,000₸, отдал 5,400₸ (pass_through=0.49), in_deg=1",1,1,11000.0,5400.0,0.0002899231881201373,0.4909090909090909,3,False,False,-5.62347210111622e-21,1.8692188052964493e-05,1.9549530448494444e-05,5600.0,0,False,
100000005857058100,consolidator,0.54,0,0.525,"получил от 3 плательщиков, 80,222₸; authority=0.0018; seed-плательщиков 0, циклы=False",3,0,80222.0,0.0,0.00039164393701407885,0.0,3,False,False,-0.0,0.0017975909085443703,0.0,80222.0,0,False,
100000008760098100,transit,0.471,18,0.4164,"pass_through=55.71, 7,000₸ -> 390,000₸; двусторонний поток",1,1,7000.0,390000.0,0.00028792244347059187,55.714285714285715,3,False,False,5.714558397173023e-07,3.559127087400713e-07,7.425046665186647e-06,-383000.0,0,False,4.0
100000002838519100,terminal,0.739,14,0.2636,"получил 46,900₸ от 1 за 1 перев., исходящих нет (глубина 3<4) -> деньги осели",1,0,46900.0,0.0,0.0003001710592210893,0.0,3,False,False,-0.0,2.4413790383030758e-05,0.0,46900.0,0,False,
100000002597623100,terminal,0.604,0,0.1431,"получил 16,418₸ от 1 за 1 перев., исходящих нет (глубина 3<4) -> деньги осели",1,0,16418.0,0.0,0.0002877773793560984,0.0,3,False,False,-0.0,0.002905781655216495,0.0,16418.0,0,False,
100000003635660100,terminal,0.621,0,0.1844,"получил 18,985₸ от 1 за 1 перев., исходящих нет (глубина 3<4) -> деньги осели",1,0,18985.0,0.0,0.0002918210657997063,0.0,3,False,False,-0.0,0.00113790743309014,0.0,18985.0,0,False,
100000008676812100,terminal,0.907,17,0.4178,"получил 230,800₸ от 1 за 1 перев., исходящих нет (глубина 3<4) -> деньги осели",1,0,230800.0,0.0,0.0004752074632959975,0.0,3,False,False,-0.0,1.3447392656044393e-19,0.0,230800.0,0,False,
100000003213473100,transit,0.736,0,0.546,"pass_through=4.17, 57,500₸ -> 240,000₸; двусторонний поток",1,11,57500.0,240000.0,0.00029010079361308595,4.173913043478261,3,False,False,0.001689476579293539,0.002905781655216495,0.00011160660110828227,-182500.0,0,True,2.0
100000003071649100,terminal,0.889,7,0.3038,"получил 189,500₸ от 1 за 1 перев., исходящих нет (глубина 3<4) -> деньги осели",1,0,189500.0,0.0,0.0002966530820740978,0.0,3,False,False,-0.0,3.2207337193587637e-06,0.0,189500.0,0,False,
100000002433697100,transit,0.628,4,0.4374,"pass_through=0.85: получил 130,000₸ -> отдал 110,000₸, оборот ~0д; цикл=False",1,1,130000.0,110000.0,0.00029107861973874313,0.8461538461538461,3,False,False,2.1144072335293034e-21,0.002940174080170158,1.9549530448494444e-05,20000.0,0,False,0.0
100000008612257100,terminal,0.548,15,0.135,"получил 9,500₸ от 1 за 1 перев., исходящих нет (глубина 3<4) -> деньги осели",1,0,9500.0,0.0,0.00028915305022927945,0.0,3,False,False,-0.0,0.0004659018150489372,0.0,9500.0,0,False,
100000002736033100,peripheral,0.2,15,0.2482,"удерживает средства: получил 34,530₸, отдал 11,000₸ (pass_through=0.32), in_deg=1",1,1,34530.0,11000.0,0.0002964994754002133,0.3185635679119606,3,False,False,2.005708757295375e-21,1.8692188052964456e-05,1.9549530448494444e-05,23530.0,0,False,20.0
100000008687990100,terminal,0.613,1,0.1602,"получил 17,600₸ от 1 за 1 перев., исходящих нет (глубина 3<4) -> деньги осели",1,0,17600.0,0.0,0.00028960713079073414,0.0,3,False,False,-0.0,-2.5267254217397187e-17,0.0,17600.0,0,False,
100000008776310100,terminal,0.622,1,0.1655,"получил 19,200₸ от 1 за 1 перев., исходящих нет (глубина 3<4) -> деньги осели",1,0,19200.0,0.0,0.0002898578835285156,0.0,3,False,False,-0.0,-2.504582051016179e-17,0.0,19200.0,0,False,
100000007267915100,peripheral,0.2,15,0.2038,"удерживает средства: получил 21,000₸, отдал 10,000₸ (pass_through=0.48), in_deg=2",2,1,21000.0,10000.0,0.0002926981406505909,0.47619047619047616,3,False,False,0.00012843543078368464,0.0008761603104051479,1.7016519591414446e-06,11000.0,0,False,2.0
100000004217419100,peripheral,0.2,3,0.4291,"удерживает средства: получил 118,200₸, отдал 7,700₸ (pass_through=0.07), in_deg=2",2,1,118200.0,7700.0,0.0005867070280477143,0.06514382402707276,3,False,False,-3.720389788006921e-21,0.0016172396308138126,1.975107199950985e-05,110500.0,0,False,0.0
100000002773323100,transit,0.629,10,0.5803,"pass_through=4.11, 285,000₸ -> 1,171,644₸; двусторонний поток",2,1,285000.0,1171644.0,0.0003269481574907087,4.111031578947369,3,False,False,5.9972609496172955e-21,7.528982871821559e-07,2.1766487509663916e-05,-886644.0,0,False,15.5
100000002528544100,terminal,0.891,3,0.319,"получил 192,912₸ от 1 за 1 перев., исходящих нет (глубина 3<4) -> деньги осели",1,0,192912.0,0.0,0.0003006459851600432,0.0,3,False,False,-0.0,7.936044353374612e-05,0.0,192912.0,0,False,
100000003760160100,terminal,0.836,4,0.2422,"получил 104,470₸ от 1 за 1 перев., исходящих нет (глубина 3<4) -> деньги осели",1,0,104470.0,0.0,0.0002902479581680213,0.0,3,False,False,-0.0,0.002940174080170159,0.0,104470.0,0,False,
100000000640800100,transit,0.587,3,0.5575,"pass_through=6.48, 80,000₸ -> 518,135₸; двусторонний поток",1,4,80000.0,518135.0,0.0003045913514776589,6.4766875,3,False,False,1.7055499391267748e-07,0.00013028037772058182,0.00014766212715380426,-438135.0,0,False,13.0
100000008238112100,terminal,0.889,4,0.2843,"получил 190,000₸ от 1 за 1 перев., исходящих нет (глубина 3<4) -> деньги осели",1,0,190000.0,0.0,0.0002930308208450225,0.0,3,False,False,-0.0,0.0029401740801701594,0.0,190000.0,0,False,
100000008751349100,terminal,0.571,27,0.1483,"получил 11,630₸ от 1 за 1 перев., исходящих нет (глубина 3<4) -> деньги осели",1,0,11630.0,0.0,0.00028977653107132667,0.0,3,False,False,-0.0,-2.446421158808906e-19,0.0,11630.0,0,False,
100000002963189100,distributor,0.716,14,0.7995,"разослал на 7 получателей, 5,219,000₸ за 15 перев., hub=0.0000; out/in по узлам 7/1",1,7,490000.0,5219000.0,0.0004260361041403023,10.651020408163266,3,False,False,3.176906446789548e-06,2.441379038303073e-05,8.68710692395447e-05,-4729000.0,0,True,4.0
100000008548853100,terminal,0.584,1,0.1452,"получил 14,000₸ от 1 за 1 перев., исходящих нет (глубина 3<4) -> деньги осели",1,0,14000.0,0.0,0.0002890429371307258,0.0,3,False,False,-0.0,-2.5028148200035837e-17,0.0,14000.0,0,False,
100000003164661100,terminal,0.973,29,0.4747,"получил 596,200₸ от 1 за 3 перев., исходящих нет (глубина 3<4) -> деньги осели",1,0,596200.0,0.0,0.000603302331919954,0.0,3,False,False,-0.0,6.369127397254175e-21,0.0,596200.0,0,False,
100000000791285100,transit,0.792,27,0.7454,"pass_through=0.58, 1,120,000₸ -> 650,000₸; двусторонний поток",1,3,1120000.0,650000.0,0.0005687922766193721,0.5803571428571429,3,False,False,2.164515439880806e-06,2.0545831515274545e-19,3.95021439990197e-05,470000.0,0,True,0.0
100000003192309100,transit,0.487,1,0.4072,"pass_through=12.38, 17,200₸ -> 213,000₸; двусторонний поток",1,1,17200.0,213000.0,0.0002895444426062888,12.383720930232558,3,False,False,1.531054971137515e-21,-2.472617217745501e-17,1.4107908571078464e-06,-195800.0,0,False,16.0
100000002891765100,terminal,0.77,14,0.2837,"получил 55,576₸ от 1 за 1 перев., исходящих нет (глубина 3<4) -> деньги осели",1,0,55576.0,0.0,0.00030263552577428066,0.0,3,False,False,-0.0,2.4413790383030626e-05,0.0,55576.0,0,False,
100000001740277100,transit,0.73,6,0.4238,"pass_through=0.57, 8,700₸ -> 5,000₸; двусторонний поток",1,1,8700.0,5000.0,0.0003735092522064284,0.5747126436781609,3,False,False,-1.7708057063265787e-21,3.725167866100011e-20,0.0,3700.0,0,True,2.0
100000002232266100,terminal,0.733,3,0.2472,"получил 45,000₸ от 1 за 1 перев., исходящих нет (глубина 3<4) -> деньги осели",1,0,45000.0,0.0,0.00029604125025309633,0.0,3,False,False,-0.0,0.0016044117981357463,0.0,45000.0,0,False,
100000006701983100,terminal,0.677,1,0.196,"получил 27,000₸ от 1 за 1 перев., исходящих нет (глубина 3<4) -> деньги осели",1,0,27000.0,0.0,0.0002910803031252003,0.0,3,False,False,-0.0,-2.4495714722085935e-17,0.0,27000.0,0,False,
100000002871199100,terminal,0.648,14,0.2043,"получил 23,186₸ от 1 за 1 перев., исходящих нет (глубина 3<4) -> деньги осели",1,0,23186.0,0.0,0.000293434964264614,0.0,3,False,False,-0.0,2.441379038303015e-05,0.0,23186.0,0,False,
100000002757791100,terminal,0.794,25,0.3112,"получил 73,050₸ от 1 за 1 перев., исходящих нет (глубина 3<4) -> деньги осели",1,0,73050.0,0.0,0.000312426075979587,0.0,3,False,False,-0.0,4.72707224148433e-07,0.0,73050.0,0,False,
100000000572276100,transit,0.481,1,0.3447,"pass_through=2.64, 13,075₸ -> 34,547₸; двусторонний поток",1,1,13075.0,34547.0,0.0002888979707041959,2.6422179732313578,3,False,False,3.517013230081499e-21,-2.397649763168329e-17,1.4107908571078464e-06,-21472.0,0,False,13.0
100000001853812100,terminal,0.79,3,0.2854,"получил 70,000₸ от 1 за 1 перев., исходящих нет (глубина 3<4) -> деньги осели",1,0,70000.0,0.0,0.0003011481389075177,0.0,3,False,False,-0.0,0.0016044117981357465,0.0,70000.0,0,False,
100000004726132100,peripheral,0.2,0,0.3738,"удерживает средства: получил 349,000₸, отдал 24,000₸ (pass_through=0.07), in_deg=1",1,1,349000.0,24000.0,0.00031792475925044466,0.06876790830945559,3,False,False,-6.499592042967907e-21,0.0011319384436486032,1.9549530448494444e-05,325000.0,0,False,5.5
100000001785161100,terminal,0.689,30,0.2991,"получил 30,000₸ от 2 за 2 перев., исходящих нет (глубина 3<4) -> деньги осели",2,0,30000.0,0.0,0.0003326849590253378,0.0,3,False,False,-0.0,4.536876195198909e-05,0.0,30000.0,0,False,
100000002612809100,transit,0.918,36,0.6273,"pass_through=3.80, 30,000₸ -> 114,000₸; двусторонний поток",1,3,30000.0,114000.0,0.0004301567178849594,3.8,3,False,False,-9.451166497513046e-20,3.2648291123307434e-20,1.612332408123253e-06,-84000.0,0,True,4.0
100000008769097100,terminal,0.696,1,0.207,"получил 31,100₸ от 1 за 1 перев., исходящих нет (глубина 3<4) -> деньги осели",1,0,31100.0,0.0,0.0002917228570157654,0.0,3,False,False,-0.0,-2.4507535739382464e-17,0.0,31100.0,0,False,
100000004488265100,terminal,0.716,3,0.2346,"получил 38,740₸ от 1 за 1 перев., исходящих нет (глубина 3<4) -> деньги осели",1,0,38740.0,0.0,0.00029476248533402927,0.0,3,False,False,-0.0,0.0016044117981357461,0.0,38740.0,0,False,
100000002509598100,terminal,0.932,12,0.3374,"получил 305,550₸ от 1 за 1 перев., исходящих нет (глубина 3<4) -> деньги осели",1,0,305550.0,0.0,0.0003014631509943508,0.0,3,False,False,-0.0,3.794136343562672e-07,0.0,305550.0,0,False,
100000008706846100,terminal,0.586,1,0.1459,"получил 14,200₸ от 1 за 1 перев., исходящих нет (глубина 3<4) -> деньги осели",1,0,14200.0,0.0,0.00028907428122294847,0.0,3,False,False,-0.0,-2.4245057499254565e-17,0.0,14200.0,0,False,
100000001280798100,terminal,0.654,8,0.2188,"получил 23,785₸ от 1 за 1 перев., исходящих нет (глубина 3<4) -> деньги осели",1,0,23785.0,0.0,0.0002957478453823627,0.0,3,False,False,-0.0,6.407022407295942e-07,0.0,23785.0,0,False,
100000006664478100,transit,0.665,25,0.5744,"pass_through=1.09: получил 55,000₸ -> отдал 60,000₸, оборот ~7д; цикл=False",1,2,55000.0,60000.0,0.0006195113014954251,1.0909090909090908,3,False,False,8.616482736995005e-20,2.4027521443786755e-20,1.2092493060924398e-06,-5000.0,0,False,7.0
100000003781406100,terminal,0.733,11,0.3953,"получил 45,000₸ от 1 за 2 перев., исходящих нет (глубина 3<4) -> деньги осели",1,0,45000.0,0.0,0.0007259553797550307,0.0,3,False,False,-0.0,-7.00212677574573e-20,0.0,45000.0,0,False,
100000008708595100,terminal,0.609,1,0.158,"получил 17,200₸ от 1 за 1 перев., исходящих нет (глубина 3<4) -> деньги осели",1,0,17200.0,0.0,0.0002895444426062888,0.0,3,False,False,-0.0,-2.552210407964213e-17,0.0,17200.0,0,False,
100000004611571100,terminal,0.645,0,0.1576,"получил 22,550₸ от 1 за 1 перев., исходящих нет (глубина 3<4) -> деньги осели",1,0,22550.0,0.0,0.00028812417786210705,0.0,3,False,False,-0.0,0.0029057816552164966,0.0,22550.0,0,False,
100000008576243100,terminal,0.807,0,0.4337,"получил 82,920₸ от 2 за 4 перев., исходящих нет (глубина 3<4) -> деньги осели",2,0,82920.0,0.0,0.0016582396966117684,0.0,3,False,False,-0.0,9.2443168998043e-05,0.0,82920.0,0,False,
100000008662216100,terminal,0.673,1,0.1934,"получил 26,200₸ от 1 за 1 перев., исходящих нет (глубина 3<4) -> деньги осели",1,0,26200.0,0.0,0.0002909549267563096,0.0,3,False,False,-0.0,-2.612522679809585e-17,0.0,26200.0,0,False,
100000002681544100,terminal,0.877,6,0.3679,"получил 166,072₸ от 2 за 2 перев., исходящих нет (глубина 3<4) -> деньги осели",2,0,166072.0,0.0,0.00033720262368742813,0.0,3,False,False,-0.0,0.0017127236977167687,0.0,166072.0,0,False,
100000007864477100,transit,0.59,0,0.5316,"pass_through=2.68, 76,000₸ -> 203,500₸; двусторонний поток",2,6,76000.0,203500.0,0.0003061302993907699,2.6776315789473686,3,False,False,0.0011108515258944612,0.0013712520588685297,7.671184099404618e-05,-127500.0,0,False,2.0
100000004746397100,peripheral,0.2,4,0.3345,"удерживает средства: получил 219,520₸, отдал 7,500₸ (pass_through=0.03), in_deg=1",1,1,219520.0,7500.0,0.00029399130378931197,0.03416545189504373,3,False,False,8.152357008587714e-05,0.002940174080170159,0.0006792103300224203,212020.0,0,False,
100000003814002100,terminal,0.689,4,0.1697,"получил 30,000₸ от 1 за 1 перев., исходящих нет (глубина 3<4) -> деньги осели",1,0,30000.0,0.0,0.0002878249512282775,0.0,3,False,False,-0.0,0.0029401740801701594,0.0,30000.0,0,False,
100000003962994100,terminal,0.557,40,0.302,"получил 10,000₸ от 1 за 1 перев., исходящих нет (глубина 3<4) -> деньги осели",1,0,10000.0,0.0,0.0004833180296787344,0.0,3,False,False,-0.0,-3.4582372323986414e-19,0.0,10000.0,0,False,
100000003366471100,peripheral,0.2,3,0.4021,"удерживает средства: получил 329,789₸, отдал 20,000₸ (pass_through=0.06), in_deg=2",2,1,329789.0,20000.0,0.00036206918808918086,0.0606448365470043,3,False,False,6.1973147565809004e-21,0.002742319231225885,1.9549530448494444e-05,309789.0,0,False,0.0
100000003561031100,peripheral,0.2,3,0.1597,"удерживает средства: получил 13,300₸, отдал 5,000₸ (pass_through=0.38), in_deg=1",1,1,13300.0,5000.0,0.00028956571543929004,0.37593984962406013,3,False,False,-1.4668764069895245e-21,0.001604411798135746,1.9549530448494444e-05,8300.0,0,False,
100000001690439100,terminal,0.586,4,0.31,"получил 14,200₸ от 1 за 1 перев., исходящих нет (глубина 3<4) -> деньги осели",1,0,14200.0,0.0,0.0004791292796983004,0.0,3,False,False,-0.0,9.315523056520297e-05,0.0,14200.0,0,False,
100000002954780100,terminal,0.855,7,0.2764,"получил 133,400₸ от 1 за 1 перев., исходящих нет (глубина 3<4) -> деньги осели",1,0,133400.0,0.0,0.00029375061568105476,0.0,3,False,False,-0.0,3.2207337193584956e-06,0.0,133400.0,0,False,
100000008720668100,terminal,0.602,1,0.1534,"получил 16,000₸ от 1 за 1 перев., исходящих нет (глубина 3<4) -> деньги осели",1,0,16000.0,0.0,0.00028935637805295266,0.0,3,False,False,-0.0,-2.537241927423244e-17,0.0,16000.0,0,False,
100000002459164100,terminal,0.63,0,0.342,"получил 20,000₸ от 1 за 1 перев., исходящих нет (глубина 3<4) -> деньги осели",1,0,20000.0,0.0,0.0005441976818028364,0.0,3,False,False,-0.0,1.5696500831453892e-21,0.0,20000.0,0,False,
100000005082652100,terminal,0.689,6,0.3313,"получил 30,000₸ от 1 за 1 перев., исходящих нет (глубина 3<4) -> деньги осели",1,0,30000.0,0.0,0.00040978263476441364,0.0,3,False,False,-0.0,3.4990893682280315e-08,0.0,30000.0,0,False,
100000005041905100,transit,0.709,1,0.4172,"pass_through=216.07, 5,000₸ -> 1,080,351₸; двусторонний поток",1,1,5000.0,1080351.0,0.000287632452980705,216.0702,3,False,False,-5.2149865918519146e-20,-2.4594877105902918e-17,0.0,-1075351.0,0,True,
100000008653041100,terminal,0.679,1,0.1975,"получил 28,000₸ от 1 за 1 перев., исходящих нет (глубина 3<4) -> деньги осели",1,0,28000.0,0.0,0.0002912370235863138,0.0,3,False,False,-0.0,-2.3374658380504008e-17,0.0,28000.0,0,False,
100000008722417100,transit,0.557,4,0.5326,"pass_through=2.17, 331,900₸ -> 720,000₸; двусторонний поток",1,3,331900.0,720000.0,0.00029764777646137323,2.16932811087677,3,False,False,7.727010167520319e-20,0.0029401740801701603,5.864859134548333e-05,-388100.0,0,False,6.5
100000008625905100,transit,0.711,60,0.648,"pass_through=3.21, 197,800₸ -> 635,000₸; двусторонний поток",1,2,197800.0,635000.0,0.0005476931582077986,3.210313447927199,3,False,False,-1.627571087493882e-20,1.0093820135204336e-20,4.030831020308133e-05,-437200.0,0,False,
100000007487729100,terminal,0.663,0,0.2201,"получил 25,000₸ от 1 за 1 перев., исходящих нет (глубина 3<4) -> деньги осели",1,0,25000.0,0.0,0.0002954304206792713,0.0,3,False,False,-0.0,0.00016105425944983268,0.0,25000.0,0,False,
100000000838385100,peripheral,0.2,28,0.5931,"удерживает средства: получил 436,900₸, отдал 177,500₸ (pass_through=0.41), in_deg=1",1,2,436900.0,177500.0,0.001939416439649784,0.40627145799954223,3,False,False,-6.081762268079367e-20,-2.0150462647644852e-20,2.216957061169473e-05,259400.0,0,True,11.0
100000004750321100,terminal,0.757,8,0.3011,"получил 50,185₸ от 2 за 2 перев., исходящих нет (глубина 3<4) -> деньги осели",2,0,50185.0,0.0,0.0003139265645129451,0.0,3,False,False,-0.0,0.0001097006649987868,0.0,50185.0,0,False,
100000008664774100,terminal,0.603,1,0.1547,"получил 16,300₸ от 1 за 1 перев., исходящих нет (глубина 3<4) -> деньги осели",1,0,16300.0,0.0,0.00028940339419128674,0.0,3,False,False,-0.0,-2.38386667921213e-17,0.0,16300.0,0,False,
100000006274203100,peripheral,0.2,17,0.5933,"удерживает средства: получил 3,417,512₸, отдал 72,000₸ (pass_through=0.02), in_deg=2",2,3,3417512.0,72000.0,0.0006348128592595724,0.02106795821053445,3,False,False,0.0019068781625776955,0.00296368179881735,3.798253058385132e-05,3345512.0,0,True,0.0
100000002185328100,transit,0.649,21,0.5302,"pass_through=3.67, 15,000₸ -> 55,000₸; двусторонний поток",1,4,15000.0,55000.0,0.0003533934292326023,3.6666666666666665,3,False,False,-4.249950938371872e-20,6.923195868716522e-20,6.267942236579146e-05,-40000.0,0,False,21.0
100000008254576100,transit,0.527,35,0.4133,"pass_through=7.50, 8,000₸ -> 60,000₸; двусторонний поток",1,1,8000.0,60000.0,0.0002929743979144967,7.5,3,False,False,-7.18838381658034e-22,-5.968124350357947e-20,1.9952613550525257e-05,-52000.0,0,False,
100000001689968100,consolidator,0.581,4,0.5538,"получил от 3 плательщиков, 344,334₸; authority=0.0040; seed-плательщиков 0, циклы=False",3,0,344333.75,0.0,0.00034064375029229104,0.0,3,False,False,-0.0,0.004048891579845853,0.0,344333.75,0,False,
100000002236528100,terminal,0.785,6,0.3017,"получил 66,000₸ от 1 за 1 перев., исходящих нет (глубина 3<4) -> деньги осели",1,0,66000.0,0.0,0.00030861061842404425,0.0,3,False,False,-0.0,0.0001083118995810231,0.0,66000.0,0,False,
100000002670960100,terminal,0.96,12,0.3691,"получил 480,310₸ от 1 за 1 перев., исходящих нет (глубина 3<4) -> деньги осели",1,0,480310.0,0.0,0.0003098218324664033,0.0,3,False,False,-0.0,3.7941363435590284e-07,0.0,480310.0,0,False,
100000003557488100,peripheral,0.2,31,0.5664,"удерживает средства: получил 664,992₸, отдал 138,000₸ (pass_through=0.21), in_deg=1",1,2,664992.0,138000.0,0.0005833816707633925,0.20752129348924497,3,False,False,-4.986815693152478e-20,4.747355965046323e-05,2.0154155101540664e-05,526992.0,0,True,1.5
100000003888197100,terminal,0.807,4,0.2229,"получил 83,167₸ от 1 за 1 перев., исходящих нет (глубина 3<4) -> деньги осели",1,0,83167.0,0.0,0.00028955482916523677,0.0,3,False,False,-0.0,0.0029401740801701585,0.0,83167.0,0,False,
100000002799941100,terminal,0.974,17,0.4283,"получил 600,000₸ от 1 за 1 перев., исходящих нет (глубина 3<4) -> деньги осели",1,0,600000.0,0.0,0.0003898849857907598,0.0,3,False,False,-0.0,8.448073393743585e-05,0.0,600000.0,0,False,
100000001632325100,terminal,0.81,1,0.2882,"получил 85,600₸ от 1 за 3 перев., исходящих нет (глубина 3<4) -> деньги осели",1,0,85600.0,0.0,0.0003002641221464471,0.0,3,False,False,-0.0,-2.436509759705293e-17,0.0,85600.0,0,False,
100000008620570100,peripheral,0.2,3,0.3909,"удерживает средства: получил 145,000₸, отдал 31,800₸ (pass_through=0.22), in_deg=2",2,2,145000.0,31800.0,0.00035008083059912595,0.2193103448275862,3,False,False,3.403175908884691e-06,0.00038105937254146724,3.3650241107036644e-05,113200.0,0,False,0.0
100000005308954100,peripheral,0.2,5,0.3687,"удерживает средства: получил 69,020₸, отдал 30,000₸ (pass_through=0.43), in_deg=1",1,1,69020.0,30000.0,0.00036103274844872217,0.43465662126919735,3,False,False,-7.985078793918227e-21,1.0123575772457118e-05,2.0154155101540664e-05,39020.0,0,False,5.0
100000008468762100,terminal,0.88,18,0.3413,"получил 170,000₸ от 2 за 2 перев., исходящих нет (глубина 3<4) -> деньги осели",2,0,170000.0,0.0,0.000311790467456624,0.0,3,False,False,-0.0,1.321188816040479e-06,0.0,170000.0,0,False,
100000002305007100,terminal,0.771,1,0.2574,"получил 56,000₸ от 1 за 1 перев., исходящих нет (глубина 3<4) -> деньги осели",1,0,56000.0,0.0,0.0002956251964974897,0.0,3,False,False,-0.0,-2.3763561106251334e-17,0.0,56000.0,0,False,
100000008314863100,terminal,0.572,2,0.3122,"получил 12,000₸ от 1 за 1 перев., исходящих нет (глубина 3<4) -> деньги осели",1,0,12000.0,0.0,0.0005193345948548091,0.0,3,False,False,-0.0,8.916633076938547e-20,0.0,12000.0,0,False,
100000005709551100,terminal,0.658,13,0.2214,"получил 24,560₸ от 1 за 1 перев., исходящих нет (глубина 3<4) -> деньги осели",1,0,24560.0,0.0,0.0002959776301291211,0.0,3,False,False,-0.0,0.0002594600877930751,0.0,24560.0,0,False,
100000008297199100,terminal,0.727,0,0.2528,"получил 42,268₸ от 1 за 1 перев., исходящих нет (глубина 3<4) -> деньги осели",1,0,42268.0,0.0,0.00029791893700040824,0.0,3,False,False,-0.0,0.00113790743309014,0.0,42268.0,0,False,
100000003271151100,terminal,0.852,3,0.3326,"получил 127,294₸ от 1 за 1 перев., исходящих нет (глубина 3<4) -> деньги осели",1,0,127294.0,0.0,0.00031285190205017447,0.0,3,False,False,-0.0,0.0016044117981357455,0.0,127294.0,0,False,
100000007005380100,terminal,0.547,4,0.2168,"получил 9,400₸ от 1 за 1 перев., исходящих нет (глубина 3<4) -> деньги осели",1,0,9400.0,0.0,0.00030444858862264224,0.0,3,False,False,-0.0,0.00010694239102769265,0.0,9400.0,0,False,
100000004451012100,transit,0.552,17,0.5021,"pass_through=0.72: получил 91,245₸ -> отдал 65,740₸; цикл=False",1,3,91245.0,65740.0,0.0003025180709228461,0.7204778344018851,3,False,False,-2.201386857547269e-21,8.448073393743583e-05,5.864859134548333e-05,25505.0,0,False,
100000004779204100,transit,0.34,0,0.3571,"pass_through=0.66, 30,450₸ -> 20,000₸; двусторонний поток",1,1,30450.0,20000.0,0.0002885709665440164,0.6568144499178982,3,False,False,-6.7644234354167884e-21,0.0029057816552164966,1.9549530448494444e-05,10450.0,0,False,0.0
100000002793881100,consolidator,0.397,7,0.5896,"получил от 3 плательщиков, 785,600₸; authority=0.0000; seed-плательщиков 0, циклы=False",3,0,785600.0,0.0,0.00037674307982882413,0.0,3,False,False,-0.0,5.277513813512361e-06,0.0,785600.0,0,False,
100000008671129100,terminal,0.673,1,0.1934,"получил 26,200₸ от 1 за 1 перев., исходящих нет (глубина 3<4) -> деньги осели",1,0,26200.0,0.0,0.0002909549267563096,0.0,3,False,False,-0.0,-2.5787945632475673e-17,0.0,26200.0,0,False,
100000002095257100,terminal,0.543,11,0.2833,"получил 8,500₸ от 1 за 1 перев., исходящих нет (глубина 3<4) -> деньги осели",1,0,8500.0,0.0,0.00039842559844157765,0.0,3,False,False,-0.0,1.0252342837010198e-06,0.0,8500.0,0,False,
100000002194329100,terminal,0.667,0,0.1652,"получил 25,170₸ от 1 за 1 перев., исходящих нет (глубина 3<4) -> деньги осели",1,0,25170.0,0.0,0.0002882723533490188,0.0,3,False,False,-0.0,0.002905781655216497,0.0,25170.0,0,False,
100000001884825100,consolidator,0.38,7,0.5656,"получил от 3 плательщиков, 495,000₸; authority=0.0000; seed-плательщиков 0, циклы=False",3,0,495000.0,0.0,0.0003416112789468228,0.0,3,False,False,-0.0,3.5733225661230265e-06,0.0,495000.0,0,False,
100000008692291100,consolidator,0.4,10,0.6485,"получил от 3 плательщиков, 160,000₸; authority=0.0000; seed-плательщиков 0, циклы=False",3,3,160000.0,156000.0,0.0003092289315024144,0.975,3,False,False,2.7636953592491254e-20,7.5032704773724296e-06,6.529946252899175e-05,4000.0,0,False,2.0
100000002697752100,terminal,0.889,3,0.3678,"получил 190,785₸ от 2 за 2 перев., исходящих нет (глубина 3<4) -> деньги осели",2,0,190785.0,0.0,0.00033103476484205787,0.0,3,False,False,-0.0,0.002742319231225886,0.0,190785.0,0,False,
100000007170072100,transit,0.717,3,0.5173,"pass_through=0.99: получил 100,000₸ -> отдал 99,500₸, оборот ~2д; цикл=False",1,2,100000.0,99500.0,0.00030902697667828914,0.995,3,False,False,-1.8651524162900953e-19,0.00013028037772058135,3.909906089698889e-05,500.0,0,False,2.0
100000002373144100,peripheral,0.2,0,0.2257,"удерживает средства: получил 46,468₸, отдал 10,764₸ (pass_through=0.23), in_deg=1",1,1,46468.0,10764.0,0.0002909864876942707,0.2316432813979513,3,False,False,3.905183264187854e-21,0.001131938443648603,1.9549530448494444e-05,35704.0,0,False,5.0
100000000287768100,terminal,0.708,0,0.1948,"получил 35,168₸ от 1 за 1 перев., исходящих нет (глубина 3<4) -> деньги осели",1,0,35168.0,0.0,0.00028998030498108743,0.0,3,False,False,-0.0,0.0011319384436486023,0.0,35168.0,0,False,
100000004508696100,transit,0.917,40,0.6495,"pass_through=15.86, 7,000₸ -> 111,000₸; двусторонний поток",1,3,7000.0,111000.0,0.0004243772759776554,15.857142857142858,3,False,False,-8.637120430656024e-20,-9.84692241203737e-20,3.9905227101050515e-05,-104000.0,0,True,0.0
100000008688109100,terminal,0.578,1,0.142,"получил 12,800₸ от 1 за 1 перев., исходящих нет (глубина 3<4) -> деньги осели",1,0,12800.0,0.0,0.0002888548725773897,0.0,3,False,False,-0.0,-2.4026987104724825e-17,0.0,12800.0,0,False,
100000008724461100,transit,0.541,7,0.4546,"pass_through=1.30: получил 100,111₸ -> отдал 130,000₸, оборот ~0д; цикл=False",1,1,100111.0,130000.0,0.00029202833040907597,1.298558599954051,3,False,False,4.3864637546679884e-20,3.220733719358675e-06,2.277419526474095e-05,-29889.0,0,False,0.0
100000001714413100,terminal,0.917,4,0.3058,"получил 250,172₸ от 1 за 1 перев., исходящих нет (глубина 3<4) -> деньги осели",1,0,250172.0,0.0,0.0002949886182611399,0.0,3,False,False,-0.0,0.002940174080170159,0.0,250172.0,0,False,
100000008672493100,terminal,0.584,1,0.1452,"получил 14,000₸ от 1 за 1 перев., исходящих нет (глубина 3<4) -> деньги осели",1,0,14000.0,0.0,0.0002890429371307258,0.0,3,False,False,-0.0,-2.448445974833221e-17,0.0,14000.0,0,False,
100000003241965100,terminal,0.592,8,0.1798,"получил 15,000₸ от 1 за 1 перев., исходящих нет (глубина 3<4) -> деньги осели",1,0,15000.0,0.0,0.00029246099785228195,0.0,3,False,False,-0.0,6.407022407300297e-07,0.0,15000.0,0,False,
100000002241986100,distributor,0.687,41,0.614,"разослал на 6 получателей, 3,077,000₸ за 12 перев., hub=0.0000; out/in по узлам 6/1",1,6,280000.0,3077000.0,0.0002959591225044416,10.989285714285714,3,False,False,1.0835490846519958e-19,0.0029401740801701594,0.00011729718269096666,-2797000.0,0,False,
100000004140994100,terminal,0.62,1,0.1639,"получил 18,650₸ от 1 за 1 перев., исходящих нет (глубина 3<4) -> деньги осели",1,0,18650.0,0.0,0.00028977168727490325,0.0,3,False,False,-0.0,-2.4463391176949434e-17,0.0,18650.0,0,False,
100000008489922100,distributor,0.961,7,0.8477,"разослал на 36 получателей, 3,789,900₸ за 41 перев., hub=0.0001; out/in по узлам 36/3",3,36,262010.0,3789900.0,0.0005884489565955904,14.464715087210411,3,False,False,6.847780050558555e-05,3.846397892374612e-06,0.0008871308364647244,-3527890.0,0,True,4.0
100000001252290100,peripheral,0.2,4,0.261,"удерживает средства: получил 141,005₸, отдал 5,000₸ (pass_through=0.04), in_deg=1",1,1,141005.0,5000.0,0.00029143668595831994,0.03545973547037339,3,False,False,-9.963765652858244e-22,0.002940174080170159,1.9549530448494444e-05,136005.0,0,False,
100000008667799100,terminal,0.703,1,0.2133,"получил 34,000₸ от 1 за 1 перев., исходящих нет (глубина 3<4) -> деньги осели",1,0,34000.0,0.0,0.00029217734635299437,0.0,3,False,False,-0.0,-2.3002407780773326e-17,0.0,34000.0,0,False,
100000008684951100,terminal,0.609,1,0.158,"получил 17,200₸ от 1 за 1 перев., исходящих нет (глубина 3<4) -> деньги осели",1,0,17200.0,0.0,0.0002895444426062888,0.0,3,False,False,-0.0,-2.4572255255419188e-17,0.0,17200.0,0,False,
100000006126743100,terminal,0.769,4,0.2021,"получил 55,000₸ от 1 за 1 перев., исходящих нет (глубина 3<4) -> деньги осели",1,0,55000.0,0.0,0.00028863836835589393,0.0,3,False,False,-0.0,0.002940174080170158,0.0,55000.0,0,False,
100000003009900100,terminal,0.601,8,0.1861,"получил 15,998₸ от 1 за 1 перев., исходящих нет (глубина 3<4) -> деньги осели",1,0,15998.0,0.0,0.00029283439271113456,0.0,3,False,False,-0.0,6.407022407300684e-07,0.0,15998.0,0,False,
100000001745217100,terminal,0.752,0,0.2233,"получил 50,000₸ от 1 за 1 перев., исходящих нет (глубина 3<4) -> деньги осели",1,0,50000.0,0.0,0.00029130098657417894,0.0,3,False,False,-0.0,0.0011319384436486032,0.0,50000.0,0,False,
100000002886166100,terminal,0.886,23,0.3635,"получил 185,000₸ от 1 за 3 перев., исходящих нет (глубина 3<4) -> деньги осели",1,0,185000.0,0.0,0.0003260325621102659,0.0,3,False,False,-0.0,2.3094847986179017e-19,0.0,185000.0,0,False,
100000002956779100,terminal,0.95,2,0.4232,"получил 411,000₸ от 1 за 1 перев., исходящих нет (глубина 3<4) -> деньги осели",1,0,411000.0,0.0,0.0004048778166456667,0.0,3,False,False,-0.0,3.7799502474310816e-06,0.0,411000.0,0,False,
100000008568512100,terminal,0.894,4,0.2879,"получил 199,640₸ от 1 за 1 перев., исходящих нет (глубина 3<4) -> деньги осели",1,0,199640.0,0.0,0.00029334447448943143,0.0,3,False,False,-0.0,0.002940174080170159,0.0,199640.0,0,False,
100000008583360100,transit,0.631,8,0.5387,"pass_through=1.51, 112,843₸ -> 170,000₸; двусторонний поток",1,1,112843.0,170000.0,0.0003290682856025026,1.5065179054083992,3,False,False,-1.9258068641191962e-21,6.407022407302771e-07,1.9549530448494444e-05,-57157.0,0,False,5.0
100000001130176100,terminal,0.663,0,0.3576,"получил 25,000₸ от 1 за 2 перев., исходящих нет (глубина 3<4) -> деньги осели",1,0,25000.0,0.0,0.0005604774925629036,0.0,3,False,False,-0.0,-7.178133732959262e-21,0.0,25000.0,0,False,
100000001145749100,terminal,0.557,2,0.3016,"получил 10,000₸ от 1 за 1 перев., исходящих нет (глубина 3<4) -> деньги осели",1,0,10000.0,0.0,0.00048058697082486394,0.0,3,False,False,-0.0,-1.0147190980301083e-19,0.0,10000.0,0,False,
100000005367445100,transit,1.0,10,0.4916,"pass_through=1.00: получил 5,000₸ -> отдал 5,000₸, оборот ~1д; цикл=True",1,1,5000.0,5000.0,0.0018698205928640759,1.0,3,False,False,9.847280491797703e-07,3.4858716800842846e-21,0.0,0.0,0,True,1.0
100000003917461100,transit,0.911,11,0.6425,"pass_through=14.00, 10,000₸ -> 140,000₸; двусторонний поток",1,2,10000.0,140000.0,0.0004008706877935137,14.0,3,False,False,-4.200346400464449e-20,-3.028375930235002e-19,2.0557238203571478e-05,-130000.0,0,True,0.0
100000008200810100,terminal,0.959,12,0.3686,"получил 475,000₸ от 1 за 1 перев., исходящих нет (глубина 3<4) -> деньги осели",1,0,475000.0,0.0,0.0003095678578805908,0.0,3,False,False,-0.0,3.794136343561779e-07,0.0,475000.0,0,False,
100000002554175100,terminal,0.658,8,0.222,"получил 24,621₸ от 1 за 1 перев., исходящих нет (глубина 3<4) -> деньги осели",1,0,24621.0,0.0,0.0002960606290517022,0.0,3,False,False,-0.0,6.407022407302139e-07,0.0,24621.0,0,False,
100000008751380100,terminal,0.938,7,0.3668,"получил 345,780₸ от 2 за 2 перев., исходящих нет (глубина 3<4) -> деньги осели",2,0,345780.0,0.0,0.0003141608550120162,0.0,3,False,False,-0.0,1.9820619108444276e-06,0.0,345780.0,0,False,
100000004071444100,peripheral,0.2,0,0.3557,"удерживает средства: получил 247,350₸, отдал 100,000₸ (pass_through=0.40), in_deg=1",1,1,247350.0,100000.0,0.00030887356696769413,0.40428542551041036,3,False,False,9.408603611616204e-21,0.0011319384436486032,1.9549530448494444e-05,147350.0,0,False,
100000001141268100,peripheral,0.2,18,0.4266,"удерживает средства: получил 480,000₸, отдал 10,000₸ (pass_through=0.02), in_deg=2",2,1,480000.0,10000.0,0.0003664778826493079,0.020833333333333332,3,False,False,2.6182108945702187e-21,4.395581313513262e-07,2.277419526474095e-05,470000.0,0,False,1.0
100000002645993100,transit,0.779,0,0.5532,"pass_through=1.75, 49,650₸ -> 86,980₸; двусторонний поток",2,5,49650.0,86980.0,0.00029462012240481723,1.7518630412890233,3,False,False,0.0005629113672020795,0.0035485973398432552,9.548455116744238e-05,-37330.0,0,True,0.0
100000002546921100,terminal,0.63,14,0.1924,"получил 20,000₸ от 1 за 1 перев., исходящих нет (глубина 3<4) -> деньги осели",1,0,20000.0,0.0,0.0002925299630614711,0.0,3,False,False,-0.0,2.441379038303059e-05,0.0,20000.0,0,False,
100000008753897100,terminal,0.657,1,0.185,"получил 24,050₸ от 1 за 1 перев., исходящих нет (глубина 3<4) -> деньги осели",1,0,24050.0,0.0,0.00029061797776491576,0.0,3,False,False,-0.0,-2.3295248152244183e-17,0.0,24050.0,0,False,
100000000870121100,terminal,0.572,13,0.2478,"получил 12,000₸ от 1 за 1 перев., исходящих нет (глубина 3<4) -> деньги осели",1,0,12000.0,0.0,0.00031707851488318084,0.0,3,False,False,-0.0,4.259946144289991e-08,0.0,12000.0,0,False,
100000003171006100,terminal,0.961,7,0.3999,"получил 485,000₸ от 2 за 2 перев., исходящих нет (глубина 3<4) -> деньги осели",2,0,485000.0,0.0,0.00033645816065421035,0.0,3,False,False,-0.0,4.496881745610721e-06,0.0,485000.0,0,False,
100000001690558100,terminal,0.98,17,0.4381,"получил 740,000₸ от 1 за 1 перев., исходящих нет (глубина 3<4) -> деньги осели",1,0,740000.0,0.0,0.00041392675065107164,0.0,3,False,False,-0.0,8.448073393743594e-05,0.0,740000.0,0,False,
100000008667795100,terminal,0.703,1,0.2133,"получил 34,000₸ от 1 за 1 перев., исходящих нет (глубина 3<4) -> деньги осели",1,0,34000.0,0.0,0.00029217734635299437,0.0,3,False,False,-0.0,-2.4531513482904365e-17,0.0,34000.0,0,False,
100000005674387100,terminal,0.673,1,0.1934,"получил 26,200₸ от 1 за 1 перев., исходящих нет (глубина 3<4) -> деньги осели",1,0,26200.0,0.0,0.0002909549267563096,0.0,3,False,False,-0.0,-2.368256465033938e-17,0.0,26200.0,0,False,
100000003636627100,peripheral,0.2,6,0.4146,"удерживает средства: получил 77,000₸, отдал 10,000₸ (pass_through=0.13), in_deg=1",1,1,77000.0,10000.0,0.0020084672100121447,0.12987012987012986,3,False,False,1.24232352602311e-05,-1.451085991446447e-22,0.0,67000.0,0,True,3.0
100000001275752100,terminal,0.869,7,0.2868,"получил 151,500₸ от 1 за 1 перев., исходящих нет (глубина 3<4) -> деньги осели",1,0,151500.0,0.0,0.0002946870620574198,0.0,3,False,False,-0.0,3.220733719358587e-06,0.0,151500.0,0,False,
100000002459240100,terminal,0.867,4,0.2661,"получил 150,000₸ от 1 за 1 перев., исходящих нет (глубина 3<4) -> деньги осели",1,0,150000.0,0.0,0.0002917293534408363,0.0,3,False,False,-0.0,0.0029401740801701585,0.0,150000.0,0,False,
100000002644285100,terminal,0.964,12,0.3724,"получил 500,000₸ от 1 за 1 перев., исходящих нет (глубина 3<4) -> деньги осели",1,0,500000.0,0.0,0.00031076359510193044,0.0,3,False,False,-0.0,3.7941363435592513e-07,0.0,500000.0,0,False,
100000005186109100,terminal,0.516,16,0.3197,"получил 5,000₸ от 1 за 1 перев., исходящих нет (глубина 3<4) -> деньги осели",1,0,5000.0,0.0,0.0006085229555982295,0.0,3,False,False,-0.0,-6.209939451600534e-21,0.0,5000.0,0,False,
100000005317181100,peripheral,0.2,0,0.3548,"удерживает средства: получил 141,250₸, отдал 14,500₸ (pass_through=0.10), in_deg=1",1,1,141250.0,14500.0,0.00032384255024560355,0.10265486725663717,3,False,False,-2.206537241776154e-21,0.00113790743309014,1.9549530448494444e-05,126750.0,0,False,
100000003001661100,distributor,0.671,28,0.8058,"разослал на 5 получателей, 439,500₸ за 8 перев., hub=0.0000; out/in по узлам 5/1",1,5,110000.0,439500.0,0.0005489541541645926,3.9954545454545456,3,False,False,1.6305487946803477e-09,-7.813324500925487e-20,8.464745142647078e-05,-329500.0,0,True,8.5
100000000288317100,transit,0.422,3,0.5249,"pass_through=0.54, 100,000₸ -> 53,500₸; двусторонний поток",2,3,100000.0,53500.0,0.00031422576799224755,0.535,3,False,False,1.5626416323882316e-20,0.0017654660575855794,5.925321599852955e-05,46500.0,0,False,2.5
100000004368189100,peripheral,0.2,12,0.3468,"удерживает средства: получил 384,600₸, отдал 28,200₸ (pass_through=0.07), in_deg=1",1,2,384600.0,28200.0,0.0003052440720882267,0.07332293291731669,3,False,False,-6.610649711886625e-20,3.794136343561758e-07,2.821581714215693e-06,356400.0,0,False,1.0
100000004493586100,terminal,0.538,0,0.1409,"получил 7,500₸ от 1 за 1 перев., исходящих нет (глубина 3<4) -> деньги осели",1,0,7500.0,0.0,0.00028993192234021907,0.0,3,False,False,-0.0,0.0006428156846267573,0.0,7500.0,0,False,
100000004114962100,terminal,0.876,4,0.4443,"получил 165,000₸ от 2 за 2 перев., исходящих нет (глубина 3<4) -> деньги осели",2,0,165000.0,0.0,0.000714335355213495,0.0,3,False,False,-0.0,0.0029636817988173496,0.0,165000.0,0,False,
100000008088082100,transit,0.553,13,0.4545,"pass_through=1.28: получил 39,138₸ -> отдал 50,000₸, оборот ~20д; цикл=False",1,1,39138.0,50000.0,0.00030139617031153825,1.2775307884920026,3,False,False,-1.5861776197743159e-21,0.000259460087793075,1.9549530448494444e-05,-10862.0,0,False,20.0
100000008595687100,peripheral,0.2,5,0.4196,"удерживает средства: получил 64,395₸, отдал 10,400₸ (pass_through=0.16), in_deg=1",1,1,64395.0,10400.0,0.0003062191531519819,0.161503222299868,3,False,False,5.316399444909288e-06,5.2569836528824134e-05,0.00030624238676791037,53995.0,0,True,1.0
100000001248999100,terminal,0.649,15,0.182,"получил 23,425₸ от 1 за 1 перев., исходящих нет (глубина 3<4) -> деньги осели",1,0,23425.0,0.0,0.0002905511245541334,0.0,3,False,False,-0.0,0.00023334462577839036,0.0,23425.0,0,False,
100000002736316100,consolidator,0.548,0,0.5659,"получил от 3 плательщиков, 266,921₸; authority=0.0025; seed-плательщиков 0, циклы=False",3,0,266921.0,0.0,0.00038550579299362656,0.0,3,False,False,-0.0,0.002506687570555577,0.0,266921.0,0,False,
100000008596924100,terminal,0.829,6,0.3811,"получил 100,000₸ от 1 за 1 перев., исходящих нет (глубина 3<4) -> деньги осели",1,0,100000.0,0.0,0.0004178559695334647,0.0,3,False,False,-0.0,3.673949082361033e-19,0.0,100000.0,0,False,
100000008598972100,terminal,0.848,3,0.2838,"получил 120,000₸ от 1 за 1 перев., исходящих нет (глубина 3<4) -> деньги осели",1,0,120000.0,0.0,0.00029543129312655945,0.0,3,False,False,-0.0,7.936044353374628e-05,0.0,120000.0,0,False,
100000002769809100,terminal,0.844,17,0.3757,"получил 113,422₸ от 1 за 1 перев., исходящих нет (глубина 3<4) -> деньги осели",1,0,113422.0,0.0,0.00037941388776648597,0.0,3,False,False,-0.0,-2.6608653013746967e-19,0.0,113422.0,0,False,
100000003089553100,terminal,0.867,10,0.3301,"получил 150,000₸ от 1 за 1 перев., исходящих нет (глубина 3<4) -> деньги осели",1,0,150000.0,0.0,0.0003084637604072579,0.0,3,False,False,-0.0,2.6125683863579613e-07,0.0,150000.0,0,False,
100000002343825100,consolidator,0.38,10,0.6835,"получил от 3 плательщиков, 350,000₸; authority=0.0000; seed-плательщиков 0, циклы=False",3,2,350000.0,89800.0,0.0003350828207250549,0.25657142857142856,3,False,False,2.4054105730763817e-20,3.617463372025409e-06,4.353297501932783e-05,260200.0,0,False,3.0
100000002015633100,terminal,0.822,4,0.2334,"получил 94,970₸ от 1 за 1 перев., исходящих нет (глубина 3<4) -> деньги осели",1,0,94970.0,0.0,0.00028993885965952705,0.0,3,False,False,-0.0,0.002940174080170159,0.0,94970.0,0,False,
100000002906470100,terminal,0.853,17,0.3271,"получил 130,000₸ от 1 за 1 перев., исходящих нет (глубина 3<4) -> деньги осели",1,0,130000.0,0.0,0.0003091733466168559,0.0,3,False,False,-0.0,8.448073393743585e-05,0.0,130000.0,0,False,
100000005628518100,terminal,0.801,17,0.3922,"получил 77,000₸ от 1 за 3 перев., исходящих нет (глубина 3<4) -> деньги осели",1,0,77000.0,0.0,0.0005353273698316095,0.0,3,False,False,-0.0,-1.1120926273300294e-20,0.0,77000.0,0,False,
100000002958139100,terminal,0.9,7,0.326,"получил 209,500₸ от 1 за 2 перев., исходящих нет (глубина 3<4) -> деньги осели",1,0,209500.0,0.0,0.000301616397547034,0.0,3,False,False,-0.0,1.966214633618472e-06,0.0,209500.0,0,False,
100000008754747100,terminal,0.735,1,0.2368,"получил 45,500₸ от 1 за 1 перев., исходящих нет (глубина 3<4) -> деньги осели",1,0,45500.0,0.0,0.0002939796316557987,0.0,3,False,False,-0.0,-2.5202758507313026e-17,0.0,45500.0,0,False,
100000008776720100,terminal,0.672,1,0.1923,"получил 26,150₸ от 1 за 1 перев., исходящих нет (глубина 3<4) -> деньги осели",1,0,26150.0,0.0,0.0002909470907332539,0.0,3,False,False,-0.0,-2.6323281753903315e-17,0.0,26150.0,0,False,
100000008576528100,terminal,0.679,4,0.1656,"получил 28,000₸ от 1 за 1 перев., исходящих нет (глубина 3<4) -> деньги осели",1,0,28000.0,0.0,0.00028775987785806825,0.0,3,False,False,-0.0,0.002940174080170159,0.0,28000.0,0,False,
100000004603109100,consolidator,0.267,24,0.8568,"получил от 3 плательщиков, 2,730,000₸; authority=0.0000; seed-плательщиков 0, циклы=True",3,2,2730000.0,400000.0,0.0032273481702142053,0.14652014652014653,3,False,False,-3.391106093738185e-20,8.255601902900687e-20,7.053954285539232e-07,2330000.0,0,True,0.0
100000008721637100,transit,0.516,6,0.453,"pass_through=5.28, 24,041₸ -> 127,000₸; двусторонний поток",1,2,24041.0,127000.0,0.0002917598390807756,5.282642152988644,3,False,False,2.1725553389675165e-05,0.001604411798135746,7.457054577508867e-05,-102959.0,0,False,0.0
100000004491749100,terminal,0.752,6,0.3323,"получил 50,000₸ от 1 за 1 перев., исходящих нет (глубина 3<4) -> деньги осели",1,0,50000.0,0.0,0.00035235241010430127,0.0,3,False,False,-0.0,-8.903895885384547e-20,0.0,50000.0,0,False,
100000005171642100,transit,0.989,25,0.74,"pass_through=0.98: получил 696,800₸ -> отдал 683,600₸, оборот ~2д; цикл=True",2,1,696800.0,683600.0,0.0028280471273330237,0.9810562571756601,3,False,False,1.2626060685762e-05,-2.1012478280980942e-20,4.0308310203081327e-07,13200.0,0,True,2.0
100000008682426100,terminal,0.63,14,0.1924,"получил 20,000₸ от 1 за 1 перев., исходящих нет (глубина 3<4) -> деньги осели",1,0,20000.0,0.0,0.0002925299630614711,0.0,3,False,False,-0.0,2.441379038303055e-05,0.0,20000.0,0,False,
100000006209210100,terminal,0.907,6,0.3914,"получил 229,111₸ от 1 за 1 перев., исходящих нет (глубина 3<4) -> деньги осели",1,0,229111.0,0.0,0.0003623921896254362,0.0,3,False,False,-0.0,0.0001083118995810232,0.0,229111.0,0,False,
100000003888527100,terminal,0.689,38,0.3186,"получил 30,000₸ от 1 за 1 перев., исходящих нет (глубина 3<4) -> деньги осели",1,0,30000.0,0.0,0.0003682881906610144,0.0,3,False,False,-0.0,2.4284366617555487e-05,0.0,30000.0,0,False,
100000008490127100,distributor,0.681,4,0.6252,"разослал на 6 получателей, 923,000₸ за 9 перев., hub=0.0000; out/in по узлам 6/1",1,6,431755.0,923000.0,0.0003008967271524987,2.137786476126507,3,False,False,1.0907762961497526e-19,0.002940174080170159,0.00011729718269096666,-491245.0,0,False,
100000004336228100,terminal,0.76,3,0.2613,"получил 51,407₸ от 1 за 2 перев., исходящих нет (глубина 3<4) -> деньги осели",1,0,51407.0,0.0,0.00029735004367745146,0.0,3,False,False,-0.0,0.0016044117981357461,0.0,51407.0,0,False,
100000006844004100,terminal,0.638,0,0.3452,"получил 20,600₸ от 1 за 1 перев., исходящих нет (глубина 3<4) -> деньги осели",1,0,20600.0,0.0,0.0005478256591732759,0.0,3,False,False,-0.0,-1.692564677292509e-20,0.0,20600.0,0,False,
100000001688676100,terminal,0.855,17,0.3286,"получил 133,700₸ от 1 за 1 перев., исходящих нет (глубина 3<4) -> деньги осели",1,0,133700.0,0.0,0.0003098087361167356,0.0,3,False,False,-0.0,8.448073393743594e-05,0.0,133700.0,0,False,
100000008712036100,terminal,0.639,1,0.175,"получил 21,000₸ от 1 за 1 перев., исходящих нет (глубина 3<4) -> деньги осели",1,0,21000.0,0.0,0.0002901399803585198,0.0,3,False,False,-0.0,-2.496267178305491e-17,0.0,21000.0,0,False,
100000004697956100,transit,1.0,6,0.4597,"pass_through=1.00: получил 10,000₸ -> отдал 10,000₸, оборот ~3д; цикл=True",1,1,10000.0,10000.0,0.00047075822895587796,1.0,3,False,False,1.2421621228130495e-05,-1.9991177978599546e-19,0.0,0.0,0,True,3.0
100000004921657100,transit,0.655,2,0.371,"pass_through=2.67, 8,300₸ -> 22,190₸; двусторонний поток",1,1,8300.0,22190.0,0.0003628873834839626,2.6734939759036145,3,False,False,1.9943305215121533e-20,9.460777780008273e-20,0.0,-13890.0,0,False,0.0
100000000408846100,terminal,0.724,27,0.2479,"получил 40,500₸ от 1 за 1 перев., исходящих нет (глубина 3<4) -> деньги осели",1,0,40500.0,0.0,0.00029704412634544273,0.0,3,False,False,-0.0,1.019595254841273e-19,0.0,40500.0,0,False,
100000003406094100,transit,0.846,5,0.6969,"pass_through=0.67, 70,000₸ -> 47,000₸; двусторонний поток",1,3,70000.0,47000.0,0.000781313271793232,0.6714285714285714,3,False,False,1.135190480563282e-06,5.1955348955879696e-21,3.95021439990197e-05,23000.0,0,True,8.0
100000008695566100,terminal,0.702,1,0.2124,"получил 33,700₸ от 1 за 1 перев., исходящих нет (глубина 3<4) -> деньги осели",1,0,33700.0,0.0,0.0002921303302146603,0.0,3,False,False,-0.0,-2.405738218461896e-17,0.0,33700.0,0,False,
100000005974542100,terminal,0.821,22,0.3891,"получил 94,500₸ от 1 за 3 перев., исходящих нет (глубина 3<4) -> деньги осели",1,0,94500.0,0.0,0.00048585026228759346,0.0,3,False,False,-0.0,3.19787369621535e-06,0.0,94500.0,0,False,
100000001887715100,consolidator,0.352,18,0.7785,"получил от 3 плательщиков, 1,331,500₸; authority=0.0000; seed-плательщиков 0, циклы=False",3,1,1331500.0,750000.0,0.00073410918066691,0.5632745024408562,3,False,False,-3.9714292640977867e-22,1.3426258810674154e-06,2.2975736815756357e-05,581500.0,0,False,0.0
100000002472632100,peripheral,0.2,26,0.4957,"удерживает средства: получил 502,400₸, отдал 20,000₸ (pass_through=0.04), in_deg=2",2,1,502400.0,20000.0,0.0009897621912287563,0.03980891719745223,3,False,False,2.0263830023450505e-21,2.521338872123136e-06,2.035569665255607e-05,482400.0,0,False,
100000004629688100,transit,0.906,16,0.4436,"pass_through=3.00, 5,000₸ -> 15,000₸; двусторонний поток",1,1,5000.0,15000.0,0.00038971515524088325,3.0,3,False,False,1.5429536913847784e-05,1.3546053970509044e-19,0.0,-10000.0,0,True,3.0
100000002459832100,terminal,0.985,3,0.4362,"получил 880,606₸ от 2 за 2 перев., исходящих нет (глубина 3<4) -> деньги осели",2,0,880606.0,0.0,0.00039490837520084253,0.0,3,False,False,-0.0,0.0002096408212543279,0.0,880606.0,0,False,
100000006100920100,terminal,0.829,0,0.3444,"получил 100,000₸ от 1 за 1 перев., исходящих нет (глубина 3<4) -> деньги осели",1,0,100000.0,0.0,0.0003279564728762204,0.0,3,False,False,-0.0,0.0006428156846267567,0.0,100000.0,0,False,
100000001439416100,transit,0.883,0,0.6245,"pass_through=16.50, 10,000₸ -> 165,000₸; двусторонний поток",1,2,10000.0,165000.0,0.00034295003658662404,16.5,3,False,False,0.00010279294475994016,2.3509417958810167e-06,2.0154155101540664e-05,-155000.0,0,True,18.0
100000002121357100,peripheral,0.2,10,0.3951,"удерживает средства: получил 255,300₸, отдал 113,000₸ (pass_through=0.44), in_deg=2",2,1,255300.0,113000.0,0.0003277289071697347,0.4426165295730513,3,False,False,8.134827551036546e-21,5.922167448880044e-07,2.1968029060679322e-05,142300.0,0,False,
100000002970466100,transit,0.474,0,0.4017,"pass_through=3.99, 23,317₸ -> 93,000₸; двусторонний поток",1,2,23317.0,93000.0,0.0002881675559531228,3.9885062400823434,3,False,False,-1.379247616776512e-19,0.0029057816552164966,3.909906089698889e-05,-69683.0,0,False,3.0
100000002581346100,terminal,0.877,4,0.2746,"получил 166,400₸ от 1 за 1 перев., исходящих нет (глубина 3<4) -> деньги осели",1,0,166400.0,0.0,0.0002922629550765526,0.0,3,False,False,-0.0,0.0029401740801701594,0.0,166400.0,0,False,
100000008738658100,terminal,0.685,1,0.2021,"получил 29,920₸ от 1 за 1 перев., исходящих нет (глубина 3<4) -> деньги осели",1,0,29920.0,0.0,0.00029153792687165156,0.0,3,False,False,-0.0,-2.4591441367433543e-17,0.0,29920.0,0,False,
100000005910114100,distributor,0.879,0,0.7931,"разослал на 19 получателей, 1,469,993₸ за 56 перев., hub=0.0049; out/in по узлам 19/3",3,19,326144.0,1469993.0,0.00036323669634607457,4.507190075549451,3,False,False,0.0049211323576087785,0.0043031491760997095,0.005942296139206007,-1143849.0,0,True,1.0
100000001046626100,terminal,0.867,4,0.2661,"получил 150,000₸ от 1 за 1 перев., исходящих нет (глубина 3<4) -> деньги осели",1,0,150000.0,0.0,0.0002917293534408363,0.0,3,False,False,-0.0,0.0029401740801701594,0.0,150000.0,0,False,
100000006492770100,peripheral,0.2,0,0.3358,"удерживает средства: получил 269,000₸, отдал 20,000₸ (pass_through=0.07), in_deg=1",1,1,269000.0,20000.0,0.0003020622880717993,0.07434944237918216,3,False,False,2.8940423501127342e-21,0.0029057816552164966,1.9549530448494444e-05,249000.0,0,False,1.0
100000001674850100,terminal,0.911,10,0.3588,"получил 237,000₸ от 2 за 2 перев., исходящих нет (глубина 3<4) -> деньги осели",2,0,237000.0,0.0,0.0003154950296520016,0.0,3,False,False,-0.0,2.457856082164588e-06,0.0,237000.0,0,False,
100000000860514100,transit,0.594,26,0.4662,"pass_through=4.17, 12,000₸ -> 50,000₸; двусторонний поток",1,1,12000.0,50000.0,0.00030765269629933677,4.166666666666667,3,False,False,1.8683176765439407e-21,2.5006817420104067e-06,2.035569665255607e-05,-38000.0,0,False,11.0
100000003650146100,terminal,0.586,5,0.22,"получил 14,400₸ от 1 за 1 перев., исходящих нет (глубина 3<4) -> деньги осели",1,0,14400.0,0.0,0.00030146705880816323,0.0,3,False,False,-0.0,2.4475150146265665e-05,0.0,14400.0,0,False,
100000001227106100,terminal,0.875,4,0.2736,"получил 164,765₸ от 1 за 1 перев., исходящих нет (глубина 3<4) -> деньги осели",1,0,164765.0,0.0,0.00029220975759640654,0.0,3,False,False,-0.0,0.002940174080170158,0.0,164765.0,0,False,
100000003647799100,terminal,0.829,4,0.238,"получил 100,000₸ от 1 за 1 перев., исходящих нет (глубина 3<4) -> деньги осели",1,0,100000.0,0.0,0.00029010251918560345,0.0,3,False,False,-0.0,0.002940174080170159,0.0,100000.0,0,False,
100000008293431100,distributor,0.708,0,0.595,"разослал на 5 получателей, 297,000₸ за 7 перев., hub=0.0004; out/in по узлам 5/1",1,5,15000.0,297000.0,0.0002881844914448502,19.8,3,False,False,0.0003669221949795877,0.0011319384436486023,5.784493799424015e-05,-282000.0,0,True,
100000002975287100,terminal,0.592,15,0.1631,"получил 15,000₸ от 1 за 1 перев., исходящих нет (глубина 3<4) -> деньги осели",1,0,15000.0,0.0,0.0002904870604974667,0.0,3,False,False,-0.0,0.00046590181504893694,0.0,15000.0,0,False,
100000008507703100,terminal,0.681,1,0.1992,"получил 28,500₸ от 1 за 1 перев., исходящих нет (глубина 3<4) -> деньги осели",1,0,28500.0,0.0,0.0002913153838168705,0.0,3,False,False,-0.0,-2.374989057813755e-17,0.0,28500.0,0,False,
100000001733687100,terminal,0.93,7,0.352,"получил 300,000₸ от 1 за 1 перев., исходящих нет (глубина 3<4) -> деньги осели",1,0,300000.0,0.0,0.0003079956958377576,0.0,3,False,False,-0.0,1.9662146336185335e-06,0.0,300000.0,0,False,
100000004552204100,peripheral,0.2,33,0.4795,"удерживает средства: получил 22,500₸, отдал 10,000₸ (pass_through=0.44), in_deg=1",1,2,22500.0,10000.0,0.0008681325584092655,0.4444444444444444,3,False,False,-1.1994339281901139e-20,6.363391533389621e-22,2.0557238203571478e-05,12500.0,0,True,8.0
100000008223756100,terminal,0.936,3,0.3996,"получил 331,682₸ от 2 за 2 перев., исходящих нет (глубина 3<4) -> деньги осели",2,0,331682.0,0.0,0.0003578467210306656,0.0,3,False,False,-0.0,0.003036062032937078,0.0,331682.0,0,False,
100000002956769100,consolidator,0.379,12,0.5936,"получил от 3 плательщиков, 840,000₸; authority=0.0000; seed-плательщиков 0, циклы=False",3,0,840000.0,0.0,0.00038648464359370267,0.0,3,False,False,-0.0,3.2631506306778006e-06,0.0,840000.0,0,False,
100000008555233100,terminal,0.954,18,0.4116,"получил 440,600₸ от 1 за 1 перев., исходящих нет (глубина 3<4) -> деньги осели",1,0,440600.0,0.0,0.00036501805850886317,0.0,3,False,False,-0.0,8.364542261094115e-08,0.0,440600.0,0,False,
100000002346166100,terminal,0.529,1,0.1205,"получил 6,000₸ от 1 за 1 перев., исходящих нет (глубина 3<4) -> деньги осели",1,0,6000.0,0.0,0.0002877891734418184,0.0,3,False,False,-0.0,-2.4279079175019477e-17,0.0,6000.0,0,False,
100000000878006100,terminal,0.74,4,0.1907,"получил 47,003₸ от 1 за 1 перев., исходящих нет (глубина 3<4) -> деньги осели",1,0,47003.0,0.0,0.000288378172485112,0.0,3,False,False,-0.0,0.0029401740801701585,0.0,47003.0,0,False,
100000004997515100,consolidator,0.392,7,0.7041,"получил от 4 плательщиков, 395,000₸; authority=0.0000; seed-плательщиков 0, циклы=False",4,4,395000.0,54500.0,0.00035819757970663327,0.1379746835443038,3,False,False,8.14810925761239e-21,2.331062159482334e-06,9.10967810589638e-05,340500.0,0,False,6.5
100000007653003100,terminal,0.829,15,0.305,"получил 100,000₸ от 1 за 1 перев., исходящих нет (глубина 3<4) -> деньги осели",1,0,100000.0,0.0,0.0003026536484509993,0.0,3,False,False,-0.0,0.00023334462577839042,0.0,100000.0,0,False,
100000000661131100,terminal,0.599,1,0.1515,"получил 15,600₸ от 1 за 1 перев., исходящих нет (глубина 3<4) -> деньги осели",1,0,15600.0,0.0,0.0002892936898685073,0.0,3,False,False,-0.0,-2.4156919754577352e-17,0.0,15600.0,0,False,
100000003880331100,distributor,0.854,3,0.7466,"разослал на 16 получателей, 3,904,908₸ за 31 перев., hub=0.0061; out/in по узлам 16/1",1,16,100000.0,3904908.0,0.00030902697667828914,39.04908,3,False,False,0.006098820382896893,0.00013028037772058127,0.0006709554372408003,-3804908.0,0,True,1.0
100000003204491100,transit,0.549,0,0.4817,"pass_through=0.71: получил 140,000₸ -> отдал 100,000₸, оборот ~0д; цикл=False",1,1,140000.0,100000.0,0.0002993148311924529,0.7142857142857143,3,False,False,-4.812519235169367e-21,0.0011319384436486025,1.9549530448494444e-05,40000.0,0,False,0.0
100000008463968100,terminal,0.557,1,0.132,"получил 10,000₸ от 1 за 1 перев., исходящих нет (глубина 3<4) -> деньги осели",1,0,10000.0,0.0,0.00028841605528627214,0.0,3,False,False,-0.0,-2.391789269164112e-17,0.0,10000.0,0,False,
100000002712416100,terminal,0.846,12,0.3139,"получил 116,800₸ от 2 за 2 перев., исходящих нет (глубина 3<4) -> деньги осели",2,0,116800.0,0.0,0.0003040093806669141,0.0,3,False,False,-0.0,2.981530582292109e-06,0.0,116800.0,0,False,
100000008754997100,terminal,0.617,1,0.1624,"получил 18,000₸ от 1 за 1 перев., исходящих нет (глубина 3<4) -> деньги осели",1,0,18000.0,0.0,0.00028966981897517955,0.0,3,False,False,-0.0,-2.4362872900094274e-17,0.0,18000.0,0,False,
100000008011573100,terminal,0.592,15,0.1631,"получил 15,000₸ от 1 за 1 перев., исходящих нет (глубина 3<4) -> деньги осели",1,0,15000.0,0.0,0.0002904870604974667,0.0,3,False,False,-0.0,0.0004659018150489365,0.0,15000.0,0,False,
100000003178549100,peripheral,0.2,15,0.5172,"удерживает средства: получил 250,000₸, отдал 89,080₸ (pass_through=0.36), in_deg=2",2,4,250000.0,89080.0,0.0003537117691994737,0.35632,3,False,False,0.00152258785419498,0.0016231039861887109,0.0002767840802060048,160920.0,0,True,
100000000534581100,transit,0.549,3,0.4513,"pass_through=0.71: получил 55,960₸ -> отдал 40,000₸, оборот ~5д; цикл=False",2,1,55960.0,40000.0,0.00029978485808505943,0.7147962830593281,3,False,False,2.146829529894945e-21,0.0018638718859288216,1.9549530448494444e-05,15960.0,0,False,5.0
100000007138613100,consolidator,0.586,0,0.7099,"получил от 3 плательщиков, 1,002,000₸; authority=0.0060; seed-плательщиков 0, циклы=False",3,2,1002000.0,179000.0,0.0003557386304979125,0.17864271457085829,3,False,False,1.1919049394086586e-22,0.006007009994836484,3.95021439990197e-05,823000.0,0,False,
100000002380341100,terminal,0.773,0,0.3001,"получил 57,566₸ от 1 за 1 перев., исходящих нет (глубина 3<4) -> деньги осели",1,0,57566.4,0.0,0.00031051302890190187,0.0,3,False,False,-0.0,0.0006428156846267568,0.0,57566.4,0,False,
100000008309514100,terminal,0.609,1,0.158,"получил 17,200₸ от 1 за 1 перев., исходящих нет (глубина 3<4) -> деньги осели",1,0,17200.0,0.0,0.0002895444426062888,0.0,3,False,False,-0.0,-2.5173304657103098e-17,0.0,17200.0,0,False,
100000003134474100,terminal,0.845,4,0.2493,"получил 116,000₸ от 1 за 1 перев., исходящих нет (глубина 3<4) -> деньги осели",1,0,116000.0,0.0,0.000290623106147278,0.0,3,False,False,-0.0,0.0029401740801701616,0.0,116000.0,0,False,
100000002373386100,terminal,0.655,1,0.1843,"получил 24,000₸ от 1 за 1 перев., исходящих нет (глубина 3<4) -> деньги осели",1,0,24000.0,0.0,0.00029061014174186007,0.0,3,False,False,-0.0,-2.399201767061432e-17,0.0,24000.0,0,False,
100000008684767100,terminal,0.696,1,0.207,"получил 31,100₸ от 1 за 1 перев., исходящих нет (глубина 3<4) -> деньги осели",1,0,31100.0,0.0,0.0002917228570157654,0.0,3,False,False,-0.0,-2.4510971477851836e-17,0.0,31100.0,0,False,
100000008332511100,terminal,0.829,6,0.4382,"получил 100,000₸ от 1 за 1 перев., исходящих нет (глубина 3<4) -> деньги осели",1,0,100000.0,0.0,0.0011173024942748066,0.0,3,False,False,-0.0,1.1316881479310538e-20,0.0,100000.0,0,False,
100000005754335100,terminal,0.73,38,0.3446,"получил 44,037₸ от 1 за 1 перев., исходящих нет (глубина 3<4) -> деньги осели",1,0,44037.0,0.0,0.000406393657840406,0.0,3,False,False,-0.0,2.4284366617555443e-05,0.0,44037.0,0,False,
100000008547295100,terminal,0.592,6,0.3368,"получил 15,000₸ от 1 за 1 перев., исходящих нет (глубина 3<4) -> деньги осели",1,0,15000.0,0.0,0.000565306141506947,0.0,3,False,False,-0.0,2.0970811699092195e-19,0.0,15000.0,0,False,
100000001875167100,terminal,0.987,4,0.3981,"получил 1,000,000₸ от 1 за 2 перев., исходящих нет (глубина 3<4) -> деньги осели",1,0,1000000.0,0.0,0.00031938553577979406,0.0,3,False,False,-0.0,0.0029401740801701585,0.0,1000000.0,0,False,
100000004670388100,transit,0.935,51,0.7065,"pass_through=4.49, 160,354₸ -> 720,000₸; двусторонний поток",1,2,160354.0,720000.0,0.0005162096537647655,4.490065729573319,3,False,False,-4.68050043724036e-20,1.6146923820797464e-19,1.9952613550525257e-05,-559646.0,0,True,2.5
100000004097972100,peripheral,0.2,0,0.3565,"удерживает средства: получил 118,878₸, отдал 10,000₸ (pass_through=0.08), in_deg=1",1,2,118878.0,10000.0,0.0003179832720382375,0.0841198539679335,3,False,False,-6.443034798568393e-20,0.0011379074330901404,3.909906089698889e-05,108878.0,0,False,7.5
100000000481716100,terminal,0.541,8,0.2763,"получил 8,000₸ от 1 за 1 перев., исходящих нет (глубина 3<4) -> деньги осели",1,0,8000.0,0.0,0.00037881373298038844,0.0,3,False,False,-0.0,2.2795669835498064e-08,0.0,8000.0,0,False,
100000005089460100,terminal,0.575,1,0.1403,"получил 12,300₸ от 1 за 1 перев., исходящих нет (глубина 3<4) -> деньги осели",1,0,12300.0,0.0,0.000288776512346833,0.0,3,False,False,-0.0,-2.6349299865643866e-17,0.0,12300.0,0,False,
100000003105929100,peripheral,0.2,4,0.3507,"удерживает средства: получил 429,567₸, отдал 156,354₸ (pass_through=0.36), in_deg=1",1,1,429567.0,156354.0,0.0003008255368854897,0.3639804733603838,3,False,False,-1.705069328513027e-21,0.002940174080170159,1.9549530448494444e-05,273213.0,0,False,
100000008379273100,transit,0.687,8,0.4853,"pass_through=1.06: получил 36,000₸ -> отдал 38,000₸, оборот ~3д; цикл=False",2,4,36000.0,38000.0,0.00030035218673025657,1.0555555555555556,3,False,False,0.00011632381844201833,3.398976211823713e-06,0.0017296485181564234,-2000.0,0,False,3.0
100000005357705100,transit,0.557,3,0.519,"pass_through=7.36, 52,595₸ -> 387,080₸; двусторонний поток",1,4,52595.0,387080.0,0.00029759272302630957,7.35963494628767,3,False,False,1.369078329148204e-19,0.0016044117981357463,7.819812179397777e-05,-334485.0,0,False,0.0
100000003111305100,consolidator,0.454,25,0.5914,"получил от 4 плательщиков, 509,338₸; authority=0.0000; seed-плательщиков 0, циклы=False",4,0,509338.0,0.0,0.0004054032372561773,0.0,3,False,False,-0.0,2.6654287081977486e-05,0.0,509338.0,0,False,
100000008503177100,terminal,0.702,3,0.2243,"получил 33,951₸ от 1 за 1 перев., исходящих нет (глубина 3<4) -> деньги осели",1,0,33951.0,0.0,0.00029378420974338824,0.0,3,False,False,-0.0,0.0016044117981357468,0.0,33951.0,0,False,
100000000955529100,transit,0.554,2,0.4319,"pass_through=2.35, 27,000₸ -> 63,500₸; двусторонний поток",1,1,27000.0,63500.0,0.00029695071559399723,2.3518518518518516,3,False,False,0.00019785422123072563,6.407022407299909e-07,3.426206367261913e-06,-36500.0,0,False,7.0
100000008695689100,terminal,0.673,1,0.1934,"получил 26,200₸ от 1 за 1 перев., исходящих нет (глубина 3<4) -> деньги осели",1,0,26200.0,0.0,0.0002909549267563096,0.0,3,False,False,-0.0,-2.4979475289260383e-17,0.0,26200.0,0,False,
100000004184158100,terminal,0.899,0,0.3358,"получил 203,805₸ от 1 за 1 перев., исходящих нет (глубина 3<4) -> деньги осели",1,0,203805.0,0.0,0.0003049962018132192,0.0,3,False,False,-0.0,0.0011319384436486019,0.0,203805.0,0,False,
100000005475379100,transit,0.568,9,0.5874,"pass_through=0.75: получил 108,370₸ -> отдал 81,000₸, оборот ~9д; цикл=False",1,3,108370.0,81000.0,0.00042347914866647403,0.7474393282273692,3,False,False,-2.701677045959664e-19,4.037599825353307e-05,6.650871183508418e-05,27370.0,0,False,9.0
100000003093299100,terminal,0.592,0,0.138,"получил 15,000₸ от 1 за 1 перев., исходящих нет (глубина 3<4) -> деньги осели",1,0,15000.0,0.0,0.00028769718361547217,0.0,3,False,False,-0.0,0.002905781655216495,0.0,15000.0,0,False,
100000008767027100,terminal,0.516,18,0.1153,"получил 5,000₸ от 1 за 1 перев., исходящих нет (глубина 3<4) -> деньги осели",1,0,5000.0,0.0,0.00028761570267189074,0.0,3,False,False,-0.0,3.559127087401266e-07,0.0,5000.0,0,False,
100000004539443100,terminal,0.779,2,0.4181,"получил 61,990₸ от 2 за 2 перев., исходящих нет (глубина 3<4) -> деньги осели",2,0,61990.0,0.0,0.0009602399360267047,0.0,3,False,False,-0.0,4.6856460070641925e-20,0.0,61990.0,0,False,
100000007863304100,terminal,0.663,4,0.1594,"получил 25,000₸ от 1 за 1 перев., исходящих нет (глубина 3<4) -> деньги осели",1,0,25000.0,0.0,0.00028766226780275425,0.0,3,False,False,-0.0,0.002940174080170159,0.0,25000.0,0,False,
100000004959752100,terminal,0.644,2,0.3679,"получил 22,200₸ от 1 за 1 перев., исходящих нет (глубина 3<4) -> деньги осели",1,0,22200.0,0.0,0.0007881862548134613,0.0,3,False,False,-0.0,-7.019735408349008e-22,0.0,22200.0,0,False,
100000002214664100,transit,0.473,1,0.3603,"pass_through=9.68, 7,950₸ -> 76,950₸; двусторонний поток",1,1,7950.0,76950.0,0.0002880947783409896,9.679245283018869,3,False,False,-2.9853157456736075e-21,-2.373845127564382e-17,1.4107908571078464e-06,-69000.0,0,False,0.0
100000008192264100,transit,0.627,4,0.4558,"pass_through=1.15: получил 162,810₸ -> отдал 187,910₸, оборот ~0д; цикл=False",1,1,162810.0,187910.0,0.00029214614837702694,1.1541674344327744,3,False,False,7.693675366047673e-21,0.002940174080170159,1.9549530448494444e-05,-25100.0,0,False,0.0
100000000942301100,terminal,0.773,0,0.2822,"получил 57,580₸ от 1 за 2 перев., исходящих нет (глубина 3<4) -> деньги осели",1,0,57580.0,0.0,0.0003019291849849956,0.0,3,False,False,-0.0,0.0011379074330901396,0.0,57580.0,0,False,
100000002578653100,terminal,0.63,48,0.2573,"получил 20,000₸ от 1 за 1 перев., исходящих нет (глубина 3<4) -> деньги осели",1,0,20000.0,0.0,0.0003126975226362897,0.0,3,False,False,-0.0,8.776895584073452e-20,0.0,20000.0,0,False,
100000002511581100,terminal,0.613,1,0.1602,"получил 17,600₸ от 1 за 1 перев., исходящих нет (глубина 3<4) -> деньги осели",1,0,17600.0,0.0,0.00028960713079073414,0.0,3,False,False,-0.0,-2.6549546569858815e-17,0.0,17600.0,0,False,
100000005610717100,consolidator,0.619,0,0.6809,"получил от 4 плательщиков, 484,500₸; authority=0.0081; seed-плательщиков 0, циклы=False",4,1,484500.0,265200.0,0.0003460587880217405,0.5473684210526316,3,False,False,-1.731534150957873e-21,0.008115801612125398,1.9549530448494444e-05,219300.0,0,False,0.0
100000005704413100,distributor,0.965,8,0.8456,"разослал на 32 получателей, 1,363,593₸ за 35 перев., hub=0.0001; out/in по узлам 32/3",3,32,97834.67,1363593.0,0.0006022795556250626,13.9377278014021,3,False,False,0.00014800832728386338,2.3762160559187327e-06,0.0026066620186428113,-1265758.33,0,True,3.0
100000000976943100,transit,0.6,9,0.5545,"pass_through=1.20: получил 70,000₸ -> отдал 84,000₸, оборот ~6д; цикл=False",1,1,70000.0,84000.0,0.00037510317252983504,1.2,3,False,False,-8.606715824727993e-22,4.037599825353328e-05,2.216957061169473e-05,-14000.0,0,False,6.0
100000008708061100,terminal,0.544,1,0.1274,"получил 8,650₸ от 1 за 1 перев., исходящих нет (глубина 3<4) -> деньги осели",1,0,8650.0,0.0,0.000288204482663769,0.0,3,False,False,-0.0,-2.5416484882240354e-17,0.0,8650.0,0,False,
100000003986141100,terminal,0.523,15,0.1209,"получил 5,286₸ от 1 за 1 перев., исходящих нет (глубина 3<4) -> деньги осели",1,0,5286.32,0.0,0.00028813103343166944,0.0,3,False,False,-0.0,0.00046590181504893715,0.0,5286.32,0,False,
100000005037490100,transit,0.866,13,0.5567,"pass_through=2.00, 15,000₸ -> 30,000₸; двусторонний поток",1,2,15000.0,30000.0,0.00032463593093519155,2.0,3,False,False,0.00022285399287035298,4.259946144287478e-08,1.975107199950985e-05,-15000.0,0,True,0.0
100000004257714100,terminal,0.762,1,0.2511,"получил 52,220₸ от 1 за 1 перев., исходящих нет (глубина 3<4) -> деньги осели",1,0,52220.0,0.0,0.0002950327931544809,0.0,3,False,False,-0.0,-2.5630441591781636e-17,0.0,52220.0,0,False,
100000000569479100,terminal,0.934,0,0.4141,"получил 320,000₸ от 1 за 1 перев., исходящих нет (глубина 3<4) -> деньги осели",1,0,320000.0,0.0,0.00039669294672804636,0.0,3,False,False,-0.0,0.00016105425944983284,0.0,320000.0,0,False,
100000007303047100,terminal,0.762,1,0.2516,"получил 52,250₸ от 1 за 1 перев., исходящих нет (глубина 3<4) -> деньги осели",1,0,52250.0,0.0,0.0002950374947683144,0.0,3,False,False,-0.0,-2.3505275505537014e-17,0.0,52250.0,0,False,
100000008708743100,terminal,0.598,1,0.151,"получил 15,550₸ от 1 за 1 перев., исходящих нет (глубина 3<4) -> деньги осели",1,0,15550.0,0.0,0.00028928585384545166,0.0,3,False,False,-0.0,-2.4499453220932993e-17,0.0,15550.0,0,False,
100000008745863100,terminal,0.646,1,0.1792,"получил 22,900₸ от 1 за 1 перев., исходящих нет (глубина 3<4) -> деньги осели",1,0,22900.0,0.0,0.0002904377492346353,0.0,3,False,False,-0.0,-2.5194866846264948e-17,0.0,22900.0,0,False,
100000005048668100,transit,0.732,3,0.5367,"pass_through=9.56, 16,668₸ -> 159,400₸; двусторонний поток",2,8,16668.0,159400.0,0.00028983991163194546,9.563234941204703,3,False,False,0.001607269050232827,0.003165241743009572,0.0006654963705465763,-142732.0,0,True,3.0
100000006522972100,terminal,0.548,4,0.2181,"получил 9,515₸ от 1 за 1 перев., исходящих нет (глубина 3<4) -> деньги осели",1,0,9515.0,0.0,0.000304663904565617,0.0,3,False,False,-0.0,0.00010694239102769282,0.0,9515.0,0,False,
100000008759857100,transit,0.469,18,0.4324,"pass_through=198.80, 5,000₸ -> 994,000₸; двусторонний поток",1,2,5000.0,994000.0,0.00028761570267189074,198.8,3,False,False,2.2373129511087538e-06,3.5591270874001096e-07,7.425046665186647e-06,-989000.0,0,False,4.0
100000005342513100,peripheral,0.2,1,0.4461,"удерживает средства: получил 235,000₸, отдал 30,000₸ (pass_through=0.13), in_deg=1",1,1,235000.0,30000.0,0.001103066240657019,0.1276595744680851,3,False,False,-1.0101592808311861e-19,1.9156842390159336e-19,0.0,205000.0,0,True,0.0
100000004750897100,terminal,0.557,16,0.3037,"получил 10,000₸ от 1 за 1 перев., исходящих нет (глубина 3<4) -> деньги осели",1,0,10000.0,0.0,0.0004925814598066286,0.0,3,False,False,-0.0,-3.51489190469712e-20,0.0,10000.0,0,False,
100000001140785100,terminal,0.902,10,0.358,"получил 215,000₸ от 2 за 2 перев., исходящих нет (глубина 3<4) -> деньги осели",2,0,215000.0,0.0,0.00031675353054066855,0.0,3,False,False,-0.0,7.528982871820323e-07,0.0,215000.0,0,False,
100000002821425100,terminal,0.922,12,0.3274,"получил 275,000₸ от 1 за 1 перев., исходящих нет (глубина 3<4) -> деньги осели",1,0,275000.0,0.0,0.00030000196010987376,0.0,3,False,False,-0.0,3.7941363435594514e-07,0.0,275000.0,0,False,
100000003221510100,transit,0.475,0,0.4079,"pass_through=5.00, 24,000₸ -> 120,000₸; двусторонний поток",1,2,24000.0,120000.0,0.00028820618337967266,5.0,3,False,False,2.312916515921838e-19,0.0029057816552164957,3.909906089698889e-05,-96000.0,0,False,
100000003031003100,consolidator,0.399,12,0.52,"получил от 3 плательщиков, 280,090₸; authority=0.0000; seed-плательщиков 0, циклы=False",3,0,280090.0,0.0,0.00031288784627266157,0.0,3,False,False,-0.0,6.190924671221777e-06,0.0,280090.0,0,False,
100000003060187100,terminal,0.819,17,0.3019,"получил 93,046₸ от 1 за 1 перев., исходящих нет (глубина 3<4) -> деньги осели",1,0,93046.0,0.0,0.00030282735105508483,0.0,3,False,False,-0.0,8.448073393743573e-05,0.0,93046.0,0,False,
100000008718811100,terminal,0.795,1,0.277,"получил 73,300₸ от 1 за 1 перев., исходящих нет (глубина 3<4) -> деньги осели",1,0,73300.0,0.0,0.000298336460474752,0.0,3,False,False,-0.0,-2.4811703510370778e-17,0.0,73300.0,0,False,
100000008043184100,terminal,0.758,15,0.2483,"получил 50,564₸ от 1 за 1 перев., исходящих нет (глубина 3<4) -> деньги осели",1,0,50564.0,0.0,0.00029484038862252445,0.0,3,False,False,-0.0,0.00023334462577839044,0.0,50564.0,0,False,
100000002530224100,terminal,0.844,7,0.2663,"получил 113,000₸ от 1 за 1 перев., исходящих нет (глубина 3<4) -> деньги осели",1,0,113000.0,0.0,0.0002926951733563119,0.0,3,False,False,-0.0,3.2207337193587434e-06,0.0,113000.0,0,False,
100000008754608100,terminal,0.575,1,0.1403,"получил 12,300₸ от 1 за 1 перев., исходящих нет (глубина 3<4) -> деньги осели",1,0,12300.0,0.0,0.000288776512346833,0.0,3,False,False,-0.0,-2.5588521726307264e-17,0.0,12300.0,0,False,
100000006989232100,terminal,0.644,0,0.1622,"получил 22,194₸ от 1 за 1 перев., исходящих нет (глубина 3<4) -> деньги осели",1,0,22194.0,0.0,0.00028882506475800423,0.0,3,False,False,-0.0,0.0011319384436486032,0.0,22194.0,0,False,
100000006532229100,terminal,0.837,10,0.3047,"получил 105,000₸ от 1 за 1 перев., исходящих нет (глубина 3<4) -> деньги осели",1,0,105000.0,0.0,0.0003019792874876219,0.0,3,False,False,-0.0,2.6125683863579306e-07,0.0,105000.0,0,False,
100000005661829100,transit,0.679,17,0.405,"pass_through=1.07: получил 37,790₸ -> отдал 40,362₸, оборот ~0д; цикл=False",1,2,37790.0,40362.0,0.0002933384099185034,1.0680603334215402,3,False,False,0.00011522832910020587,8.448073393743568e-05,2.267401255398294e-06,-2572.0,0,False,0.0
100000004553349100,terminal,0.539,4,0.2055,"получил 7,755₸ от 1 за 1 перев., исходящих нет (глубина 3<4) -> деньги осели",1,0,7755.0,0.0,0.000301368634481829,0.0,3,False,False,-0.0,0.00010694239102769282,0.0,7755.0,0,False,
100000002945626100,consolidator,0.396,7,0.5673,"получил от 3 плательщиков, 584,000₸; authority=0.0000; seed-плательщиков 0, циклы=False",3,0,584000.0,0.0,0.0003392656867946237,0.0,3,False,False,-0.0,4.852794454351142e-06,0.0,584000.0,0,False,
100000008775471100,terminal,0.972,18,0.4169,"получил 580,000₸ от 1 за 2 перев., исходящих нет (глубина 3<4) -> деньги осели",1,0,580000.0,0.0,0.00035996546736887387,0.0,3,False,False,-0.0,1.2902818407777985e-06,0.0,580000.0,0,False,
100000000404740100,terminal,0.35,26,0.3575,"вход 25,000₸ от 1; ОБРЕЗАН 4-м коленом — исход не наблюдаем, статус терминала не подтверждён",1,0,25000.0,0.0,0.0005604163568367289,0.0,4,False,True,-0.0,-4.966126424891884e-21,0.0,25000.0,0,False,
100000004268036100,terminal,0.35,19,0.136,"вход 5,500₸ от 1; ОБРЕЗАН 4-м коленом — исход не наблюдаем, статус терминала не подтверждён",1,0,5500.0,0.0,0.00028980469717605794,0.0,4,False,True,-0.0,3.687381946527302e-06,0.0,5500.0,0,False,
100000001256409100,terminal,0.35,3,0.3161,"вход 8,000₸ от 1; ОБРЕЗАН 4-м коленом — исход не наблюдаем, статус терминала не подтверждён",1,0,8000.0,0.0,0.000549553862116161,0.0,4,False,True,-0.0,-2.1213928415625377e-20,0.0,8000.0,0,False,
100000005360814100,terminal,0.35,3,0.3957,"вход 144,000₸ от 1; ОБРЕЗАН 4-м коленом — исход не наблюдаем, статус терминала не подтверждён",1,0,144000.0,0.0,0.00043559649267614533,0.0,4,False,True,-0.0,1.7212114691460138e-06,0.0,144000.0,0,False,
100000002369454100,terminal,0.35,3,0.3265,"вход 25,000₸ от 1; ОБРЕЗАН 4-м коленом — исход не наблюдаем, статус терминала не подтверждён",1,0,25000.0,0.0,0.00043076040376007304,0.0,4,False,True,-0.0,-3.864662017165711e-21,0.0,25000.0,0,False,
100000004272302100,terminal,0.35,48,0.1368,"вход 10,000₸ от 1; ОБРЕЗАН 4-м коленом — исход не наблюдаем, статус терминала не подтверждён",1,0,10000.0,0.0,0.00028902455702792127,0.0,4,False,True,-0.0,2.246452752864087e-19,0.0,10000.0,0,False,
100000008727982100,terminal,0.35,25,0.3481,"вход 30,000₸ от 1; ОБРЕЗАН 4-м коленом — исход не наблюдаем, статус терминала не подтверждён",1,0,30000.0,0.0,0.0005161702905370301,0.0,4,False,True,-0.0,3.260183399732745e-20,0.0,30000.0,0,False,
100000000600707100,terminal,0.35,36,0.4108,"вход 89,000₸ от 1; ОБРЕЗАН 4-м коленом — исход не наблюдаем, статус терминала не подтверждён",1,0,89000.0,0.0,0.0005726088761598881,0.0,4,False,True,-0.0,5.2249991170865155e-20,0.0,89000.0,0,False,
100000004500781100,terminal,0.35,14,0.4135,"вход 74,000₸ от 1; ОБРЕЗАН 4-м коленом — исход не наблюдаем, статус терминала не подтверждён",1,0,74000.0,0.0,0.0006837336338697892,0.0,4,False,True,-0.0,-5.9633742354767016e-21,0.0,74000.0,0,False,
100000008703533100,terminal,0.35,10,0.2715,"вход 75,000₸ от 1; ОБРЕЗАН 4-м коленом — исход не наблюдаем, статус терминала не подтверждён",1,0,75000.0,0.0,0.0002968487874783168,0.0,4,False,True,-0.0,4.916414485468557e-07,0.0,75000.0,0,False,
100000004549591100,terminal,0.35,40,0.3577,"вход 49,000₸ от 1; ОБРЕЗАН 4-м коленом — исход не наблюдаем, статус терминала не подтверждён",1,0,49000.0,0.0,0.00044625604853704994,0.0,4,False,True,-0.0,-4.46565956903406e-20,0.0,49000.0,0,False,
100000002700161100,terminal,0.35,52,0.3967,"вход 39,000₸ от 1; ОБРЕЗАН 4-м коленом — исход не наблюдаем, статус терминала не подтверждён",1,0,39000.0,0.0,0.0009064127928751024,0.0,4,False,True,-0.0,3.396555357632969e-20,0.0,39000.0,0,False,
100000003134550100,terminal,0.35,10,0.2952,"вход 100,000₸ от 1; ОБРЕЗАН 4-м коленом — исход не наблюдаем, статус терминала не подтверждён",1,0,100000.0,0.0,0.00030018209974604315,0.0,4,False,True,-0.0,4.916414485465009e-07,0.0,100000.0,0,False,
100000001957974100,terminal,0.35,14,0.3902,"вход 500,000₸ от 1; ОБРЕЗАН 4-м коленом — исход не наблюдаем, статус терминала не подтверждён",1,0,500000.0,0.0,0.0003215701793309761,0.0,4,False,True,-0.0,5.9204630723133224e-08,0.0,500000.0,0,False,
100000001246806100,terminal,0.35,7,0.4116,"вход 130,000₸ от 1; ОБРЕЗАН 4-м коленом — исход не наблюдаем, статус терминала не подтверждён",1,0,130000.0,0.0,0.0005353109341237872,0.0,4,False,True,-0.0,1.0305922792380338e-19,0.0,130000.0,0,False,
100000003622955100,terminal,0.35,9,0.3617,"вход 15,000₸ от 1; ОБРЕЗАН 4-м коленом — исход не наблюдаем, статус терминала не подтверждён",1,0,15000.0,0.0,0.0013392360951323822,0.0,4,False,True,-0.0,3.456125735417282e-21,0.0,15000.0,0,False,
100000003692843100,terminal,0.35,66,0.4506,"вход 510,000₸ от 1; ОБРЕЗАН 4-м коленом — исход не наблюдаем, статус терминала не подтверждён",1,0,510000.0,0.0,0.0005318067920204751,0.0,4,False,True,-0.0,9.851022781157981e-20,0.0,510000.0,0,False,
100000008629504100,terminal,0.35,0,0.2395,"вход 20,000₸ от 1; ОБРЕЗАН 4-м коленом — исход не наблюдаем, статус терминала не подтверждён",1,0,20000.0,0.0,0.0003033600318130667,0.0,4,False,True,-0.0,6.837939178163511e-06,0.0,20000.0,0,False,
100000005621418100,terminal,0.35,27,0.2704,"вход 30,000₸ от 1; ОБРЕЗАН 4-м коленом — исход не наблюдаем, статус терминала не подтверждён",1,0,30000.0,0.0,0.0003091915026361621,0.0,4,False,True,-0.0,4.033777495783407e-08,0.0,30000.0,0,False,
100000004167082100,terminal,0.35,13,0.29,"вход 13,300₸ от 1; ОБРЕЗАН 4-м коленом — исход не наблюдаем, статус терминала не подтверждён",1,0,13300.0,0.0,0.00038661659904842344,0.0,4,False,True,-0.0,1.0693503508846564e-19,0.0,13300.0,0,False,
100000004379306100,terminal,0.35,3,0.3237,"вход 15,000₸ от 1; ОБРЕЗАН 4-м коленом — исход не наблюдаем, статус терминала не подтверждён",1,0,15000.0,0.0,0.0005343806771430125,0.0,4,False,True,-0.0,5.547471175423217e-21,0.0,15000.0,0,False,
100000004856746100,terminal,0.35,34,0.2332,"вход 20,000₸ от 1; ОБРЕЗАН 4-м коленом — исход не наблюдаем, статус терминала не подтверждён",1,0,20000.0,0.0,0.00030138094588721753,0.0,4,False,True,-0.0,1.4683801421302413e-07,0.0,20000.0,0,False,
100000004891562100,terminal,0.35,19,0.3563,"вход 103,400₸ от 1; ОБРЕЗАН 4-м коленом — исход не наблюдаем, статус терминала не подтверждён",1,0,103400.0,0.0,0.0003424187648924353,0.0,4,False,True,-0.0,3.687381946527358e-06,0.0,103400.0,0,False,
100000007042175100,terminal,0.35,0,0.3859,"вход 60,000₸ от 1; ОБРЕЗАН 4-м коленом — исход не наблюдаем, статус терминала не подтверждён",1,0,60000.0,0.0,0.0005363434676045009,0.0,4,False,True,-0.0,1.1660733316303736e-21,0.0,60000.0,0,False,
100000002670463100,terminal,0.35,19,0.2617,"вход 31,500₸ от 1; ОБРЕЗАН 4-м коленом — исход не наблюдаем, статус терминала не подтверждён",1,0,31500.0,0.0,0.0003037777897258619,0.0,4,False,True,-0.0,3.6873819465272213e-06,0.0,31500.0,0,False,
100000005567828100,terminal,0.35,8,0.3365,"вход 94,000₸ от 1; ОБРЕЗАН 4-м коленом — исход не наблюдаем, статус терминала не подтверждён",1,0,94000.0,0.0,0.00032217896561944677,0.0,4,False,True,-0.0,2.758273971093631e-06,0.0,94000.0,0,False,
100000004200745100,terminal,0.35,11,0.4286,"вход 130,000₸ от 1; ОБРЕЗАН 4-м коленом — исход не наблюдаем, статус терминала не подтверждён",1,0,130000.0,0.0,0.0006035919445701507,0.0,4,False,True,-0.0,1.8744266298342923e-20,0.0,130000.0,0,False,
100000003989033100,terminal,0.35,9,0.4619,"вход 373,400₸ от 1; ОБРЕЗАН 4-м коленом — исход не наблюдаем, статус терминала не подтверждён",1,0,373400.0,0.0,0.0006015128764964374,0.0,4,False,True,-0.0,1.7254558177481644e-19,0.0,373400.0,0,False,
100000005146665100,terminal,0.35,58,0.1188,"вход 5,500₸ от 1; ОБРЕЗАН 4-м коленом — исход не наблюдаем, статус терминала не подтверждён",1,0,5500.0,0.0,0.00028773710725674335,0.0,4,False,True,-0.0,2.0078825495132378e-19,0.0,5500.0,0,False,
100000003096787100,terminal,0.35,8,0.1881,"вход 16,400₸ от 1; ОБРЕЗАН 4-м коленом — исход не наблюдаем, статус терминала не подтверждён",1,0,16400.0,0.0,0.00029301282817605984,0.0,4,False,True,-0.0,2.758273971093781e-06,0.0,16400.0,0,False,
100000003074515100,terminal,0.35,7,0.2997,"вход 105,000₸ от 1; ОБРЕЗАН 4-м коленом — исход не наблюдаем, статус терминала не подтверждён",1,0,105000.0,0.0,0.00030072144502382513,0.0,4,False,True,-0.0,1.2761480262522067e-06,0.0,105000.0,0,False,
100000004377043100,terminal,0.35,28,0.2674,"вход 5,700₸ от 1; ОБРЕЗАН 4-м коленом — исход не наблюдаем, статус терминала не подтверждён",1,0,5700.0,0.0,0.0003651438116408857,0.0,4,False,True,-0.0,-1.8553114318774625e-19,0.0,5700.0,0,False,
100000008680061100,terminal,0.35,4,0.2876,"вход 41,300₸ от 1; ОБРЕЗАН 4-м коленом — исход не наблюдаем, статус терминала не подтверждён",1,0,41300.0,0.0,0.00031206612655890594,0.0,4,False,True,-0.0,4.8374784901906024e-05,0.0,41300.0,0,False,
100000008471634100,terminal,0.35,26,0.3711,"вход 20,000₸ от 1; ОБРЕЗАН 4-м коленом — исход не наблюдаем, статус терминала не подтверждён",1,0,20000.0,0.0,0.0011291860489853213,0.0,4,False,True,-0.0,4.760952771520313e-21,0.0,20000.0,0,False,
100000002119762100,terminal,0.35,4,0.388,"вход 77,000₸ от 1; ОБРЕЗАН 4-м коленом — исход не наблюдаем, статус терминала не подтверждён",1,0,77000.0,0.0,0.0005318447623815342,0.0,4,False,True,-0.0,-6.747943589179334e-21,0.0,77000.0,0,False,
100000008628818100,terminal,0.35,8,0.2771,"вход 46,310₸ от 1; ОБРЕЗАН 4-м коленом — исход не наблюдаем, статус терминала не подтверждён",1,0,46310.0,0.0,0.0003042545700695096,0.0,4,False,True,-0.0,2.7582739710937446e-06,0.0,46310.0,0,False,
100000007510567100,terminal,0.35,8,0.2888,"вход 52,000₸ от 1; ОБРЕЗАН 4-м коленом — исход не наблюдаем, статус терминала не подтверждён",1,0,52000.0,0.0,0.0003063931695805002,0.0,4,False,True,-0.0,2.758273971093928e-06,0.0,52000.0,0,False,
100000004780327100,terminal,0.35,19,0.1793,"вход 12,000₸ от 1; ОБРЕЗАН 4-м коленом — исход не наблюдаем, статус терминала не подтверждён",1,0,12000.0,0.0,0.00029329797031350894,0.0,4,False,True,-0.0,3.6873819465273614e-06,0.0,12000.0,0,False,
100000008376785100,terminal,0.35,4,0.4302,"вход 234,250₸ от 1; ОБРЕЗАН 4-м коленом — исход не наблюдаем, статус терминала не подтверждён",1,0,234250.0,0.0,0.0005341353785529392,0.0,4,False,True,-0.0,1.9180686608092324e-20,0.0,234250.0,0,False,
100000005745873100,terminal,0.35,39,0.3601,"вход 223,000₸ от 1; ОБРЕЗАН 4-м коленом — исход не наблюдаем, статус терминала не подтверждён",1,0,223000.0,0.0,0.00031773198651832083,0.0,4,False,True,-0.0,-3.1902047133405297e-19,0.0,223000.0,0,False,
100000002594214100,terminal,0.35,41,0.4295,"вход 1,000,000₸ от 1; ОБРЕЗАН 4-м коленом — исход не наблюдаем, статус терминала не подтверждён",1,0,1000000.0,0.0,0.0003686849230295867,0.0,4,False,True,-0.0,-1.0210664915300477e-19,0.0,1000000.0,0,False,
100000001299323100,terminal,0.35,7,0.3031,"вход 109,000₸ от 1; ОБРЕЗАН 4-м коленом — исход не наблюдаем, статус терминала не подтверждён",1,0,109000.0,0.0,0.000301249924808537,0.0,4,False,True,-0.0,1.2761480262520835e-06,0.0,109000.0,0,False,
100000003838587100,terminal,0.35,14,0.3162,"вход 6,000₸ от 1; ОБРЕЗАН 4-м коленом — исход не наблюдаем, статус терминала не подтверждён",1,0,6000.0,0.0,0.0005574752276981332,0.0,4,False,True,-0.0,-8.949668368974066e-22,0.0,6000.0,0,False,
100000000673915100,terminal,0.35,37,0.1606,"вход 20,200₸ от 1; ОБРЕЗАН 4-м коленом — исход не наблюдаем, статус терминала не подтверждён",1,0,20200.0,0.0,0.0002888646217399607,0.0,4,False,True,-0.0,7.54290528079779e-20,0.0,20200.0,0,False,
100000003061115100,terminal,0.35,0,0.3716,"вход 45,000₸ от 1; ОБРЕЗАН 4-м коленом — исход не наблюдаем, статус терминала не подтверждён",1,0,45000.0,0.0,0.000536239983966694,0.0,4,False,True,-0.0,-1.1911862174091199e-21,0.0,45000.0,0,False,
100000004326224100,terminal,0.35,4,0.3863,"вход 60,000₸ от 1; ОБРЕЗАН 4-м коленом — исход не наблюдаем, статус терминала не подтверждён",1,0,60000.0,0.0,0.0005372173236725554,0.0,4,False,True,-0.0,7.962786026462701e-21,0.0,60000.0,0,False,
100000004988240100,terminal,0.35,0,0.3323,"вход 20,000₸ от 1; ОБРЕЗАН 4-м коленом — исход не наблюдаем, статус терминала не подтверждён",1,0,20000.0,0.0,0.0005322492062857252,0.0,4,False,True,-0.0,-5.667303364029551e-22,0.0,20000.0,0,False,
100000008525136100,terminal,0.35,0,0.1535,"вход 14,100₸ от 1; ОБРЕЗАН 4-м коленом — исход не наблюдаем, статус терминала не подтверждён",1,0,14100.0,0.0,0.00028981346532966205,0.0,4,False,True,-0.0,9.170991618779588e-05,0.0,14100.0,0,False,
100000001991973100,terminal,0.35,19,0.2243,"вход 20,800₸ от 1; ОБРЕЗАН 4-м коленом — исход не наблюдаем, статус терминала не подтверждён",1,0,20800.0,0.0,0.00029802732471498106,0.0,4,False,True,-0.0,3.6873819465273775e-06,0.0,20800.0,0,False,
100000004569637100,terminal,0.35,3,0.3147,"вход 5,500₸ от 1; ОБРЕЗАН 4-м коленом — исход не наблюдаем, статус терминала не подтверждён",1,0,5500.0,0.0,0.0005555676972790802,0.0,4,False,True,-0.0,1.479690981569843e-20,0.0,5500.0,0,False,
100000008675322100,terminal,0.35,37,0.3767,"вход 340,000₸ от 1; ОБРЕЗАН 4-м коленом — исход не наблюдаем, статус терминала не подтверждён",1,0,340000.0,0.0,0.00032077767057809604,0.0,4,False,True,-0.0,-1.8192603922675643e-19,0.0,340000.0,0,False,
100000004235471100,terminal,0.35,4,0.3781,"вход 180,000₸ от 1; ОБРЕЗАН 4-м коленом — исход не наблюдаем, статус терминала не подтверждён",1,0,180000.0,0.0,0.0003501606295614153,0.0,4,False,True,-0.0,1.7175304963108094e-19,0.0,180000.0,0,False,
100000003194831100,terminal,0.35,9,0.1593,"вход 6,265₸ от 1; ОБРЕЗАН 4-м коленом — исход не наблюдаем, статус терминала не подтверждён",1,0,6265.0,0.0,0.0002921283635882885,0.0,4,False,True,-0.0,1.3084087335363332e-19,0.0,6265.0,0,False,
100000008588665100,terminal,0.35,0,0.303,"вход 25,000₸ от 1; ОБРЕЗАН 4-м коленом — исход не наблюдаем, статус терминала не подтверждён",1,0,25000.0,0.0,0.00035404565739034343,0.0,4,False,True,-0.0,5.047307666236845e-07,0.0,25000.0,0,False,
100000003230329100,terminal,0.35,7,0.304,"вход 110,000₸ от 1; ОБРЕЗАН 4-м коленом — исход не наблюдаем, статус терминала не подтверждён",1,0,110000.0,0.0,0.000301382044754715,0.0,4,False,True,-0.0,1.2761480262521076e-06,0.0,110000.0,0,False,
100000002217806100,terminal,0.35,40,0.3672,"вход 55,000₸ от 1; ОБРЕЗАН 4-м коленом — исход не наблюдаем, статус терминала не подтверждён",1,0,55000.0,0.0,0.0004657752972548351,0.0,4,False,True,-0.0,-1.0661697102458378e-19,0.0,55000.0,0,False,
100000004041294100,terminal,0.35,26,0.2319,"вход 17,800₸ от 1; ОБРЕЗАН 4-м коленом — исход не наблюдаем, статус терминала не подтверждён",1,0,17800.0,0.0,0.0003021986967153913,0.0,4,False,True,-0.0,2.0657130112828067e-08,0.0,17800.0,0,False,
100000008583971100,terminal,0.35,0,0.3214,"вход 51,000₸ от 2; ОБРЕЗАН 4-м коленом — исход не наблюдаем, статус терминала не подтверждён",2,0,51000.0,0.0,0.00033118387912484256,0.0,4,False,True,-0.0,3.832291950971055e-05,0.0,51000.0,0,False,
100000008251939100,terminal,0.35,8,0.2727,"вход 44,360₸ от 1; ОБРЕЗАН 4-м коленом — исход не наблюдаем, статус терминала не подтверждён",1,0,44360.0,0.0,0.0003035216581105585,0.0,4,False,True,-0.0,2.758273971093822e-06,0.0,44360.0,0,False,
100000004049912100,terminal,0.35,17,0.2535,"вход 10,000₸ от 1; ОБРЕЗАН 4-м коленом — исход не наблюдаем, статус терминала не подтверждён",1,0,10000.0,0.0,0.0003260015807545357,0.0,4,False,True,-0.0,1.3153278836053021e-19,0.0,10000.0,0,False,
100000002227960100,terminal,0.35,21,0.2083,"вход 10,000₸ от 1; ОБРЕЗАН 4-м коленом — исход не наблюдаем, статус терминала не подтверждён",1,0,10000.0,0.0,0.0003007727149863169,0.0,4,False,True,-0.0,4.826475004520684e-20,0.0,10000.0,0,False,
100000008677368100,terminal,0.35,6,0.3224,"вход 13,500₸ от 1; ОБРЕЗАН 4-м коленом — исход не наблюдаем, статус терминала не подтверждён",1,0,13500.0,0.0,0.0005363664408357479,0.0,4,False,True,-0.0,-2.3241470450058083e-20,0.0,13500.0,0,False,
100000008631800100,terminal,0.35,19,0.1843,"вход 12,850₸ от 1; ОБРЕЗАН 4-м коленом — исход не наблюдаем, статус терминала не подтверждён",1,0,12850.0,0.0,0.0002937547829545602,0.0,4,False,True,-0.0,3.687381946527222e-06,0.0,12850.0,0,False,
100000003220685100,terminal,0.35,4,0.4714,"вход 1,306,000₸ от 1; ОБРЕЗАН 4-м коленом — исход не наблюдаем, статус терминала не подтверждён",1,0,1306000.0,0.0,0.0005399479209549977,0.0,4,False,True,-0.0,2.1514537895583204e-20,0.0,1306000.0,0,False,
100000003072205100,terminal,0.35,7,0.3531,"вход 163,000₸ от 2; ОБРЕЗАН 4-м коленом — исход не наблюдаем, статус терминала не подтверждён",2,0,163000.0,0.0,0.00032039743806798324,0.0,4,False,True,-0.0,3.6186688151490626e-07,0.0,163000.0,0,False,
100000001202637100,terminal,0.35,8,0.3217,"вход 10,000₸ от 1; ОБРЕЗАН 4-м коленом — исход не наблюдаем, статус терминала не подтверждён",1,0,10000.0,0.0,0.0005511624903345249,0.0,4,False,True,-0.0,-7.926931098734782e-21,0.0,10000.0,0,False,
100000002835874100,terminal,0.35,7,0.2528,"вход 58,700₸ от 1; ОБРЕЗАН 4-м коленом — исход не наблюдаем, статус терминала не подтверждён",1,0,58700.0,0.0,0.0002946042915157849,0.0,4,False,True,-0.0,1.2761480262526133e-06,0.0,58700.0,0,False,
100000002707106100,terminal,0.35,14,0.1394,"вход 15,000₸ от 1; ОБРЕЗАН 4-м коленом — исход не наблюдаем, статус терминала не подтверждён",1,0,15000.0,0.0,0.00028789049053481303,0.0,4,False,True,-0.0,5.920463072316418e-08,0.0,15000.0,0,False,
100000008343415100,terminal,0.35,3,0.385,"вход 100,000₸ от 1; ОБРЕЗАН 4-м коленом — исход не наблюдаем, статус терминала не подтверждён",1,0,100000.0,0.0,0.0004359003971259242,0.0,4,False,True,-0.0,1.2314635679119246e-19,0.0,100000.0,0,False,
100000004981068100,terminal,0.35,3,0.2815,"вход 10,000₸ от 1; ОБРЕЗАН 4-м коленом — исход не наблюдаем, статус терминала не подтверждён",1,0,10000.0,0.0,0.00038051846099242207,0.0,4,False,True,-0.0,6.342137432932043e-08,0.0,10000.0,0,False,
100000004241142100,terminal,0.35,0,0.3476,"вход 27,102₸ от 1; ОБРЕЗАН 4-м коленом — исход не наблюдаем, статус терминала не подтверждён",1,0,27102.0,0.0,0.0005324557913868457,0.0,4,False,True,-0.0,3.3654088527800083e-21,0.0,27102.0,0,False,
100000008190411100,terminal,0.35,53,0.4046,"вход 198,450₸ от 1; ОБРЕЗАН 4-м коленом — исход не наблюдаем, статус терминала не подтверждён",1,0,198450.0,0.0,0.0004260055351496249,0.0,4,False,True,-0.0,1.4075359187417947e-08,0.0,198450.0,0,False,
100000008699083100,terminal,0.35,12,0.3449,"вход 238,500₸ от 1; ОБРЕЗАН 4-м коленом — исход не наблюдаем, статус терминала не подтверждён",1,0,238500.0,0.0,0.0003077703221744275,0.0,4,False,True,-0.0,2.1191698076915834e-07,0.0,238500.0,0,False,
100000008136608100,terminal,0.35,8,0.4343,"вход 170,000₸ от 1; ОБРЕЗАН 4-м коленом — исход не наблюдаем, статус терминала не подтверждён",1,0,170000.0,0.0,0.0005668344012122363,0.0,4,False,True,-0.0,-4.524650826882477e-21,0.0,170000.0,0,False,
100000008695157100,terminal,0.35,3,0.4399,"вход 425,546₸ от 1; ОБРЕЗАН 4-м коленом — исход не наблюдаем, статус терминала не подтверждён",1,0,425546.0,0.0,0.0004996948511918668,0.0,4,False,True,-0.0,3.178452246256107e-09,0.0,425546.0,0,False,
100000000369781100,terminal,0.35,4,0.3022,"вход 5,000₸ от 1; ОБРЕЗАН 4-м коленом — исход не наблюдаем, статус терминала не подтверждён",1,0,5000.0,0.0,0.0005348085759658293,0.0,4,False,True,-0.0,-2.340969976793993e-21,0.0,5000.0,0,False,
100000003133045100,terminal,0.35,53,0.3342,"вход 68,000₸ от 1; ОБРЕЗАН 4-м коленом — исход не наблюдаем, статус терминала не подтверждён",1,0,68000.0,0.0,0.00033453166520910167,0.0,4,False,True,-0.0,1.4075359187691376e-08,0.0,68000.0,0,False,
100000002474570100,terminal,0.35,19,0.1457,"вход 6,750₸ от 1; ОБРЕЗАН 4-м коленом — исход не наблюдаем, статус терминала не подтверждён",1,0,6750.0,0.0,0.00029047648047172156,0.0,4,False,True,-0.0,3.68738194652703e-06,0.0,6750.0,0,False,
100000002514975100,terminal,0.35,27,0.33,"вход 17,920₸ от 1; ОБРЕЗАН 4-м коленом — исход не наблюдаем, статус терминала не подтверждён",1,0,17920.0,0.0,0.0005333676954602618,0.0,4,False,True,-0.0,5.432445859999191e-20,0.0,17920.0,0,False,
100000001089055100,terminal,0.35,15,0.2632,"вход 13,000₸ от 1; ОБРЕЗАН 4-м коленом — исход не наблюдаем, статус терминала не подтверждён",1,0,13000.0,0.0,0.0003307702046603971,0.0,4,False,True,-0.0,2.8374852442421873e-05,0.0,13000.0,0,False,
100000000608031100,terminal,0.35,15,0.3583,"вход 30,000₸ от 1; ОБРЕЗАН 4-м коленом — исход не наблюдаем, статус терминала не подтверждён",1,0,30000.0,0.0,0.0005409918613686222,0.0,4,False,True,-0.0,2.0211523615286046e-20,0.0,30000.0,0,False,
100000002659103100,terminal,0.35,47,0.376,"вход 165,000₸ от 1; ОБРЕЗАН 4-м коленом — исход не наблюдаем, статус терминала не подтверждён",1,0,165000.0,0.0,0.0003512730922885501,0.0,4,False,True,-0.0,7.66110944508665e-07,0.0,165000.0,0,False,
100000000733940100,terminal,0.35,31,0.4379,"вход 752,000₸ от 1; ОБРЕЗАН 4-м коленом — исход не наблюдаем, статус терминала не подтверждён",1,0,752000.0,0.0,0.00041298144740675247,0.0,4,False,True,-0.0,-3.1491752157401594e-19,0.0,752000.0,0,False,
100000001537524100,terminal,0.35,12,0.3073,"вход 150,000₸ от 1; ОБРЕЗАН 4-м коленом — исход не наблюдаем, статус терминала не подтверждён",1,0,150000.0,0.0,0.0003000070088507917,0.0,4,False,True,-0.0,2.1191698076888705e-07,0.0,150000.0,0,False,
100000002971593100,terminal,0.35,4,0.3714,"вход 49,050₸ от 1; ОБРЕЗАН 4-м коленом — исход не наблюдаем, статус терминала не подтверждён",1,0,49050.0,0.0,0.0005327033972220851,0.0,4,False,True,-0.0,1.6100344695418685e-21,0.0,49050.0,0,False,
100000006918814100,terminal,0.35,2,0.245,"вход 20,000₸ от 1; ОБРЕЗАН 4-м коленом — исход не наблюдаем, статус терминала не подтверждён",1,0,20000.0,0.0,0.000305687480683192,0.0,4,False,True,-0.0,5.07851808387751e-05,0.0,20000.0,0,False,
100000007381662100,terminal,0.35,0,0.2029,"вход 11,000₸ от 1; ОБРЕЗАН 4-м коленом — исход не наблюдаем, статус терминала не подтверждён",1,0,11000.0,0.0,0.0002981615168489848,0.0,4,False,True,-0.0,3.1484980331546984e-05,0.0,11000.0,0,False,
100000003199390100,terminal,0.35,4,0.402,"вход 260,000₸ от 1; ОБРЕЗАН 4-м коленом — исход не наблюдаем, статус терминала не подтверждён",1,0,260000.0,0.0,0.0003782991979553164,0.0,4,False,True,-0.0,-9.401915818155898e-20,0.0,260000.0,0,False,
100000007749747100,terminal,0.35,10,0.3596,"вход 50,000₸ от 1; ОБРЕЗАН 4-м коленом — исход не наблюдаем, статус терминала не подтверждён",1,0,50000.0,0.0,0.00044559075729108476,0.0,4,False,True,-0.0,1.0454329463135114e-19,0.0,50000.0,0,False,
100000003447411100,terminal,0.35,3,0.3511,"вход 302,000₸ от 1; ОБРЕЗАН 4-м коленом — исход не наблюдаем, статус терминала не подтверждён",1,0,302000.0,0.0,0.0003071836304022918,0.0,4,False,True,-0.0,0.00011365723689489899,0.0,302000.0,0,False,
100000000500040100,terminal,0.35,0,0.2481,"вход 20,000₸ от 1; ОБРЕЗАН 4-м коленом — исход не наблюдаем, статус терминала не подтверждён",1,0,20000.0,0.0,0.00030741733462758686,0.0,4,False,True,-0.0,3.148498033154769e-05,0.0,20000.0,0,False,
100000008551752100,terminal,0.35,39,0.3994,"вход 406,000₸ от 1; ОБРЕЗАН 4-м коленом — исход не наблюдаем, статус терминала не подтверждён",1,0,406000.0,0.0,0.00034307554642550687,0.0,4,False,True,-0.0,1.5928738736728782e-19,0.0,406000.0,0,False,
100000002876914100,terminal,0.35,19,0.1793,"вход 12,000₸ от 1; ОБРЕЗАН 4-м коленом — исход не наблюдаем, статус терминала не подтверждён",1,0,12000.0,0.0,0.00029329797031350894,0.0,4,False,True,-0.0,3.6873819465275795e-06,0.0,12000.0,0,False,
100000004571634100,terminal,0.35,9,0.3021,"вход 20,000₸ от 1; ОБРЕЗАН 4-м коленом — исход не наблюдаем, статус терминала не подтверждён",1,0,20000.0,0.0,0.0003758224388042653,0.0,4,False,True,-0.0,-1.3667701135382223e-19,0.0,20000.0,0,False,
100000004610802100,terminal,0.35,59,0.42,"вход 241,000₸ от 1; ОБРЕЗАН 4-м коленом — исход не наблюдаем, статус терминала не подтверждён",1,0,241000.0,0.0,0.00047602996658220684,0.0,4,False,True,-0.0,2.95367505252724e-20,0.0,241000.0,0,False,
100000001311175100,terminal,0.35,12,0.4376,"вход 300,000₸ от 1; ОБРЕЗАН 4-м коленом — исход не наблюдаем, статус терминала не подтверждён",1,0,300000.0,0.0,0.0005338359655927143,0.0,4,False,True,-0.0,4.5106064191690286e-20,0.0,300000.0,0,False,
100000008740295100,terminal,0.35,7,0.3792,"вход 300,000₸ от 1; ОБРЕЗАН 4-м коленом — исход не наблюдаем, статус терминала не подтверждён",1,0,300000.0,0.0,0.00032648483452853003,0.0,4,False,True,-0.0,1.2761480262521413e-06,0.0,300000.0,0,False,
100000002596039100,terminal,0.35,3,0.3457,"вход 280,000₸ от 1; ОБРЕЗАН 4-м коленом — исход не наблюдаем, статус терминала не подтверждён",1,0,280000.0,0.0,0.000305702288832764,0.0,4,False,True,-0.0,0.00011365723689489892,0.0,280000.0,0,False,
100000002126791100,terminal,0.35,7,0.482,"вход 1,313,000₸ от 1; ОБРЕЗАН 4-м коленом — исход не наблюдаем, статус терминала не подтверждён",1,0,1313000.0,0.0,0.0005742126611670555,0.0,4,False,True,-0.0,7.814746102814426e-21,0.0,1313000.0,0,False,
100000005783452100,terminal,0.35,12,0.3652,"вход 286,500₸ от 2; ОБРЕЗАН 4-м коленом — исход не наблюдаем, статус терминала не подтверждён",2,0,286500.0,0.0,0.00031582143692040446,0.0,4,False,True,-0.0,1.4880650070216065e-06,0.0,286500.0,0,False,
100000006693788100,terminal,0.35,0,0.3162,"вход 10,764₸ от 1; ОБРЕЗАН 4-м коленом — исход не наблюдаем, статус терминала не подтверждён",1,0,10764.0,0.0,0.0005344248644049857,0.0,4,False,True,-0.0,9.175162377207904e-21,0.0,10764.0,0,False,
100000002832753100,terminal,0.35,16,0.3457,"вход 12,500₸ от 1; ОБРЕЗАН 4-м коленом — исход не наблюдаем, статус терминала не подтверждён",1,0,12500.0,0.0,0.000758450753935698,0.0,4,False,True,-0.0,-2.704932536527439e-22,0.0,12500.0,0,False,
100000002981489100,terminal,0.35,4,0.1431,"вход 10,000₸ от 1; ОБРЕЗАН 4-м коленом — исход не наблюдаем, статус терминала не подтверждён",1,0,10000.0,0.0,0.00028962255478302644,0.0,4,False,True,-0.0,-1.9797651187787568e-19,0.0,10000.0,0,False,
100000003084870100,terminal,0.35,12,0.2599,"вход 6,500₸ от 1; ОБРЕЗАН 4-м коленом — исход не наблюдаем, статус терминала не подтверждён",1,0,6500.0,0.0,0.00034671115213335163,0.0,4,False,True,-0.0,-2.038695705772274e-19,0.0,6500.0,0,False,
100000002791494100,terminal,0.35,8,0.3286,"вход 85,860₸ от 1; ОБРЕЗАН 4-м коленом — исход не наблюдаем, статус терминала не подтверждён",1,0,85860.0,0.0,0.00031911952800618427,0.0,4,False,True,-0.0,2.7582739710937065e-06,0.0,85860.0,0,False,
100000003345947100,terminal,0.35,3,0.3832,"вход 79,500₸ от 1; ОБРЕЗАН 4-м коленом — исход не наблюдаем, статус терминала не подтверждён",1,0,79500.0,0.0,0.0004969301445873047,0.0,4,False,True,-0.0,-1.5158554360933158e-19,0.0,79500.0,0,False,
100000002733083100,terminal,0.35,8,0.1823,"вход 15,200₸ от 1; ОБРЕЗАН 4-м коленом — исход не наблюдаем, статус терминала не подтверждён",1,0,15200.0,0.0,0.00029256180543208994,0.0,4,False,True,-0.0,2.7582739710935824e-06,0.0,15200.0,0,False,
100000003247600100,terminal,0.35,2,0.4125,"вход 58,000₸ от 1; ОБРЕЗАН 4-м коленом — исход не наблюдаем, статус терминала не подтверждён",1,0,58000.0,0.0,0.0008447335511594911,0.0,4,False,True,-0.0,2.0574312933304956e-20,0.0,58000.0,0,False,
100000001378288100,terminal,0.35,3,0.4302,"вход 268,000₸ от 1; ОБРЕЗАН 4-м коленом — исход не наблюдаем, статус терминала не подтверждён",1,0,268000.0,0.0,0.0005257329101252627,0.0,4,False,True,-0.0,-1.7824718746702834e-19,0.0,268000.0,0,False,
100000002305477100,terminal,0.35,21,0.2615,"вход 20,000₸ от 1; ОБРЕЗАН 4-м коленом — исход не наблюдаем, статус терминала не подтверждён",1,0,20000.0,0.0,0.00031469657929749593,0.0,4,False,True,-0.0,-2.4101714901642766e-19,0.0,20000.0,0,False,
100000006638021100,terminal,0.35,46,0.4524,"вход 388,500₸ от 2; ОБРЕЗАН 4-м коленом — исход не наблюдаем, статус терминала не подтверждён",2,0,388500.0,0.0,0.0005468683892599269,0.0,4,False,True,-0.0,-2.578090718387484e-20,0.0,388500.0,0,False,
100000008517061100,terminal,0.35,14,0.4497,"вход 1,844,000₸ от 1; ОБРЕЗАН 4-м коленом — исход не наблюдаем, статус терминала не подтверждён",1,0,1844000.0,0.0,0.0004149011107578692,0.0,4,False,True,-0.0,5.920463072315659e-08,0.0,1844000.0,0,False,
100000005910895100,terminal,0.35,32,0.3204,"вход 5,100₸ от 1; ОБРЕЗАН 4-м коленом — исход не наблюдаем, статус терминала не подтверждён",1,0,5100.0,0.0,0.0006001928362077962,0.0,4,False,True,-0.0,1.6789961803567753e-20,0.0,5100.0,0,False,
100000002723439100,terminal,0.35,32,0.3422,"вход 18,000₸ от 1; ОБРЕЗАН 4-м коленом — исход не наблюдаем, статус терминала не подтверждён",1,0,18000.0,0.0,0.0005555216399681355,0.0,4,False,True,-0.0,5.894624989343421e-21,0.0,18000.0,0,False,
100000002320495100,terminal,0.35,15,0.3232,"вход 13,526₸ от 1; ОБРЕЗАН 4-м коленом — исход не наблюдаем, статус терминала не подтверждён",1,0,13526.27,0.0,0.000537761419963156,0.0,4,False,True,-0.0,-1.9999534378907577e-22,0.0,13526.27,0,False,
100000002229615100,terminal,0.35,21,0.3709,"вход 25,000₸ от 1; ОБРЕЗАН 4-м коленом — исход не наблюдаем, статус терминала не подтверждён",1,0,25000.0,0.0,0.0007215592341440234,0.0,4,False,True,-0.0,-2.0899559779247227e-21,0.0,25000.0,0,False,
100000008327791100,terminal,0.35,15,0.3198,"вход 11,000₸ от 1; ОБРЕЗАН 4-м коленом — исход не наблюдаем, статус терминала не подтверждён",1,0,11000.0,0.0,0.0005391167609136589,0.0,4,False,True,-0.0,4.7123789806059426e-21,0.0,11000.0,0,False,
100000002208836100,terminal,0.35,4,0.3417,"вход 90,000₸ от 1; ОБРЕЗАН 4-м коленом — исход не наблюдаем, статус терминала не подтверждён",1,0,90000.0,0.0,0.00033128471942352606,0.0,4,False,True,-0.0,-7.033321018034206e-20,0.0,90000.0,0,False,
100000001724740100,terminal,0.35,7,0.426,"вход 185,000₸ от 1; ОБРЕЗАН 4-м коленом — исход не наблюдаем, статус терминала не подтверждён",1,0,185000.0,0.0,0.0005388284571255885,0.0,4,False,True,-0.0,1.1640170797091012e-21,0.0,185000.0,0,False,
100000004386286100,terminal,0.35,11,0.3359,"вход 12,500₸ от 1; ОБРЕЗАН 4-м коленом — исход не наблюдаем, статус терминала не подтверждён",1,0,12500.0,0.0,0.000599821501654785,0.0,4,False,True,-0.0,-1.5275099824906224e-20,0.0,12500.0,0,False,
100000001714883100,terminal,0.35,19,0.1471,"вход 6,900₸ от 1; ОБРЕЗАН 4-м коленом — исход не наблюдаем, статус терминала не подтверждён",1,0,6900.0,0.0,0.00029055709446720125,0.0,4,False,True,-0.0,3.687381946527473e-06,0.0,6900.0,0,False,
100000008337304100,terminal,0.35,3,0.363,"вход 105,465₸ от 1; ОБРЕЗАН 4-м коленом — исход не наблюдаем, статус терминала не подтверждён",1,0,105465.0,0.0,0.00035583636466686024,0.0,4,False,True,-0.0,2.390558370126618e-19,0.0,105465.0,0,False,
100000000655469100,terminal,0.35,21,0.2895,"вход 20,000₸ от 1; ОБРЕЗАН 4-м коленом — исход не наблюдаем, статус терминала не подтверждён",1,0,20000.0,0.0,0.00034695930141472015,0.0,4,False,True,-0.0,1.1134582665872472e-20,0.0,20000.0,0,False,
100000008722541100,terminal,0.35,4,0.4055,"вход 280,000₸ от 1; ОБРЕЗАН 4-м коленом — исход не наблюдаем, статус терминала не подтверждён",1,0,280000.0,0.0,0.00038533384005379163,0.0,4,False,True,-0.0,1.0381091242046869e-19,0.0,280000.0,0,False,
100000004222274100,terminal,0.35,0,0.3323,"вход 15,500₸ от 1; ОБРЕЗАН 4-м коленом — исход не наблюдаем, статус терминала не подтверждён",1,0,15500.0,0.0,0.0005477979606695848,0.0,4,False,True,-0.0,-3.076683078716697e-21,0.0,15500.0,0,False,
100000006232642100,terminal,0.35,38,0.4309,"вход 456,000₸ от 1; ОБРЕЗАН 4-м коленом — исход не наблюдаем, статус терминала не подтверждён",1,0,456000.0,0.0,0.00042972241620991864,0.0,4,False,True,-0.0,1.2072356240566709e-06,0.0,456000.0,0,False,
100000004066370100,terminal,0.35,36,0.4025,"вход 65,000₸ от 1; ОБРЕЗАН 4-м коленом — исход не наблюдаем, статус терминала не подтверждён",1,0,65000.0,0.0,0.0005918735969790847,0.0,4,False,True,-0.0,7.802207975220116e-20,0.0,65000.0,0,False,
100000005685783100,terminal,0.35,1,0.3482,"вход 26,150₸ от 1; ОБРЕЗАН 4-м коленом — исход не наблюдаем, статус терминала не подтверждён",1,0,26150.0,0.0,0.0005343911435542352,0.0,4,False,True,-0.0,2.9846770786373914e-22,0.0,26150.0,0,False,
100000006171671100,terminal,0.35,0,0.309,"вход 10,000₸ от 1; ОБРЕЗАН 4-м коленом — исход не наблюдаем, статус терминала не подтверждён",1,0,10000.0,0.0,0.0005313843598046128,0.0,4,False,True,-0.0,-1.187653231305962e-21,0.0,10000.0,0,False,
100000003481025100,terminal,0.35,0,0.3084,"вход 9,000₸ от 1; ОБРЕЗАН 4-м коленом — исход не наблюдаем, статус терминала не подтверждён",1,0,9000.0,0.0,0.0005333521824501148,0.0,4,False,True,-0.0,-7.122809547975981e-21,0.0,9000.0,0,False,
100000003646145100,terminal,0.35,33,0.3236,"вход 5,000₸ от 1; ОБРЕЗАН 4-м коленом — исход не наблюдаем, статус терминала не подтверждён",1,0,5000.0,0.0,0.0006563483329568967,0.0,4,False,True,-0.0,1.5080209520244323e-19,0.0,5000.0,0,False,
100000002659265100,terminal,0.35,7,0.3489,"вход 141,000₸ от 1; ОБРЕЗАН 4-м коленом — исход не наблюдаем, статус терминала не подтверждён",1,0,141000.0,0.0,0.0003211249085404016,0.0,4,False,True,-0.0,3.090697526278758e-08,0.0,141000.0,0,False,
100000003289281100,terminal,0.35,0,0.3822,"вход 40,000₸ от 1; ОБРЕЗАН 4-м коленом — исход не наблюдаем, статус терминала не подтверждён",1,0,40000.0,0.0,0.0005996044729221805,0.0,4,False,True,-0.0,4.0797013940981326e-21,0.0,40000.0,0,False,
100000004840086100,terminal,0.35,0,0.4075,"вход 100,000₸ от 1; ОБРЕЗАН 4-м коленом — исход не наблюдаем, статус терминала не подтверждён",1,0,100000.0,0.0,0.0005415136966287564,0.0,4,False,True,-0.0,-1.1306932975730197e-20,0.0,100000.0,0,False,
100000008554390100,terminal,0.35,19,0.1896,"вход 14,000₸ от 1; ОБРЕЗАН 4-м коленом — исход не наблюдаем, статус терминала не подтверждён",1,0,14000.0,0.0,0.0002943728235865708,0.0,4,False,True,-0.0,3.6873819465274584e-06,0.0,14000.0,0,False,
100000004691350100,terminal,0.35,51,0.3518,"вход 13,300₸ от 1; ОБРЕЗАН 4-м коленом — исход не наблюдаем, статус терминала не подтверждён",1,0,13300.0,0.0,0.0008906882092165292,0.0,4,False,True,-0.0,7.479022192516576e-22,0.0,13300.0,0,False,
100000004652395100,consolidator,0.476,0,0.5134,"получил от 3 плательщиков, 101,528₸; authority=0.0002; seed-плательщиков 0, циклы=False",3,0,101528.0,0.0,0.00033719811399336605,0.0,4,False,True,-0.0,0.0001702215024435245,0.0,101528.0,0,False,
100000004979264100,terminal,0.35,10,0.3423,"вход 39,800₸ от 1; ОБРЕЗАН 4-м коленом — исход не наблюдаем, статус терминала не подтверждён",1,0,39800.0,0.0,0.0004132074083414316,0.0,4,False,True,-0.0,-4.802857791057686e-20,0.0,39800.0,0,False,
100000008074304100,terminal,0.35,4,0.2505,"вход 5,500₸ от 1; ОБРЕЗАН 4-м коленом — исход не наблюдаем, статус терминала не подтверждён",1,0,5500.0,0.0,0.00033389968251512316,0.0,4,False,True,-0.0,-1.7138311383476307e-21,0.0,5500.0,0,False,
100000002227989100,terminal,0.35,21,0.3092,"вход 20,000₸ от 1; ОБРЕЗАН 4-м коленом — исход не наблюдаем, статус терминала не подтверждён",1,0,20000.0,0.0,0.0003961933200599239,0.0,4,False,True,-0.0,-8.913357005150034e-20,0.0,20000.0,0,False,
100000003207060100,terminal,0.35,0,0.3595,"вход 53,000₸ от 1; ОБРЕЗАН 4-м коленом — исход не наблюдаем, статус терминала не подтверждён",1,0,53000.0,0.0,0.00042930608091137364,0.0,4,False,True,-0.0,5.047307666236837e-07,0.0,53000.0,0,False,
100000004601193100,terminal,0.35,9,0.4122,"вход 84,000₸ от 1; ОБРЕЗАН 4-м коленом — исход не наблюдаем, статус терминала не подтверждён",1,0,84000.0,0.0,0.0006060180971723406,0.0,4,False,True,-0.0,-2.02213340281706e-21,0.0,84000.0,0,False,
100000004991593100,terminal,0.35,3,0.3279,"вход 45,000₸ от 1; ОБРЕЗАН 4-м коленом — исход не наблюдаем, статус терминала не подтверждён",1,0,45000.0,0.0,0.00035646615481560413,0.0,4,False,True,-0.0,2.9952965938862683e-05,0.0,45000.0,0,False,
100000003128638100,terminal,0.35,7,0.3986,"вход 300,000₸ от 1; ОБРЕЗАН 4-м коленом — исход не наблюдаем, статус терминала не подтверждён",1,0,300000.0,0.0,0.00035977663336718836,0.0,4,False,True,-0.0,3.090697526260996e-08,0.0,300000.0,0,False,
100000005878334100,terminal,0.35,3,0.3662,"вход 76,400₸ от 1; ОБРЕЗАН 4-м коленом — исход не наблюдаем, статус терминала не подтверждён",1,0,76400.0,0.0,0.0004007242321635386,0.0,4,False,True,-0.0,-2.1170529639407027e-20,0.0,76400.0,0,False,
100000002878483100,terminal,0.35,19,0.1401,"вход 6,000₸ от 1; ОБРЕЗАН 4-м коленом — исход не наблюдаем, статус терминала не подтверждён",1,0,6000.0,0.0,0.0002900734104943234,0.0,4,False,True,-0.0,3.6873819465276016e-06,0.0,6000.0,0,False,
100000000981693100,terminal,0.35,0,0.3243,"вход 16,500₸ от 1; ОБРЕЗАН 4-м коленом — исход не наблюдаем, статус терминала не подтверждён",1,0,16500.0,0.0,0.0005314002435612227,0.0,4,False,True,-0.0,-1.3104878814993985e-20,0.0,16500.0,0,False,
100000006416061100,terminal,0.35,3,0.3367,"вход 30,000₸ от 1; ОБРЕЗАН 4-м коленом — исход не наблюдаем, статус терминала не подтверждён",1,0,30000.0,0.0,0.000436767503806739,0.0,4,False,True,-0.0,1.146873063968564e-21,0.0,30000.0,0,False,
100000008168850100,terminal,0.35,4,0.4244,"вход 187,910₸ от 1; ОБРЕЗАН 4-м коленом — исход не наблюдаем, статус терминала не подтверждён",1,0,187910.0,0.0,0.0005354125286335136,0.0,4,False,True,-0.0,1.807616083177401e-20,0.0,187910.0,0,False,
100000004747154100,terminal,0.35,53,0.3335,"вход 67,000₸ от 1; ОБРЕЗАН 4-м коленом — исход не наблюдаем, статус терминала не подтверждён",1,0,67000.0,0.0,0.0003338304473483081,0.0,4,False,True,-0.0,1.4075359187440717e-08,0.0,67000.0,0,False,
100000008524903100,terminal,0.35,0,0.2694,"вход 15,000₸ от 1; ОБРЕЗАН 4-м коленом — исход не наблюдаем, статус терминала не подтверждён",1,0,15000.0,0.0,0.00033324977520123565,0.0,4,False,True,-0.0,-1.8587367189604655e-21,0.0,15000.0,0,False,
100000005049404100,terminal,0.35,4,0.3261,"вход 98,000₸ от 1; ОБРЕЗАН 4-м коленом — исход не наблюдаем, статус терминала не подтверждён",1,0,98000.0,0.0,0.000314031150932446,0.0,4,False,True,-0.0,7.730828301417799e-20,0.0,98000.0,0,False,
100000002258492100,terminal,0.35,20,0.3152,"вход 9,000₸ от 1; ОБРЕЗАН 4-м коленом — исход не наблюдаем, статус терминала не подтверждён",1,0,9000.0,0.0,0.0005424888658158641,0.0,4,False,True,-0.0,-1.5750548056268652e-21,0.0,9000.0,0,False,
100000005497148100,terminal,0.35,4,0.3339,"вход 24,000₸ от 1; ОБРЕЗАН 4-м коленом — исход не наблюдаем, статус терминала не подтверждён",1,0,24000.0,0.0,0.0004921615714314372,0.0,4,False,True,-0.0,3.92416144573144e-20,0.0,24000.0,0,False,
100000004596284100,terminal,0.35,5,0.3706,"вход 30,000₸ от 1; ОБРЕЗАН 4-м коленом — исход не наблюдаем, статус терминала не подтверждён",1,0,30000.0,0.0,0.0005940440593264003,0.0,4,False,True,-0.0,-1.8760808282895194e-20,0.0,30000.0,0,False,
100000007960337100,terminal,0.35,3,0.2672,"вход 35,500₸ от 1; ОБРЕЗАН 4-м коленом — исход не наблюдаем, статус терминала не подтверждён",1,0,35500.0,0.0,0.0003041206765598872,0.0,4,False,True,-0.0,3.2868171718954268e-21,0.0,35500.0,0,False,
100000003180305100,terminal,0.35,0,0.409,"вход 144,000₸ от 1; ОБРЕЗАН 4-м коленом — исход не наблюдаем, статус терминала не подтверждён",1,0,144000.0,0.0,0.0005303510430199019,0.0,4,False,True,-0.0,-5.067892858270045e-20,0.0,144000.0,0,False,
100000007653094100,terminal,0.35,13,0.3418,"вход 16,000₸ от 1; ОБРЕЗАН 4-м коленом — исход не наблюдаем, статус терминала не подтверждён",1,0,16000.0,0.0,0.0005779124016807724,0.0,4,False,True,-0.0,7.271540072384522e-20,0.0,16000.0,0,False,
100000008175078100,terminal,0.35,37,0.4587,"вход 1,846,711₸ от 1; ОБРЕЗАН 4-м коленом — исход не наблюдаем, статус терминала не подтверждён",1,0,1846711.0,0.0,0.0004711333357687021,0.0,4,False,True,-0.0,4.090839737522329e-20,0.0,1846711.0,0,False,
100000004263867100,terminal,0.35,19,0.1597,"вход 9,000₸ от 1; ОБРЕЗАН 4-м коленом — исход не наблюдаем, статус терминала не подтверждён",1,0,9000.0,0.0,0.0002916856904039162,0.0,4,False,True,-0.0,3.687381946527414e-06,0.0,9000.0,0,False,
100000002194320100,terminal,0.35,60,0.4256,"вход 275,000₸ от 1; ОБРЕЗАН 4-м коленом — исход не наблюдаем, статус терминала не подтверждён",1,0,275000.0,0.0,0.0004886763093074291,0.0,4,False,True,-0.0,1.0588473868896977e-19,0.0,275000.0,0,False,
100000001222245100,terminal,0.35,4,0.457,"вход 420,000₸ от 1; ОБРЕЗАН 4-м коленом — исход не наблюдаем, статус терминала не подтверждён",1,0,420000.0,0.0,0.0005515537557199473,0.0,4,False,True,-0.0,5.453311624634537e-21,0.0,420000.0,0,False,
100000008151098100,terminal,0.35,27,0.2725,"вход 30,000₸ от 1; ОБРЕЗАН 4-м коленом — исход не наблюдаем, статус терминала не подтверждён",1,0,30000.0,0.0,0.00031072300648598666,0.0,4,False,True,-0.0,1.2838387432024991e-19,0.0,30000.0,0,False,
100000008735802100,terminal,0.35,0,0.3887,"вход 85,000₸ от 1; ОБРЕЗАН 4-м коленом — исход не наблюдаем, статус терминала не подтверждён",1,0,85000.0,0.0,0.0005109348907519574,0.0,4,False,True,-0.0,-3.21724296214128e-19,0.0,85000.0,0,False,
100000004047887100,terminal,0.35,41,0.1797,"вход 30,000₸ от 1; ОБРЕЗАН 4-м коленом — исход не наблюдаем, статус терминала не подтверждён",1,0,30000.0,0.0,0.00028930393284577136,0.0,4,False,True,-0.0,1.2862716220602046e-19,0.0,30000.0,0,False,
100000003146511100,terminal,0.35,13,0.236,"вход 10,000₸ от 1; ОБРЕЗАН 4-м коленом — исход не наблюдаем, статус терминала не подтверждён",1,0,10000.0,0.0,0.0003132048427883544,0.0,4,False,True,-0.0,5.544894092472631e-19,0.0,10000.0,0,False,
100000007511780100,terminal,0.35,0,0.4297,"вход 155,000₸ от 1; ОБРЕЗАН 4-м коленом — исход не наблюдаем, статус терминала не подтверждён",1,0,155000.0,0.0,0.0005605373030244081,0.0,4,False,True,-0.0,1.915642917844974e-06,0.0,155000.0,0,False,
100000007867364100,terminal,0.35,17,0.3516,"вход 41,852₸ от 1; ОБРЕЗАН 4-м коленом — исход не наблюдаем, статус терминала не подтверждён",1,0,41852.0,0.0,0.0004507108566034336,0.0,4,False,True,-0.0,6.410090562789443e-20,0.0,41852.0,0,False,
100000006288612100,terminal,0.35,11,0.245,"вход 30,805₸ от 1; ОБРЕЗАН 4-м коленом — исход не наблюдаем, статус терминала не подтверждён",1,0,30805.0,0.0,0.0002989549226377444,0.0,4,False,True,-0.0,2.369785447943408e-06,0.0,30805.0,0,False,
100000006735545100,terminal,0.35,3,0.1714,"вход 5,000₸ от 1; ОБРЕЗАН 4-м коленом — исход не наблюдаем, статус терминала не подтверждён",1,0,5000.0,0.0,0.00029458410669074524,0.0,4,False,True,-0.0,2.995296593886237e-05,0.0,5000.0,0,False,
100000004403641100,terminal,0.35,12,0.3207,"вход 171,500₸ от 1; ОБРЕЗАН 4-м коленом — исход не наблюдаем, статус терминала не подтверждён",1,0,171500.0,0.0,0.0003018930115226354,0.0,4,False,True,-0.0,2.1191698076926223e-07,0.0,171500.0,0,False,
100000003370425100,terminal,0.35,13,0.3567,"вход 20,000₸ от 1; ОБРЕЗАН 4-м коленом — исход не наблюдаем, статус терминала не подтверждён",1,0,20000.0,0.0,0.000650678289432181,0.0,4,False,True,-0.0,1.6431770625919716e-19,0.0,20000.0,0,False,
100000004350094100,terminal,0.35,17,0.3679,"вход 20,000₸ от 1; ОБРЕЗАН 4-м коленом — исход не наблюдаем, статус терминала не подтверждён",1,0,20000.0,0.0,0.0008971220687046565,0.0,4,False,True,-0.0,1.6561701280232027e-06,0.0,20000.0,0,False,
100000004911971100,terminal,0.35,37,0.1985,"вход 35,000₸ от 1; ОБРЕЗАН 4-м коленом — исход не наблюдаем, статус терминала не подтверждён",1,0,35000.0,0.0,0.0002903415233122071,0.0,4,False,True,-0.0,1.2109523672997202e-19,0.0,35000.0,0,False,
100000001202787100,terminal,0.35,0,0.2795,"вход 14,850₸ от 2; ОБРЕЗАН 4-м коленом — исход не наблюдаем, статус терминала не подтверждён",2,0,14850.0,0.0,0.0003527032901298635,0.0,4,False,True,-0.0,1.26581846251115e-05,0.0,14850.0,0,False,
100000008469048100,terminal,0.35,0,0.4498,"вход 265,200₸ от 1; ОБРЕЗАН 4-м коленом — исход не наблюдаем, статус терминала не подтверждён",1,0,265200.0,0.0,0.0005813053382470204,0.0,4,False,True,-0.0,-4.068210355813683e-21,0.0,265200.0,0,False,
100000002635746100,terminal,0.35,19,0.1345,"вход 5,300₸ от 1; ОБРЕЗАН 4-м коленом — исход не наблюдаем, статус терминала не подтверждён",1,0,5300.0,0.0,0.00028969721184875176,0.0,4,False,True,-0.0,3.687381946527561e-06,0.0,5300.0,0,False,
100000008321975100,terminal,0.35,21,0.2123,"вход 5,900₸ от 1; ОБРЕЗАН 4-м коленом — исход не наблюдаем, статус терминала не подтверждён",1,0,5900.0,0.0,0.0003045814336433146,0.0,4,False,True,-0.0,-1.1829765989182677e-19,0.0,5900.0,0,False,
100000003078839100,terminal,0.35,3,0.2503,"вход 14,000₸ от 1; ОБРЕЗАН 4-м коленом — исход не наблюдаем, статус терминала не подтверждён",1,0,14000.0,0.0,0.0003161959204865907,0.0,4,False,True,-0.0,-3.2716922388009875e-21,0.0,14000.0,0,False,
100000004006327100,terminal,0.35,10,0.4494,"вход 300,000₸ от 1; ОБРЕЗАН 4-м коленом — исход не наблюдаем, статус терминала не подтверждён",1,0,300000.0,0.0,0.0005574958046554634,0.0,4,False,True,-0.0,-6.6802953660211935e-21,0.0,300000.0,0,False,
100000007865484100,terminal,0.35,39,0.4207,"вход 584,600₸ от 1; ОБРЕЗАН 4-м коленом — исход не наблюдаем, статус терминала не подтверждён",1,0,584600.0,0.0,0.0003678097529797332,0.0,4,False,True,-0.0,-6.300610797649485e-20,0.0,584600.0,0,False,
100000005367180100,terminal,0.35,3,0.3356,"вход 7,700₸ от 1; ОБРЕЗАН 4-м коленом — исход не наблюдаем, статус терминала не подтверждён",1,0,7700.0,0.0,0.0007861065673620728,0.0,4,False,True,-0.0,-8.740993213942947e-21,0.0,7700.0,0,False,
100000001669260100,terminal,0.35,3,0.4663,"вход 500,000₸ от 1; ОБРЕЗАН 4-м коленом — исход не наблюдаем, статус терминала не подтверждён",1,0,500000.0,0.0,0.0005625548425347714,0.0,4,False,True,-0.0,-6.820406777636857e-21,0.0,500000.0,0,False,
100000001297206100,terminal,0.35,0,0.1979,"вход 6,758₸ от 1; ОБРЕЗАН 4-м коленом — исход не наблюдаем, статус терминала не подтверждён",1,0,6758.0,0.0,0.00029984528329712786,0.0,4,False,True,-0.0,1.8217199046564425e-06,0.0,6758.0,0,False,
100000002645046100,terminal,0.35,19,0.1793,"вход 12,000₸ от 1; ОБРЕЗАН 4-м коленом — исход не наблюдаем, статус терминала не подтверждён",1,0,12000.0,0.0,0.00029329797031350894,0.0,4,False,True,-0.0,3.68738194652795e-06,0.0,12000.0,0,False,
100000006308406100,terminal,0.35,21,0.4276,"вход 183,000₸ от 1; ОБРЕЗАН 4-м коленом — исход не наблюдаем, статус терминала не подтверждён",1,0,183000.0,0.0,0.000541655567569714,0.0,4,False,True,-0.0,9.872819771345127e-20,0.0,183000.0,0,False,
100000002728246100,terminal,0.35,4,0.3173,"вход 10,000₸ от 1; ОБРЕЗАН 4-м коленом — исход не наблюдаем, статус терминала не подтверждён",1,0,10000.0,0.0,0.0005409922702021904,0.0,4,False,True,-0.0,3.239714119744837e-20,0.0,10000.0,0,False,
100000001590795100,terminal,0.35,19,0.1323,"вход 5,060₸ от 1; ОБРЕЗАН 4-м коленом — исход не наблюдаем, статус терминала не подтверждён",1,0,5060.0,0.0,0.00028956822945598435,0.0,4,False,True,-0.0,3.687381946527543e-06,0.0,5060.0,0,False,
100000006257675100,terminal,0.35,21,0.3576,"вход 70,000₸ от 1; ОБРЕЗАН 4-м коленом — исход не наблюдаем, статус терминала не подтверждён",1,0,70000.0,0.0,0.00038431590085339105,0.0,4,False,True,-0.0,2.4849701107048958e-20,0.0,70000.0,0,False,
100000002130400100,terminal,0.35,36,0.2453,"вход 10,000₸ от 1; ОБРЕЗАН 4-м коленом — исход не наблюдаем, статус терминала не подтверждён",1,0,10000.0,0.0,0.00031895671870713223,0.0,4,False,True,-0.0,-8.666960343814373e-20,0.0,10000.0,0,False,
100000000557536100,terminal,0.35,37,0.3173,"вход 153,000₸ от 1; ОБРЕЗАН 4-м коленом — исход не наблюдаем, статус терминала не подтверждён",1,0,153000.0,0.0,0.00030211681963146904,0.0,4,False,True,-0.0,-5.018267330307844e-20,0.0,153000.0,0,False,
100000002689717100,terminal,0.35,8,0.2806,"вход 47,500₸ от 1; ОБРЕЗАН 4-м коленом — исход не наблюдаем, статус терминала не подтверждён",1,0,47500.0,0.0,0.0003047018342906131,0.0,4,False,True,-0.0,2.7582739710939872e-06,0.0,47500.0,0,False,
100000005189258100,terminal,0.35,4,0.3061,"вход 50,000₸ от 1; ОБРЕЗАН 4-м коленом — исход не наблюдаем, статус терминала не подтверждён",1,0,50000.0,0.0,0.00031737824036492967,0.0,4,False,True,-0.0,4.837478490190637e-05,0.0,50000.0,0,False,
100000002748511100,terminal,0.35,5,0.3491,"вход 20,000₸ от 1; ОБРЕЗАН 4-м коленом — исход не наблюдаем, статус терминала не подтверждён",1,0,20000.0,0.0,0.0005698407341831297,0.0,4,False,True,-0.0,2.1155339109745598e-08,0.0,20000.0,0,False,
100000002371892100,terminal,0.35,66,0.2815,"вход 43,830₸ от 1; ОБРЕЗАН 4-м коленом — исход не наблюдаем, статус терминала не подтверждён",1,0,43830.0,0.0,0.0003079008243401695,0.0,4,False,True,-0.0,-8.543167989582592e-20,0.0,43830.0,0,False,
100000008130868100,terminal,0.35,12,0.3253,"вход 22,782₸ от 1; ОБРЕЗАН 4-м коленом — исход не наблюдаем, статус терминала не подтверждён",1,0,22782.0,0.0,0.00045359052102125617,0.0,4,False,True,-0.0,-2.2025408572725664e-19,0.0,22782.0,0,False,
100000007153161100,terminal,0.35,0,0.3677,"вход 44,997₸ от 1; ОБРЕЗАН 4-м коленом — исход не наблюдаем, статус терминала не подтверждён",1,0,44997.0,0.0,0.0005332711575594884,0.0,4,False,True,-0.0,-4.69328083182577e-22,0.0,44997.0,0,False,
100000002994441100,terminal,0.35,3,0.3124,"вход 5,000₸ от 1; ОБРЕЗАН 4-м коленом — исход не наблюдаем, статус терминала не подтверждён",1,0,5000.0,0.0,0.0005556781124537371,0.0,4,False,True,-0.0,2.988204014413577e-20,0.0,5000.0,0,False,
100000001065481100,terminal,0.35,13,0.309,"вход 16,000₸ от 1; ОБРЕЗАН 4-м коленом — исход не наблюдаем, статус терминала не подтверждён",1,0,16000.0,0.0,0.00043416376262416347,0.0,4,False,True,-0.0,4.1530931344809e-06,0.0,16000.0,0,False,
100000007731977100,terminal,0.35,0,0.3242,"вход 50,000₸ от 1; ОБРЕЗАН 4-м коленом — исход не наблюдаем, статус терминала не подтверждён",1,0,50000.0,0.0,0.0003382700605562604,0.0,4,False,True,-0.0,3.148498033154734e-05,0.0,50000.0,0,False,
100000003252446100,terminal,0.35,10,0.3032,"вход 108,600₸ от 1; ОБРЕЗАН 4-м коленом — исход не наблюдаем, статус терминала не подтверждён",1,0,108600.0,0.0,0.000301328759166141,0.0,4,False,True,-0.0,4.916414485470127e-07,0.0,108600.0,0,False,
100000002671326100,terminal,0.35,10,0.4859,"вход 1,050,000₸ от 1; ОБРЕЗАН 4-м коленом — исход не наблюдаем, статус терминала не подтверждён",1,0,1050000.0,0.0,0.0006321600024575433,0.0,4,False,True,-0.0,-2.2324146339275705e-20,0.0,1050000.0,0,False,
100000005087923100,terminal,0.35,25,0.3211,"вход 20,000₸ от 1; ОБРЕЗАН 4-м коленом — исход не наблюдаем, статус терминала не подтверждён",1,0,20000.0,0.0,0.00046257200146125225,0.0,4,False,True,-0.0,3.6779636272640873e-19,0.0,20000.0,0,False,
100000008770483100,terminal,0.35,46,0.1388,"вход 5,000₸ от 1; ОБРЕЗАН 4-м коленом — исход не наблюдаем, статус терминала не подтверждён",1,0,5000.0,0.0,0.0002901857658399033,0.0,4,False,True,-0.0,9.13344979961682e-20,0.0,5000.0,0,False,
100000002748040100,terminal,0.35,8,0.196,"вход 18,000₸ от 1; ОБРЕЗАН 4-м коленом — исход не наблюдаем, статус терминала не подтверждён",1,0,18000.0,0.0,0.00029361419183468636,0.0,4,False,True,-0.0,2.7582739710939208e-06,0.0,18000.0,0,False,
100000004800648100,terminal,0.35,11,0.3598,"вход 131,000₸ от 1; ОБРЕЗАН 4-м коленом — исход не наблюдаем, статус терминала не подтверждён",1,0,131000.0,0.0,0.0003383306045170939,0.0,4,False,True,-0.0,2.369785447943118e-06,0.0,131000.0,0,False,
100000005025629100,terminal,0.35,4,0.2312,"вход 5,227₸ от 1; ОБРЕЗАН 4-м коленом — исход не наблюдаем, статус терминала не подтверждён",1,0,5227.0,0.0,0.00031555192888998263,0.0,4,False,True,-0.0,1.0823443818855771e-05,0.0,5227.0,0,False,
100000000581682100,terminal,0.35,28,0.1554,"вход 5,000₸ от 1; ОБРЕЗАН 4-м коленом — исход не наблюдаем, статус терминала не подтверждён",1,0,5000.0,0.0,0.00029216224557313057,0.0,4,False,True,-0.0,3.038680570423237e-11,0.0,5000.0,0,False,
100000004976946100,terminal,0.35,39,0.3685,"вход 246,000₸ от 1; ОБРЕЗАН 4-м коленом — исход не наблюдаем, статус терминала не подтверждён",1,0,246000.0,0.0,0.0003209172426815191,0.0,4,False,True,-0.0,-2.397863824785139e-21,0.0,246000.0,0,False,
100000000957746100,terminal,0.35,15,0.2589,"вход 5,300₸ от 1; ОБРЕЗАН 4-м коленом — исход не наблюдаем, статус терминала не подтверждён",1,0,5300.0,0.0,0.00034884439029508294,0.0,4,False,True,-0.0,2.7116244905910166e-20,0.0,5300.0,0,False,
100000003001138100,terminal,0.35,28,0.2861,"вход 30,000₸ от 1; ОБРЕЗАН 4-м коленом — исход не наблюдаем, статус терминала не подтверждён",1,0,30000.0,0.0,0.0003187292200630942,0.0,4,False,True,-0.0,3.038680613083002e-11,0.0,30000.0,0,False,
100000001325618100,terminal,0.35,19,0.1621,"вход 9,300₸ от 1; ОБРЕЗАН 4-м коленом — исход не наблюдаем, статус терминала не подтверждён",1,0,9300.0,0.0,0.00029184691839487546,0.0,4,False,True,-0.0,3.68738194652751e-06,0.0,9300.0,0,False,
100000003792647100,terminal,0.35,4,0.2838,"вход 8,000₸ от 1; ОБРЕЗАН 4-м коленом — исход не наблюдаем, статус терминала не подтверждён",1,0,8000.0,0.0,0.00040201261833181846,0.0,4,False,True,-0.0,-2.6160389900961577e-19,0.0,8000.0,0,False,
100000004107228100,terminal,0.35,2,0.1359,"вход 5,000₸ от 1; ОБРЕЗАН 4-м коленом — исход не наблюдаем, статус терминала не подтверждён",1,0,5000.0,0.0,0.0002900012575427844,0.0,4,False,True,-0.0,1.198735881053166e-05,0.0,5000.0,0,False,
100000003500764100,terminal,0.35,15,0.3359,"вход 21,000₸ от 1; ОБРЕЗАН 4-м коленом — исход не наблюдаем, статус терминала не подтверждён",1,0,21000.0,0.0,0.0005324915548296372,0.0,4,False,True,-0.0,-1.22884391951346e-20,0.0,21000.0,0,False,
100000004261340100,terminal,0.35,0,0.3286,"вход 48,500₸ от 1; ОБРЕЗАН 4-м коленом — исход не наблюдаем, статус терминала не подтверждён",1,0,48500.0,0.0,0.00034892592172265944,0.0,4,False,True,-0.0,2.0701759866172036e-05,0.0,48500.0,0,False,
100000008172721100,terminal,0.35,3,0.3945,"вход 168,335₸ от 1; ОБРЕЗАН 4-м коленом — исход не наблюдаем, статус терминала не подтверждён",1,0,168335.0,0.0,0.00039696133508035846,0.0,4,False,True,-0.0,-7.519372004928183e-20,0.0,168335.0,0,False,
100000005079473100,terminal,0.35,3,0.3055,"вход 39,312₸ от 1; ОБРЕЗАН 4-м коленом — исход не наблюдаем, статус терминала не подтверждён",1,0,39312.0,0.0,0.0003274569569414129,0.0,4,False,True,-0.0,1.7212114691460576e-06,0.0,39312.0,0,False,
100000004850609100,terminal,0.35,0,0.2382,"вход 10,000₸ от 1; ОБРЕЗАН 4-м коленом — исход не наблюдаем, статус терминала не подтверждён",1,0,10000.0,0.0,0.00031442591282254554,0.0,4,False,True,-0.0,5.553943663914008e-06,0.0,10000.0,0,False,
100000005042822100,terminal,0.35,31,0.4499,"вход 1,000,000₸ от 1; ОБРЕЗАН 4-м коленом — исход не наблюдаем, статус терминала не подтверждён",1,0,1000000.0,0.0,0.0004545783676054764,0.0,4,False,True,-0.0,6.8541510453554e-20,0.0,1000000.0,0,False,
100000002794374100,terminal,0.35,46,0.3697,"вход 111,000₸ от 1; ОБРЕЗАН 4-м коленом — исход не наблюдаем, статус терминала не подтверждён",1,0,111000.0,0.0,0.00036537574902799667,0.0,4,False,True,-0.0,3.1827575946634125e-21,0.0,111000.0,0,False,
100000002860934100,terminal,0.35,28,0.4513,"вход 279,500₸ от 1; ОБРЕЗАН 4-м коленом — исход не наблюдаем, статус терминала не подтверждён",1,0,279500.0,0.0,0.0005838676254729306,0.0,4,False,True,-0.0,3.0386805717980676e-11,0.0,279500.0,0,False,
100000003097947100,terminal,0.35,3,0.3152,"вход 52,980₸ от 1; ОБРЕЗАН 4-м коленом — исход не наблюдаем, статус терминала не подтверждён",1,0,52980.0,0.0,0.00032150450412681805,0.0,4,False,True,-0.0,8.501424808445372e-20,0.0,52980.0,0,False,
100000004260869100,terminal,0.35,5,0.3429,"вход 10,000₸ от 1; ОБРЕЗАН 4-м коленом — исход не наблюдаем, статус терминала не подтверждён",1,0,10000.0,0.0,0.0008457607369041781,0.0,4,False,True,-0.0,1.0229698535859804e-22,0.0,10000.0,0,False,
100000008762885100,terminal,0.35,7,0.1273,"вход 7,000₸ от 1; ОБРЕЗАН 4-м коленом — исход не наблюдаем, статус терминала не подтверждён",1,0,7000.0,0.0,0.00028855049893795236,0.0,4,False,True,-0.0,3.090697526268403e-08,0.0,7000.0,0,False,
100000002986245100,terminal,0.35,19,0.1381,"вход 5,750₸ от 1; ОБРЕЗАН 4-м коленом — исход не наблюдаем, статус терминала не подтверждён",1,0,5750.0,0.0,0.00028993905383519066,0.0,4,False,True,-0.0,3.687381946527463e-06,0.0,5750.0,0,False,
100000001471706100,terminal,0.35,20,0.4504,"вход 377,000₸ от 1; ОБРЕЗАН 4-м коленом — исход не наблюдаем, статус терминала не подтверждён",1,0,377000.0,0.0,0.0005424888658158641,0.0,4,False,True,-0.0,7.876563067320162e-23,0.0,377000.0,0,False,
100000002304943100,terminal,0.35,21,0.2369,"вход 15,000₸ от 1; ОБРЕЗАН 4-м коленом — исход не наблюдаем, статус терминала не подтверждён",1,0,15000.0,0.0,0.0003077346471419064,0.0,4,False,True,-0.0,-2.891713578262687e-20,0.0,15000.0,0,False,
100000002695812100,terminal,0.35,8,0.3384,"вход 95,000₸ от 1; ОБРЕЗАН 4-м коленом — исход не наблюдаем, статус терминала не подтверждён",1,0,95000.0,0.0,0.00032255481790608836,0.0,4,False,True,-0.0,2.7582739710937293e-06,0.0,95000.0,0,False,
100000008761220100,terminal,0.35,7,0.1308,"вход 10,000₸ от 1; ОБРЕЗАН 4-м коленом — исход не наблюдаем, статус терминала не подтверждён",1,0,10000.0,0.0,0.0002881700501369176,0.0,4,False,True,-0.0,1.2761480262520887e-06,0.0,10000.0,0,False,
100000004890713100,terminal,0.35,8,0.2662,"вход 40,485₸ от 1; ОБРЕЗАН 4-м коленом — исход не наблюдаем, статус терминала не подтверждён",1,0,40485.0,0.0,0.00030206523049982237,0.0,4,False,True,-0.0,2.7582739710936946e-06,0.0,40485.0,0,False,
100000003083865100,terminal,0.35,8,0.1801,"вход 15,000₸ от 1; ОБРЕЗАН 4-м коленом — исход не наблюдаем, статус терминала не подтверждён",1,0,15000.0,0.0,0.0002924866349747616,0.0,4,False,True,-0.0,2.758273971093797e-06,0.0,15000.0,0,False,
100000004030553100,terminal,0.35,3,0.3866,"вход 70,000₸ от 1; ОБРЕЗАН 4-м коленом — исход не наблюдаем, статус терминала не подтверждён",1,0,70000.0,0.0,0.0005331552426414786,0.0,4,False,True,-0.0,-1.807796592017844e-20,0.0,70000.0,0,False,
100000002653187100,terminal,0.35,11,0.3114,"вход 15,000₸ от 1; ОБРЕЗАН 4-м коленом — исход не наблюдаем, статус терминала не подтверждён",1,0,15000.0,0.0,0.0004753423438912137,0.0,4,False,True,-0.0,-4.3691503456923925e-20,0.0,15000.0,0,False,
100000006412162100,terminal,0.35,19,0.1955,"вход 15,000₸ от 1; ОБРЕЗАН 4-м коленом — исход не наблюдаем, статус терминала не подтверждён",1,0,15000.0,0.0,0.0002949102502231017,0.0,4,False,True,-0.0,3.6873819465276655e-06,0.0,15000.0,0,False,
100000004674178100,terminal,0.35,26,0.2414,"вход 20,000₸ от 1; ОБРЕЗАН 4-м коленом — исход не наблюдаем, статус терминала не подтверждён",1,0,20000.0,0.0,0.00030409586869789454,0.0,4,False,True,-0.0,2.065713011264263e-08,0.0,20000.0,0,False,
100000004070530100,terminal,0.35,41,0.1549,"вход 20,000₸ от 1; ОБРЕЗАН 4-м коленом — исход не наблюдаем, статус терминала не подтверждён",1,0,20000.0,0.0,0.0002884855721222268,0.0,4,False,True,-0.0,3.669923396961527e-19,0.0,20000.0,0,False,
100000006706519100,terminal,0.35,0,0.3332,"вход 36,000₸ от 1; ОБРЕЗАН 4-м коленом — исход не наблюдаем, статус терминала не подтверждён",1,0,36000.0,0.0,0.00039243796890561105,0.0,4,False,True,-0.0,-4.071848111469058e-20,0.0,36000.0,0,False,
100000005636951100,terminal,0.35,25,0.3859,"вход 40,000₸ от 1; ОБРЕЗАН 4-м коленом — исход не наблюдаем, статус терминала не подтверждён",1,0,40000.0,0.0,0.0006382951522473666,0.0,4,False,True,-0.0,-1.6535355048420459e-19,0.0,40000.0,0,False,
100000003040087100,terminal,0.35,8,0.2373,"вход 29,000₸ от 1; ОБРЕЗАН 4-м коленом — исход не наблюдаем, статус терминала не подтверждён",1,0,29000.0,0.0,0.0002977485669877438,0.0,4,False,True,-0.0,2.758273971093802e-06,0.0,29000.0,0,False,
100000008766764100,terminal,0.35,7,0.1148,"вход 5,000₸ от 1; ОБРЕЗАН 4-м коленом — исход не наблюдаем, статус терминала не подтверждён",1,0,5000.0,0.0,0.0002875094504060277,0.0,4,False,True,-0.0,1.2761480262519987e-06,0.0,5000.0,0,False,
100000000299820100,terminal,0.35,3,0.2977,"вход 10,000₸ от 1; ОБРЕЗАН 4-м коленом — исход не наблюдаем, статус терминала не подтверждён",1,0,10000.0,0.0,0.0004521425996333725,0.0,4,False,True,-0.0,2.3285075058710366e-19,0.0,10000.0,0,False,
100000008349740100,terminal,0.35,37,0.2541,"вход 70,000₸ от 1; ОБРЕЗАН 4-м коленом — исход не наблюдаем, статус терминала не подтверждён",1,0,70000.0,0.0,0.0002938341959492763,0.0,4,False,True,-0.0,6.927445809456934e-21,0.0,70000.0,0,False,
100000008761132100,terminal,0.35,7,0.1308,"вход 10,000₸ от 1; ОБРЕЗАН 4-м коленом — исход не наблюдаем, статус терминала не подтверждён",1,0,10000.0,0.0,0.0002881700501369176,0.0,4,False,True,-0.0,1.2761480262523437e-06,0.0,10000.0,0,False,
100000002540033100,terminal,0.35,18,0.3299,"вход 10,000₸ от 1; ОБРЕЗАН 4-м коленом — исход не наблюдаем, статус терминала не подтверждён",1,0,10000.0,0.0,0.0005986691957838226,0.0,4,False,True,-0.0,6.151442447209297e-21,0.0,10000.0,0,False,
100000001845505100,terminal,0.35,3,0.3522,"вход 20,000₸ от 1; ОБРЕЗАН 4-м коленом — исход не наблюдаем, статус терминала не подтверждён",1,0,20000.0,0.0,0.000594933534078599,0.0,4,False,True,-0.0,1.4560486755061847e-20,0.0,20000.0,0,False,
100000003782913100,terminal,0.35,14,0.3211,"вход 200,000₸ от 1; ОБРЕЗАН 4-м коленом — исход не наблюдаем, статус терминала не подтверждён",1,0,200000.0,0.0,0.0003007373821374731,0.0,4,False,True,-0.0,5.920463072301479e-08,0.0,200000.0,0,False,
100000008778753100,terminal,0.35,26,0.1879,"вход 10,000₸ от 1; ОБРЕЗАН 4-м коленом — исход не наблюдаем, статус терминала не подтверждён",1,0,10000.0,0.0,0.00029547235968651616,0.0,4,False,True,-0.0,2.0657130112983272e-08,0.0,10000.0,0,False,
100000008710913100,terminal,0.35,7,0.148,"вход 14,000₸ от 1; ОБРЕЗАН 4-м коленом — исход не наблюдаем, статус терминала не подтверждён",1,0,14000.0,0.0,0.0002894015760989899,0.0,4,False,True,-0.0,3.3095990625238694e-07,0.0,14000.0,0,False,
100000005495211100,terminal,0.35,0,0.3346,"вход 14,500₸ от 1; ОБРЕЗАН 4-м коленом — исход не наблюдаем, статус терминала не подтверждён",1,0,14500.0,0.0,0.0005623945621466781,0.0,4,False,True,-0.0,-5.18422212609349e-21,0.0,14500.0,0,False,
100000004013952100,terminal,0.35,0,0.3053,"вход 5,500₸ от 1; ОБРЕЗАН 4-м коленом — исход не наблюдаем, статус терминала не подтверждён",1,0,5500.0,0.0,0.0005354750926490603,0.0,4,False,True,-0.0,1.5865880613952638e-20,0.0,5500.0,0,False,
100000007330432100,terminal,0.35,70,0.4609,"вход 584,900₸ от 1; ОБРЕЗАН 4-м коленом — исход не наблюдаем, статус терминала не подтверждён",1,0,584900.0,0.0,0.0005405252953174732,0.0,4,False,True,-0.0,2.065045009757055e-08,0.0,584900.0,0,False,
100000000737152100,terminal,0.35,0,0.3139,"вход 35,000₸ от 1; ОБРЕЗАН 4-м коленом — исход не наблюдаем, статус терминала не подтверждён",1,0,35000.0,0.0,0.0003460334113144902,0.0,4,False,True,-0.0,5.0958964642917076e-20,0.0,35000.0,0,False,
100000004674389100,terminal,0.35,9,0.281,"вход 15,000₸ от 1; ОБРЕЗАН 4-м коленом — исход не наблюдаем, статус терминала не подтверждён",1,0,15000.0,0.0,0.0003535790417719834,0.0,4,False,True,-0.0,-3.2080924761937323e-19,0.0,15000.0,0,False,
100000002529877100,terminal,0.35,12,0.3426,"вход 232,000₸ от 1; ОБРЕЗАН 4-м коленом — исход не наблюдаем, статус терминала не подтверждён",1,0,232000.0,0.0,0.00030720013532014917,0.0,4,False,True,-0.0,2.119169807694467e-07,0.0,232000.0,0,False,
100000004035925100,terminal,0.35,65,0.4521,"вход 1,111,588₸ от 1; ОБРЕЗАН 4-м коленом — исход не наблюдаем, статус терминала не подтверждён",1,0,1111588.0,0.0,0.0004644459850980835,0.0,4,False,True,-0.0,1.9539878866302964e-19,0.0,1111588.0,0,False,
100000002188586100,terminal,0.35,8,0.2608,"вход 38,310₸ от 1; ОБРЕЗАН 4-м коленом — исход не наблюдаем, статус терминала не подтверждён",1,0,38310.0,0.0,0.0003012477517763769,0.0,4,False,True,-0.0,2.7582739710937505e-06,0.0,38310.0,0,False,
100000008050986100,terminal,0.35,4,0.3232,"вход 95,000₸ от 1; ОБРЕЗАН 4-м коленом — исход не наблюдаем, статус терминала не подтверждён",1,0,95000.0,0.0,0.00031319903970007944,0.0,4,False,True,-0.0,1.5691454984514952e-19,0.0,95000.0,0,False,
100000004777215100,terminal,0.35,21,0.3701,"вход 60,000₸ от 1; ОБРЕЗАН 4-м коленом — исход не наблюдаем, статус терминала не подтверждён",1,0,60000.0,0.0,0.00046718020289388467,0.0,4,False,True,-0.0,3.5532865218276064e-20,0.0,60000.0,0,False,
100000000926078100,terminal,0.35,3,0.4278,"вход 250,000₸ от 1; ОБРЕЗАН 4-м коленом — исход не наблюдаем, статус терминала не подтверждён",1,0,250000.0,0.0,0.0005188088149532329,0.0,4,False,True,-0.0,1.7826698184305977e-20,0.0,250000.0,0,False,
100000003486846100,terminal,0.35,5,0.3489,"вход 27,000₸ от 1; ОБРЕЗАН 4-м коленом — исход не наблюдаем, статус терминала не подтверждён",1,0,27000.0,0.0,0.0005334629102066379,0.0,4,False,True,-0.0,-9.554882501486085e-21,0.0,27000.0,0,False,
100000002516862100,terminal,0.35,59,0.3491,"вход 81,710₸ от 1; ОБРЕЗАН 4-м коленом — исход не наблюдаем, статус терминала не подтверждён",1,0,81710.0,0.0,0.000350989883790352,0.0,4,False,True,-0.0,8.347712621221692e-20,0.0,81710.0,0,False,
100000008730238100,terminal,0.35,10,0.4206,"вход 113,000₸ от 1; ОБРЕЗАН 4-м коленом — исход не наблюдаем, статус терминала не подтверждён",1,0,113000.0,0.0,0.0005656901911760241,0.0,4,False,True,-0.0,1.911264046832565e-20,0.0,113000.0,0,False,
100000000803368100,terminal,0.35,14,0.4206,"вход 139,503₸ от 1; ОБРЕЗАН 4-м коленом — исход не наблюдаем, статус терминала не подтверждён",1,0,139503.0,0.0,0.0005505683576775041,0.0,4,False,True,-0.0,1.9677002587848735e-07,0.0,139503.0,0,False,
100000002528978100,terminal,0.35,8,0.1858,"вход 15,900₸ от 1; ОБРЕЗАН 4-м коленом — исход не наблюдаем, статус терминала не подтверждён",1,0,15900.0,0.0,0.00029282490203273904,0.0,4,False,True,-0.0,2.758273971093755e-06,0.0,15900.0,0,False,
100000002597074100,terminal,0.35,0,0.2288,"вход 8,000₸ от 1; ОБРЕЗАН 4-м коленом — исход не наблюдаем, статус терминала не подтверждён",1,0,8000.0,0.0,0.00031181326024781633,0.0,4,False,True,-0.0,-1.3585621228532427e-19,0.0,8000.0,0,False,
100000003631015100,terminal,0.35,39,0.3735,"вход 266,000₸ от 1; ОБРЕЗАН 4-м коленом — исход не наблюдаем, статус терминала не подтверждён",1,0,266000.0,0.0,0.00032368703064951756,0.0,4,False,True,-0.0,-1.3839498292641474e-19,0.0,266000.0,0,False,
100000008255655100,terminal,0.35,15,0.3029,"вход 5,400₸ от 1; ОБРЕЗАН 4-м коленом — исход не наблюдаем, статус терминала не подтверждён",1,0,5400.0,0.0,0.0005335196280470303,0.0,4,False,True,-0.0,-1.3212253090552488e-20,0.0,5400.0,0,False,
100000004265639100,terminal,0.35,3,0.3232,"вход 10,000₸ от 1; ОБРЕЗАН 4-м коленом — исход не наблюдаем, статус терминала не подтверждён",1,0,10000.0,0.0,0.0005547248904262277,0.0,4,False,True,-0.0,1.136104194350808e-21,0.0,10000.0,0,False,
100000002726055100,terminal,0.35,21,0.2642,"вход 10,000₸ от 1; ОБРЕЗАН 4-м коленом — исход не наблюдаем, статус терминала не подтверждён",1,0,10000.0,0.0,0.0003415210853675309,0.0,4,False,True,-0.0,-6.347564038983141e-20,0.0,10000.0,0,False,
100000003696422100,terminal,0.35,31,0.4332,"вход 118,000₸ от 1; ОБРЕЗАН 4-м коленом — исход не наблюдаем, статус терминала не подтверждён",1,0,118000.0,0.0,0.0007114053244004053,0.0,4,False,True,-0.0,1.7520086103184044e-20,0.0,118000.0,0,False,
100000007745062100,terminal,0.35,11,0.4224,"вход 100,000₸ от 1; ОБРЕЗАН 4-м коленом — исход не наблюдаем, статус терминала не подтверждён",1,0,100000.0,0.0,0.0006279567979466901,0.0,4,False,True,-0.0,-5.703706324739675e-20,0.0,100000.0,0,False,
100000005041147100,terminal,0.35,0,0.3146,"вход 10,000₸ от 1; ОБРЕЗАН 4-м коленом — исход не наблюдаем, статус терминала не подтверждён",1,0,10000.0,0.0,0.000536097742585771,0.0,4,False,True,-0.0,-2.9415271023187555e-21,0.0,10000.0,0,False,
100000003819173100,terminal,0.35,3,0.2931,"вход 143,777₸ от 1; ОБРЕЗАН 4-м коленом — исход не наблюдаем, статус терминала не подтверждён",1,0,143777.0,0.0,0.0002965298891679558,0.0,4,False,True,-0.0,0.00011365723689489847,0.0,143777.0,0,False,
100000001275557100,terminal,0.35,22,0.291,"вход 20,000₸ от 1; ОБРЕЗАН 4-м коленом — исход не наблюдаем, статус терминала не подтверждён",1,0,20000.0,0.0,0.0003490942880526508,0.0,4,False,True,-0.0,-4.8375271027324994e-21,0.0,20000.0,0,False,
100000002706810100,terminal,0.35,19,0.2888,"вход 45,000₸ от 1; ОБРЕЗАН 4-м коленом — исход не наблюдаем, статус терминала не подтверждён",1,0,45000.0,0.0,0.0003110330493190294,0.0,4,False,True,-0.0,3.6873819465275537e-06,0.0,45000.0,0,False,
100000002896506100,terminal,0.35,4,0.2965,"вход 45,000₸ от 1; ОБРЕЗАН 4-м коленом — исход не наблюдаем, статус терминала не подтверждён",1,0,45000.0,0.0,0.00031502752147348674,0.0,4,False,True,-0.0,-2.977350453683588e-20,0.0,45000.0,0,False,
100000008766031100,terminal,0.35,7,0.1167,"вход 5,000₸ от 1; ОБРЕЗАН 4-м коленом — исход не наблюдаем, статус терминала не подтверждён",1,0,5000.0,0.0,0.0002877605383265136,0.0,4,False,True,-0.0,3.3095990625222674e-07,0.0,5000.0,0,False,
100000008758607100,terminal,0.35,7,0.1148,"вход 5,000₸ от 1; ОБРЕЗАН 4-м коленом — исход не наблюдаем, статус терминала не подтверждён",1,0,5000.0,0.0,0.0002875094504060277,0.0,4,False,True,-0.0,1.2761480262521616e-06,0.0,5000.0,0,False,
100000008648783100,terminal,0.35,19,0.1337,"вход 5,200₸ от 1; ОБРЕЗАН 4-м коленом — исход не наблюдаем, статус терминала не подтверждён",1,0,5200.0,0.0,0.00028964346918509867,0.0,4,False,True,-0.0,3.6873819465275884e-06,0.0,5200.0,0,False,
100000004291663100,terminal,0.35,0,0.2671,"вход 25,000₸ от 1; ОБРЕЗАН 4-м коленом — исход не наблюдаем, статус терминала не подтверждён",1,0,25000.0,0.0,0.00031255945561569915,0.0,4,False,True,-0.0,3.148498033154755e-05,0.0,25000.0,0,False,
100000003037476100,consolidator,0.356,7,0.578,"получил от 3 плательщиков, 555,000₸; authority=0.0000; seed-плательщиков 0, циклы=False",3,0,555000.0,0.0,0.0003609501910425195,0.0,4,False,True,-0.0,1.8190249132735477e-06,0.0,555000.0,0,False,
100000008715513100,terminal,0.35,19,0.2645,"вход 32,500₸ от 1; ОБРЕЗАН 4-м коленом — исход не наблюдаем, статус терминала не подтверждён",1,0,32500.0,0.0,0.00030431521636239283,0.0,4,False,True,-0.0,3.6873819465276765e-06,0.0,32500.0,0,False,
100000001276409100,terminal,0.35,8,0.3377,"вход 94,760₸ от 1; ОБРЕЗАН 4-м коленом — исход не наблюдаем, статус терминала не подтверждён",1,0,94760.0,0.0,0.0003224646133572944,0.0,4,False,True,-0.0,2.7582739710937696e-06,0.0,94760.0,0,False,
100000003232675100,terminal,0.35,13,0.3437,"вход 44,000₸ от 1; ОБРЕЗАН 4-м коленом — исход не наблюдаем, статус терминала не подтверждён",1,0,44000.0,0.0,0.0004028152159732906,0.0,4,False,True,-0.0,7.242244764623219e-20,0.0,44000.0,0,False,
100000007988344100,terminal,0.35,0,0.3062,"вход 20,000₸ от 1; ОБРЕЗАН 4-м коленом — исход не наблюдаем, статус терминала не подтверждён",1,0,20000.0,0.0,0.000389171245180563,0.0,4,False,True,-0.0,-1.896372341163412e-21,0.0,20000.0,0,False,
100000003047800100,terminal,0.35,12,0.285,"вход 12,212₸ от 1; ОБРЕЗАН 4-м коленом — исход не наблюдаем, статус терминала не подтверждён",1,0,12212.0,0.0,0.0003762285925005613,0.0,4,False,True,-0.0,-1.7851490460195478e-19,0.0,12212.0,0,False,
100000003230328100,consolidator,0.448,0,0.4676,"получил от 3 плательщиков, 26,572₸; authority=0.0001; seed-плательщиков 0, циклы=False",3,0,26572.0,0.0,0.00035324139302681803,0.0,4,False,True,-0.0,6.358533423649483e-05,0.0,26572.0,0,False,
100000002702968100,terminal,0.35,8,0.2457,"вход 31,600₸ от 1; ОБРЕЗАН 4-м коленом — исход не наблюдаем, статус терминала не подтверждён",1,0,31600.0,0.0,0.0002987257829330119,0.0,4,False,True,-0.0,2.758273971093714e-06,0.0,31600.0,0,False,
100000004788983100,terminal,0.35,0,0.3154,"вход 27,000₸ от 1; ОБРЕЗАН 4-м коленом — исход не наблюдаем, статус терминала не подтверждён",1,0,27000.0,0.0,0.0003711037329829278,0.0,4,False,True,-0.0,-1.4638712915429594e-19,0.0,27000.0,0,False,
100000006490615100,terminal,0.35,13,0.3406,"вход 41,600₸ от 1; ОБРЕЗАН 4-м коленом — исход не наблюдаем, статус терминала не подтверждён",1,0,41600.0,0.0,0.00039648977786611855,0.0,4,False,True,-0.0,3.369483272803965e-19,0.0,41600.0,0,False,
100000008745676100,terminal,0.35,1,0.3572,"вход 34,547₸ от 1; ОБРЕЗАН 4-м коленом — исход не наблюдаем, статус терминала не подтверждён",1,0,34547.0,0.0,0.0005326470887004858,0.0,4,False,True,-0.0,8.26316341276678e-21,0.0,34547.0,0,False,
100000001598625100,terminal,0.35,3,0.3265,"вход 25,000₸ от 1; ОБРЕЗАН 4-м коленом — исход не наблюдаем, статус терминала не подтверждён",1,0,25000.0,0.0,0.00043076040376007304,0.0,4,False,True,-0.0,5.330683996070566e-20,0.0,25000.0,0,False,
100000008461217100,terminal,0.35,52,0.339,"вход 18,000₸ от 1; ОБРЕЗАН 4-м коленом — исход не наблюдаем, статус терминала не подтверждён",1,0,18000.0,0.0,0.0005479716592571167,0.0,4,False,True,-0.0,2.2567321749461004e-20,0.0,18000.0,0,False,
100000005711521100,terminal,0.35,13,0.4334,"вход 238,000₸ от 1; ОБРЕЗАН 4-м коленом — исход не наблюдаем, статус терминала не подтверждён",1,0,238000.0,0.0,0.0005361799863213338,0.0,4,False,True,-0.0,-1.3215715168184955e-20,0.0,238000.0,0,False,
100000002713974100,terminal,0.35,3,0.3198,"вход 50,000₸ от 1; ОБРЕЗАН 4-м коленом — исход не наблюдаем, статус терминала не подтверждён",1,0,50000.0,0.0,0.0003314167722143403,0.0,4,False,True,-0.0,-5.674115095745398e-20,0.0,50000.0,0,False,
100000005272139100,terminal,0.35,5,0.4465,"вход 165,000₸ от 1; ОБРЕЗАН 4-м коленом — исход не наблюдаем, статус терминала не подтверждён",1,0,165000.0,0.0,0.0007587480153171217,0.0,4,False,True,-0.0,6.996950097924602e-21,0.0,165000.0,0,False,
100000002968096100,terminal,0.35,3,0.324,"вход 70,000₸ от 1; ОБРЕЗАН 4-м коленом — исход не наблюдаем, статус терминала не подтверждён",1,0,70000.0,0.0,0.00032090597213802396,0.0,4,False,True,-0.0,-8.521813063925028e-20,0.0,70000.0,0,False,
100000004449824100,terminal,0.35,19,0.1597,"вход 9,000₸ от 1; ОБРЕЗАН 4-м коленом — исход не наблюдаем, статус терминала не подтверждён",1,0,9000.0,0.0,0.0002916856904039162,0.0,4,False,True,-0.0,3.687381946527311e-06,0.0,9000.0,0,False,
100000004502048100,terminal,0.35,17,0.2716,"вход 13,888₸ от 1; ОБРЕЗАН 4-м коленом — исход не наблюдаем, статус терминала не подтверждён",1,0,13888.0,0.0,0.0003412241622094056,0.0,4,False,True,-0.0,-2.0080581537342402e-19,0.0,13888.0,0,False,
100000002660298100,terminal,0.35,8,0.2436,"вход 30,900₸ от 1; ОБРЕЗАН 4-м коленом — исход не наблюдаем, статус терминала не подтверждён",1,0,30900.0,0.0,0.0002984626863323628,0.0,4,False,True,-0.0,2.7582739710938475e-06,0.0,30900.0,0,False,
100000001299828100,terminal,0.35,0,0.4106,"вход 100,000₸ от 1; ОБРЕЗАН 4-м коленом — исход не наблюдаем, статус терминала не подтверждён",1,0,100000.0,0.0,0.0005496498012691123,0.0,4,False,True,-0.0,2.210535589225828e-20,0.0,100000.0,0,False,
100000000581662100,terminal,0.35,12,0.2453,"вход 21,160₸ от 1; ОБРЕЗАН 4-м коленом — исход не наблюдаем, статус терминала не подтверждён",1,0,21160.0,0.0,0.00030426967518065756,0.0,4,False,True,-0.0,1.3610634259359605e-19,0.0,21160.0,0,False,
100000001249054100,terminal,0.35,8,0.1924,"вход 17,375₸ от 1; ОБРЕЗАН 4-м коленом — исход не наблюдаем, статус терминала не подтверждён",1,0,17375.0,0.0,0.0002933792841555354,0.0,4,False,True,-0.0,2.7582739710936404e-06,0.0,17375.0,0,False,
100000008759795100,terminal,0.35,19,0.2059,"вход 17,000₸ от 1; ОБРЕЗАН 4-м коленом — исход не наблюдаем, статус терминала не подтверждён",1,0,17000.0,0.0,0.00029598510349616354,0.0,4,False,True,-0.0,3.6873819465272755e-06,0.0,17000.0,0,False,
100000001299443100,terminal,0.35,19,0.1547,"вход 8,000₸ от 1; ОБРЕЗАН 4-м коленом — исход не наблюдаем, статус терминала не подтверждён",1,0,8000.0,0.0,0.00029114826376738524,0.0,4,False,True,-0.0,3.6873819465276274e-06,0.0,8000.0,0,False,
100000007997939100,terminal,0.35,7,0.2795,"вход 13,000₸ от 1; ОБРЕЗАН 4-м коленом — исход не наблюдаем, статус терминала не подтверждён",1,0,13000.0,0.0,0.0003595468864431232,0.0,4,False,True,-0.0,8.855504200857293e-20,0.0,13000.0,0,False,
100000003470579100,terminal,0.35,27,0.4571,"вход 357,000₸ от 1; ОБРЕЗАН 4-м коленом — исход не наблюдаем, статус терминала не подтверждён",1,0,357000.0,0.0,0.0005709513048242385,0.0,4,False,True,-0.0,1.153389702074541e-20,0.0,357000.0,0,False,
100000008649416100,terminal,0.35,15,0.3032,"вход 5,000₸ от 1; ОБРЕЗАН 4-м коленом — исход не наблюдаем, статус терминала не подтверждён",1,0,5000.0,0.0,0.0005360635952586398,0.0,4,False,True,-0.0,-1.859064119874726e-21,0.0,5000.0,0,False,
100000008183752100,terminal,0.35,18,0.41,"вход 140,000₸ от 1; ОБРЕЗАН 4-м коленом — исход не наблюдаем, статус терминала не подтверждён",1,0,140000.0,0.0,0.0005325122329931616,0.0,4,False,True,-0.0,2.0900929619135387e-20,0.0,140000.0,0,False,
100000003950749100,terminal,0.35,5,0.2767,"вход 7,000₸ от 1; ОБРЕЗАН 4-м коленом — исход не наблюдаем, статус терминала не подтверждён",1,0,7000.0,0.0,0.000385896009902935,0.0,4,False,True,-0.0,2.1155339110133234e-08,0.0,7000.0,0,False,
100000005979037100,terminal,0.35,3,0.3252,"вход 60,300₸ от 1; ОБРЕЗАН 4-м коленом — исход не наблюдаем, статус терминала не подтверждён",1,0,60300.0,0.0,0.0003262927144564953,0.0,4,False,True,-0.0,7.278628500614859e-20,0.0,60300.0,0,False,
100000008734279100,terminal,0.35,3,0.2595,"вход 31,650₸ от 1; ОБРЕЗАН 4-м коленом — исход не наблюдаем, статус терминала не подтверждён",1,0,31650.0,0.0,0.0003026792800913572,0.0,4,False,True,-0.0,3.1784522461823805e-09,0.0,31650.0,0,False,
100000005589319100,terminal,0.35,2,0.2672,"вход 26,000₸ от 1; ОБРЕЗАН 4-м коленом — исход не наблюдаем, статус терминала не подтверждён",1,0,26000.0,0.0,0.0003113390696856082,0.0,4,False,True,-0.0,5.078518083877456e-05,0.0,26000.0,0,False,
100000003626268100,terminal,0.35,3,0.3003,"вход 5,000₸ от 1; ОБРЕЗАН 4-м коленом — исход не наблюдаем, статус терминала не подтверждён",1,0,5000.0,0.0,0.00053321566663876,0.0,4,False,True,-0.0,-3.446401439043137e-21,0.0,5000.0,0,False,
100000001220124100,terminal,0.35,3,0.3703,"вход 40,000₸ от 1; ОБРЕЗАН 4-м коленом — исход не наблюдаем, статус терминала не подтверждён",1,0,40000.0,0.0,0.0005419141070387541,0.0,4,False,True,-0.0,5.043939861569454e-21,0.0,40000.0,0,False,
100000003904497100,terminal,0.35,7,0.265,"вход 10,000₸ от 1; ОБРЕЗАН 4-м коленом — исход не наблюдаем, статус терминала не подтверждён",1,0,10000.0,0.0,0.0003427704166505112,0.0,4,False,True,-0.0,2.0993357409533952e-20,0.0,10000.0,0,False,
100000001270470100,terminal,0.35,0,0.3323,"вход 28,300₸ от 1; ОБРЕЗАН 4-м коленом — исход не наблюдаем, статус терминала не подтверждён",1,0,28300.0,0.0,0.00043163503890031443,0.0,4,False,True,-0.0,1.1062330356699959e-20,0.0,28300.0,0,False,
100000003091142100,terminal,0.35,0,0.3426,"вход 40,000₸ от 1; ОБРЕЗАН 4-м коленом — исход не наблюдаем, статус терминала не подтверждён",1,0,40000.0,0.0,0.00041167089853853036,0.0,4,False,True,-0.0,-1.8172938634708975e-20,0.0,40000.0,0,False,
100000001053894100,terminal,0.35,41,0.4572,"вход 2,000,000₸ от 1; ОБРЕЗАН 4-м коленом — исход не наблюдаем, статус терминала не подтверждён",1,0,2000000.0,0.0,0.0004505209953840355,0.0,4,False,True,-0.0,-6.657263591408075e-20,0.0,2000000.0,0,False,
100000004722630100,terminal,0.35,51,0.4324,"вход 340,000₸ от 1; ОБРЕЗАН 4-м коленом — исход не наблюдаем, статус терминала не подтверждён",1,0,340000.0,0.0,0.0004942926421165495,0.0,4,False,True,-0.0,-7.75839812968257e-20,0.0,340000.0,0,False,
100000004655046100,terminal,0.35,8,0.3551,"вход 24,000₸ от 1; ОБРЕЗАН 4-м коленом — исход не наблюдаем, статус терминала не подтверждён",1,0,24000.0,0.0,0.0005599393884220685,0.0,4,False,True,-0.0,1.1978332812310866e-21,0.0,24000.0,0,False,
100000004019056100,terminal,0.35,13,0.3816,"вход 50,000₸ от 1; ОБРЕЗАН 4-м коленом — исход не наблюдаем, статус терминала не подтверждён",1,0,50000.0,0.0,0.0005432848903186062,0.0,4,False,True,-0.0,-3.726697631320795e-21,0.0,50000.0,0,False,
100000008071749100,terminal,0.35,8,0.2231,"вход 24,943₸ от 1; ОБРЕЗАН 4-м коленом — исход не наблюдаем, статус терминала не подтверждён",1,0,24943.0,0.0,0.0002962237342608389,0.0,4,False,True,-0.0,2.758273971093647e-06,0.0,24943.0,0,False,
100000008221765100,terminal,0.35,4,0.4237,"вход 156,354₸ от 1; ОБРЕЗАН 4-м коленом — исход не наблюдаем, статус терминала не подтверждён",1,0,156354.0,0.0,0.0005428011368322504,0.0,4,False,True,-0.0,-4.0060317007318095e-21,0.0,156354.0,0,False,
100000008778010100,terminal,0.35,1,0.388,"вход 76,950₸ от 1; ОБРЕЗАН 4-м коленом — исход не наблюдаем, статус терминала не подтверждён",1,0,76950.0,0.0,0.0005319634725532227,0.0,4,False,True,-0.0,-7.013949118592056e-21,0.0,76950.0,0,False,
100000004584730100,terminal,0.35,47,0.2806,"вход 47,000₸ от 1; ОБРЕЗАН 4-м коленом — исход не наблюдаем, статус терминала не подтверждён",1,0,47000.0,0.0,0.00030519999828623105,0.0,4,False,True,-0.0,7.661109445087617e-07,0.0,47000.0,0,False,
100000004797167100,terminal,0.35,3,0.3656,"вход 31,000₸ от 1; ОБРЕЗАН 4-м коленом — исход не наблюдаем, статус терминала не подтверждён",1,0,31000.0,0.0,0.0005540311321928093,0.0,4,False,True,-0.0,-1.6257117809125386e-21,0.0,31000.0,0,False,
100000005010159100,terminal,0.35,3,0.3264,"вход 7,092₸ от 1; ОБРЕЗАН 4-м коленом — исход не наблюдаем, статус терминала не подтверждён",1,0,7092.0,0.0,0.0006170044548736873,0.0,4,False,True,-0.0,2.0048706818305656e-21,0.0,7092.0,0,False,
100000003025903100,terminal,0.35,4,0.4409,"вход 386,300₸ от 1; ОБРЕЗАН 4-м коленом — исход не наблюдаем, статус терминала не подтверждён",1,0,386300.0,0.0,0.0005287470846618524,0.0,4,False,True,-0.0,-1.6654898774204716e-19,0.0,386300.0,0,False,
100000003005167100,terminal,0.35,19,0.1481,"вход 7,000₸ от 1; ОБРЕЗАН 4-м коленом — исход не наблюдаем, статус терминала не подтверждён",1,0,7000.0,0.0,0.00029061083713085434,0.0,4,False,True,-0.0,3.6873819465276486e-06,0.0,7000.0,0,False,
100000002214383100,terminal,0.35,1,0.4262,"вход 213,000₸ от 1; ОБРЕЗАН 4-м коленом — исход не наблюдаем, статус терминала не подтверждён",1,0,213000.0,0.0,0.0005331973163312098,0.0,4,False,True,-0.0,3.5971878957489856e-21,0.0,213000.0,0,False,
100000004800452100,terminal,0.35,4,0.3246,"вход 6,545₸ от 1; ОБРЕЗАН 4-м коленом — исход не наблюдаем, статус терминала не подтверждён",1,0,6544.53,0.0,0.0006105904186465329,0.0,4,False,True,-0.0,3.921748805467783e-20,0.0,6544.53,0,False,
100000006903193100,terminal,0.35,0,0.2127,"вход 9,000₸ от 1; ОБРЕЗАН 4-м коленом — исход не наблюдаем, статус терминала не подтверждён",1,0,9000.0,0.0,0.00030295089576911586,0.0,4,False,True,-0.0,2.9101871454731465e-05,0.0,9000.0,0,False,
100000007811950100,terminal,0.35,26,0.383,"вход 50,000₸ от 1; ОБРЕЗАН 4-м коленом — исход не наблюдаем, статус терминала не подтверждён",1,0,50000.0,0.0,0.0005486110276407319,0.0,4,False,True,-0.0,4.389580947890145e-21,0.0,50000.0,0,False,
100000000375150100,terminal,0.35,13,0.4651,"вход 300,000₸ от 1; ОБРЕЗАН 4-м коленом — исход не наблюдаем, статус терминала не подтверждён",1,0,300000.0,0.0,0.0007494263644586512,0.0,4,False,True,-0.0,-1.7411672224093404e-20,0.0,300000.0,0,False,
100000008775747100,terminal,0.35,7,0.1148,"вход 5,000₸ от 1; ОБРЕЗАН 4-м коленом — исход не наблюдаем, статус терминала не подтверждён",1,0,5000.0,0.0,0.0002875094504060277,0.0,4,False,True,-0.0,1.2761480262523528e-06,0.0,5000.0,0,False,
100000006689603100,terminal,0.35,3,0.3708,"вход 400,000₸ от 1; ОБРЕЗАН 4-м коленом — исход не наблюдаем, статус терминала не подтверждён",1,0,400000.0,0.0,0.000313782333757461,0.0,4,False,True,-0.0,0.00011365723689489885,0.0,400000.0,0,False,
100000005075949100,terminal,0.35,48,0.5007,"вход 2,226,000₸ от 1; ОБРЕЗАН 4-м коленом — исход не наблюдаем, статус терминала не подтверждён",1,0,2226000.0,0.0,0.0007711610848047253,0.0,4,False,True,-0.0,-1.5091074743044346e-19,0.0,2226000.0,0,False,
100000003985389100,terminal,0.35,3,0.4387,"вход 422,698₸ от 1; ОБРЕЗАН 4-м коленом — исход не наблюдаем, статус терминала не подтверждён",1,0,422698.0,0.0,0.0004925042382196951,0.0,4,False,True,-0.0,-1.0770591589497079e-19,0.0,422698.0,0,False,
100000002478829100,terminal,0.35,21,0.3299,"вход 34,000₸ от 1; ОБРЕЗАН 4-м коленом — исход не наблюдаем, статус терминала не подтверждён",1,0,34000.0,0.0,0.00038903661693242777,0.0,4,False,True,-0.0,-3.5933210716249674e-20,0.0,34000.0,0,False,
100000003125997100,terminal,0.35,10,0.4048,"вход 87,750₸ от 1; ОБРЕЗАН 4-м коленом — исход не наблюдаем, статус терминала не подтверждён",1,0,87750.0,0.0,0.0005508476119532816,0.0,4,False,True,-0.0,-2.549937975416449e-20,0.0,87750.0,0,False,
100000003214786100,terminal,0.35,0,0.2803,"вход 5,000₸ от 1; ОБРЕЗАН 4-м коленом — исход не наблюдаем, статус терминала не подтверждён",1,0,5000.0,0.0,0.00042212780031842547,0.0,4,False,True,-0.0,-1.815717391413535e-19,0.0,5000.0,0,False,
100000008308418100,terminal,0.35,0,0.3572,"вход 50,000₸ от 1; ОБРЕЗАН 4-м коленом — исход не наблюдаем, статус терминала не подтверждён",1,0,50000.0,0.0,0.0004335004037730173,0.0,4,False,True,-0.0,2.0011188501404086e-19,0.0,50000.0,0,False,
100000008619159100,terminal,0.35,65,0.4085,"вход 446,400₸ от 1; ОБРЕЗАН 4-м коленом — исход не наблюдаем, статус терминала не подтверждён",1,0,446400.0,0.0,0.00035816966450760365,0.0,4,False,True,-0.0,-9.951487871503258e-20,0.0,446400.0,0,False,
100000004418967100,terminal,0.35,10,0.3879,"вход 100,000₸ от 1; ОБРЕЗАН 4-м коленом — исход не наблюдаем, статус терминала не подтверждён",1,0,100000.0,0.0,0.00045550191896294884,0.0,4,False,True,-0.0,6.640951237365444e-20,0.0,100000.0,0,False,
100000003173783100,terminal,0.35,30,0.2967,"вход 23,500₸ от 1; ОБРЕЗАН 4-м коленом — исход не наблюдаем, статус терминала не подтверждён",1,0,23500.0,0.0,0.00034834948327385477,0.0,4,False,True,-0.0,4.500602285482752e-05,0.0,23500.0,0,False,
100000002242455100,terminal,0.35,4,0.4065,"вход 110,000₸ от 1; ОБРЕЗАН 4-м коленом — исход не наблюдаем, статус терминала не подтверждён",1,0,110000.0,0.0,0.0005345037605974336,0.0,4,False,True,-0.0,4.967764221741041e-21,0.0,110000.0,0,False,
100000004848236100,terminal,0.35,0,0.225,"вход 7,500₸ от 1; ОБРЕЗАН 4-м коленом — исход не наблюдаем, статус терминала не подтверждён",1,0,7500.0,0.0,0.00031025298464952393,0.0,4,False,True,-0.0,-9.834168211562081e-21,0.0,7500.0,0,False,
100000004674412100,terminal,0.35,9,0.361,"вход 46,000₸ от 1; ОБРЕЗАН 4-м коленом — исход не наблюдаем, статус терминала не подтверждён",1,0,46000.0,0.0,0.0004914881033721309,0.0,4,False,True,-0.0,-1.772682175906703e-19,0.0,46000.0,0,False,
100000007071852100,terminal,0.35,3,0.4086,"вход 195,000₸ от 1; ОБРЕЗАН 4-м коленом — исход не наблюдаем, статус терминала не подтверждён",1,0,195000.0,0.0,0.00044546482150226727,0.0,4,False,True,-0.0,2.7170551345386595e-05,0.0,195000.0,0,False,
100000001498732100,terminal,0.35,53,0.1462,"вход 5,500₸ от 1; ОБРЕЗАН 4-м коленом — исход не наблюдаем, статус терминала не подтверждён",1,0,5500.0,0.0,0.0002907055489095026,0.0,4,False,True,-0.0,1.407535918754821e-08,0.0,5500.0,0,False,
100000000627521100,terminal,0.35,41,0.1178,"вход 6,500₸ от 1; ОБРЕЗАН 4-м коленом — исход не наблюдаем, статус терминала не подтверждён",1,0,6500.0,0.0,0.0002873807851454418,0.0,4,False,True,-0.0,-1.7863433139476001e-19,0.0,6500.0,0,False,
100000003105089100,terminal,0.35,21,0.2083,"вход 10,000₸ от 1; ОБРЕЗАН 4-м коленом — исход не наблюдаем, статус терминала не подтверждён",1,0,10000.0,0.0,0.0003007727149863169,0.0,4,False,True,-0.0,-1.0477014598803197e-19,0.0,10000.0,0,False,
100000003166017100,terminal,0.35,8,0.1801,"вход 15,000₸ от 1; ОБРЕЗАН 4-м коленом — исход не наблюдаем, статус терминала не подтверждён",1,0,15000.0,0.0,0.0002924866349747616,0.0,4,False,True,-0.0,2.7582739710938572e-06,0.0,15000.0,0,False,
100000002506987100,terminal,0.35,8,0.2346,"вход 28,200₸ от 1; ОБРЕЗАН 4-м коленом — исход не наблюдаем, статус терминала не подтверждён",1,0,28200.0,0.0,0.00029744788515843055,0.0,4,False,True,-0.0,2.7582739710940927e-06,0.0,28200.0,0,False,
100000005767403100,terminal,0.35,34,0.5012,"вход 1,100,000₸ от 1; ОБРЕЗАН 4-м коленом — исход не наблюдаем, статус терминала не подтверждён",1,0,1100000.0,0.0,0.0010861140873395204,0.0,4,False,True,-0.0,1.4683801421312133e-07,0.0,1100000.0,0,False,
100000005553088100,terminal,0.35,3,0.2054,"вход 17,500₸ от 1; ОБРЕЗАН 4-м коленом — исход не наблюдаем, статус терминала не подтверждён",1,0,17500.0,0.0,0.0002956018527220206,0.0,4,False,True,-0.0,3.178452246507496e-09,0.0,17500.0,0,False,
100000003632533100,terminal,0.35,4,0.2941,"вход 10,000₸ от 1; ОБРЕЗАН 4-м коленом — исход не наблюдаем, статус терминала не подтверждён",1,0,10000.0,0.0,0.00043080356024598855,0.0,4,False,True,-0.0,-6.004107244298813e-19,0.0,10000.0,0,False,
100000008762005100,terminal,0.35,7,0.1184,"вход 5,000₸ от 1; ОБРЕЗАН 4-м коленом — исход не наблюдаем, статус терминала не подтверждён",1,0,5000.0,0.0,0.00028806431372000536,0.0,4,False,True,-0.0,3.090697526276977e-08,0.0,5000.0,0,False,
100000002214207100,terminal,0.35,36,0.4251,"вход 97,000₸ от 1; ОБРЕЗАН 4-м коленом — исход не наблюдаем, статус терминала не подтверждён",1,0,97000.0,0.0,0.0006935370503709199,0.0,4,False,True,-0.0,1.399880244066553e-21,0.0,97000.0,0,False,
100000003180820100,terminal,0.35,7,0.2966,"вход 101,000₸ от 1; ОБРЕЗАН 4-м коленом — исход не наблюдаем, статус терминала не подтверждён",1,0,101000.0,0.0,0.0003001929652391132,0.0,4,False,True,-0.0,1.2761480262520667e-06,0.0,101000.0,0,False,
100000003786516100,terminal,0.35,0,0.1706,"вход 5,000₸ от 1; ОБРЕЗАН 4-м коленом — исход не наблюдаем, статус терминала не подтверждён",1,0,5000.0,0.0,0.0002944715277207126,0.0,4,False,True,-0.0,2.7726405416953787e-05,0.0,5000.0,0,False,
100000005226217100,terminal,0.35,7,0.2994,"вход 17,500₸ от 1; ОБРЕЗАН 4-м коленом — исход не наблюдаем, статус терминала не подтверждён",1,0,17500.0,0.0,0.0003847115911320412,0.0,4,False,True,-0.0,1.277416021374991e-19,0.0,17500.0,0,False,
100000001533161100,terminal,0.35,47,0.3429,"вход 100,000₸ от 1; ОБРЕЗАН 4-м коленом — исход не наблюдаем, статус терминала не подтверждён",1,0,100000.0,0.0,0.0003258938455923574,0.0,4,False,True,-0.0,7.661109445089346e-07,0.0,100000.0,0,False,
100000007034089100,terminal,0.35,7,0.363,"вход 198,000₸ от 2; ОБРЕЗАН 4-м коленом — исход не наблюдаем, статус терминала не подтверждён",2,0,198000.0,0.0,0.0003225499409968397,0.0,4,False,True,-0.0,1.607107932504635e-06,0.0,198000.0,0,False,
100000008336318100,terminal,0.35,7,0.3628,"вход 170,000₸ от 1; ОБРЕЗАН 4-м коленом — исход не наблюдаем, статус терминала не подтверждён",1,0,170000.0,0.0,0.0003281745942006332,0.0,4,False,True,-0.0,3.090697526266823e-08,0.0,170000.0,0,False,
100000005370558100,terminal,0.35,0,0.1959,"вход 5,000₸ от 1; ОБРЕЗАН 4-м коленом — исход не наблюдаем, статус терминала не подтверждён",1,0,5000.0,0.0,0.0003006373817488417,0.0,4,False,True,-0.0,5.553943663914105e-06,0.0,5000.0,0,False,
100000002729875100,terminal,0.35,8,0.3184,"вход 76,000₸ от 1; ОБРЕЗАН 4-м коленом — исход не наблюдаем, статус терминала не подтверждён",1,0,76000.0,0.0,0.00031541362445989824,0.0,4,False,True,-0.0,2.758273971093744e-06,0.0,76000.0,0,False,
100000006512787100,terminal,0.35,0,0.3326,"вход 20,000₸ от 1; ОБРЕЗАН 4-м коленом — исход не наблюдаем, статус терминала не подтверждён",1,0,20000.0,0.0,0.0005323686713884702,0.0,4,False,True,-0.0,-1.589289905477635e-20,0.0,20000.0,0,False,
100000003186579100,terminal,0.35,3,0.4005,"вход 110,000₸ от 1; ОБРЕЗАН 4-м коленом — исход не наблюдаем, статус терминала не подтверждён",1,0,110000.0,0.0,0.0005174329706222673,0.0,4,False,True,-0.0,-1.1027949749877865e-19,0.0,110000.0,0,False,
100000004472936100,terminal,0.35,13,0.3014,"вход 5,000₸ от 1; ОБРЕЗАН 4-м коленом — исход не наблюдаем, статус терминала не подтверждён",1,0,5000.0,0.0,0.000534224856447652,0.0,4,False,True,-0.0,3.194466601926835e-23,0.0,5000.0,0,False,
100000002231144100,terminal,0.35,21,0.2884,"вход 15,000₸ от 1; ОБРЕЗАН 4-м коленом — исход не наблюдаем, статус терминала не подтверждён",1,0,15000.0,0.0,0.00036885720271372736,0.0,4,False,True,-0.0,1.2449692245343962e-20,0.0,15000.0,0,False,
100000002505277100,terminal,0.35,0,0.3609,"вход 60,000₸ от 1; ОБРЕЗАН 4-м коленом — исход не наблюдаем, статус терминала не подтверждён",1,0,60000.0,0.0,0.0004094535334103889,0.0,4,False,True,-0.0,2.0957937454715776e-19,0.0,60000.0,0,False,
100000003177533100,terminal,0.35,3,0.2853,"вход 20,000₸ от 1; ОБРЕЗАН 4-м коленом — исход не наблюдаем, статус терминала не подтверждён",1,0,20000.0,0.0,0.0003396994906530415,0.0,4,False,True,-0.0,-2.8662887860837294e-19,0.0,20000.0,0,False,
100000005888829100,terminal,0.35,7,0.3471,"вход 197,000₸ от 1; ОБРЕЗАН 4-м коленом — исход не наблюдаем, статус терминала не подтверждён",1,0,197000.0,0.0,0.0003128764800721987,0.0,4,False,True,-0.0,1.2761480262522374e-06,0.0,197000.0,0,False,
100000002242066100,terminal,0.35,35,0.3856,"вход 60,000₸ от 1; ОБРЕЗАН 4-м коленом — исход не наблюдаем, статус терминала не подтверждён",1,0,60000.0,0.0,0.0005361178711651809,0.0,4,False,True,-0.0,-1.6888986837480577e-21,0.0,60000.0,0,False,
100000008027922100,terminal,0.35,22,0.3808,"вход 70,000₸ от 1; ОБРЕЗАН 4-м коленом — исход не наблюдаем, статус терминала не подтверждён",1,0,70000.0,0.0,0.000504707881496433,0.0,4,False,True,-0.0,2.4279544042988365e-19,0.0,70000.0,0,False,
100000002686226100,terminal,0.35,15,0.4705,"вход 430,000₸ от 1; ОБРЕЗАН 4-м коленом — исход не наблюдаем, статус терминала не подтверждён",1,0,430000.0,0.0,0.000657422564333951,0.0,4,False,True,-0.0,6.08586737340039e-21,0.0,430000.0,0,False,
100000001065234100,terminal,0.35,60,0.4522,"вход 360,000₸ от 1; ОБРЕЗАН 4-м коленом — исход не наблюдаем, статус терминала не подтверждён",1,0,360000.0,0.0,0.000551059341975592,0.0,4,False,True,-0.0,-1.4412424756208493e-19,0.0,360000.0,0,False,
100000000424935100,terminal,0.35,28,0.2263,"вход 15,000₸ от 1; ОБРЕЗАН 4-м коленом — исход не наблюдаем, статус терминала не подтверждён",1,0,15000.0,0.0,0.000302789035369116,0.0,4,False,True,-0.0,3.0386805723013475e-11,0.0,15000.0,0,False,
100000005723580100,terminal,0.35,10,0.3138,"вход 35,000₸ от 1; ОБРЕЗАН 4-м коленом — исход не наблюдаем, статус терминала не подтверждён",1,0,35000.0,0.0,0.0003458774245758717,0.0,4,False,True,-0.0,1.6708986496981012e-19,0.0,35000.0,0,False,
100000000704700100,terminal,0.35,23,0.3141,"вход 10,000₸ от 1; ОБРЕЗАН 4-м коленом — исход не наблюдаем, статус терминала не подтверждён",1,0,10000.0,0.0,0.000535589944745787,0.0,4,False,True,-0.0,-3.0961625192549807e-21,0.0,10000.0,0,False,
100000005293969100,terminal,0.35,0,0.3016,"вход 5,467₸ от 1; ОБРЕЗАН 4-м коленом — исход не наблюдаем, статус терминала не подтверждён",1,0,5466.97,0.0,0.0005328142094654642,0.0,4,False,True,-0.0,1.2228276190103835e-21,0.0,5466.97,0,False,
100000002512742100,terminal,0.35,19,0.1401,"вход 6,000₸ от 1; ОБРЕЗАН 4-м коленом — исход не наблюдаем, статус терминала не подтверждён",1,0,6000.0,0.0,0.0002900734104943234,0.0,4,False,True,-0.0,3.6873819465271454e-06,0.0,6000.0,0,False,
100000001816678100,terminal,0.35,2,0.3032,"вход 60,000₸ от 1; ОБРЕЗАН 4-м коленом — исход не наблюдаем, статус терминала не подтверждён",1,0,60000.0,0.0,0.0003110373276412958,0.0,4,False,True,-0.0,2.3085825460059545e-05,0.0,60000.0,0,False,
100000004586598100,terminal,0.35,71,0.4656,"вход 761,255₸ от 1; ОБРЕЗАН 4-м коленом — исход не наблюдаем, статус терминала не подтверждён",1,0,761255.0,0.0,0.0005416234594243445,0.0,4,False,True,-0.0,8.293706405526793e-21,0.0,761255.0,0,False,
100000005782886100,terminal,0.35,7,0.2839,"вход 14,000₸ от 1; ОБРЕЗАН 4-м коленом — исход не наблюдаем, статус терминала не подтверждён",1,0,14000.0,0.0,0.00036513904304066056,0.0,4,False,True,-0.0,-2.181461559411359e-19,0.0,14000.0,0,False,
100000002622822100,terminal,0.35,18,0.4931,"вход 750,000₸ от 1; ОБРЕЗАН 4-м коленом — исход не наблюдаем, статус терминала не подтверждён",1,0,750000.0,0.0,0.0009115195603749133,0.0,4,False,True,-0.0,-9.330806239453262e-22,0.0,750000.0,0,False,
100000003718715100,terminal,0.35,13,0.4787,"вход 915,000₸ от 1; ОБРЕЗАН 4-м коленом — исход не наблюдаем, статус терминала не подтверждён",1,0,915000.0,0.0,0.0005780729063882122,0.0,4,False,True,-0.0,-1.126782939881831e-20,0.0,915000.0,0,False,
100000006491963100,terminal,0.35,19,0.202,"вход 16,000₸ от 1; ОБРЕЗАН 4-м коленом — исход не наблюдаем, статус терминала не подтверждён",1,0,16000.0,0.0,0.00029544767685963264,0.0,4,False,True,-0.0,3.6873819465275685e-06,0.0,16000.0,0,False,
100000004526651100,terminal,0.35,7,0.205,"вход 33,000₸ от 1; ОБРЕЗАН 4-м коленом — исход не наблюдаем, статус терминала не подтверждён",1,0,33000.0,0.0,0.00029120880889901097,0.0,4,False,True,-0.0,1.2761480262521565e-06,0.0,33000.0,0,False,
100000008331280100,terminal,0.35,27,0.2996,"вход 41,000₸ от 1; ОБРЕЗАН 4-м коленом — исход не наблюдаем, статус терминала не подтверждён",1,0,41000.0,0.0,0.00031947686361663124,0.0,4,False,True,-0.0,3.6067295214559473e-19,0.0,41000.0,0,False,
100000004177936100,terminal,0.35,3,0.2618,"вход 10,000₸ от 1; ОБРЕЗАН 4-м коленом — исход не наблюдаем, статус терминала не подтверждён",1,0,10000.0,0.0,0.00033850457340797626,0.0,4,False,True,-0.0,1.964772895440144e-05,0.0,10000.0,0,False,
100000002922000100,terminal,0.35,47,0.435,"вход 448,000₸ от 1; ОБРЕЗАН 4-м коленом — исход не наблюдаем, статус терминала не подтверждён",1,0,448000.0,0.0,0.00046177042790428147,0.0,4,False,True,-0.0,7.661109445089157e-07,0.0,448000.0,0,False,
100000002404112100,terminal,0.35,27,0.3282,"вход 60,000₸ от 1; ОБРЕЗАН 4-м коленом — исход не наблюдаем, статус терминала не подтверждён",1,0,60000.0,0.0,0.00033153415459718637,0.0,4,False,True,-0.0,4.0337774957716385e-08,0.0,60000.0,0,False,
100000000634341100,terminal,0.35,0,0.3542,"вход 24,000₸ от 1; ОБРЕЗАН 4-м коленом — исход не наблюдаем, статус терминала не подтверждён",1,0,24000.0,0.0,0.0005573539003533433,0.0,4,False,True,-0.0,-1.5270682153822304e-20,0.0,24000.0,0,False,
100000001822650100,terminal,0.35,7,0.3192,"вход 112,000₸ от 1; ОБРЕЗАН 4-м коленом — исход не наблюдаем, статус терминала не подтверждён",1,0,112000.0,0.0,0.00030727065406595434,0.0,4,False,True,-0.0,3.309599062524277e-07,0.0,112000.0,0,False,
100000004791226100,terminal,0.35,0,0.3417,"вход 20,000₸ от 1; ОБРЕЗАН 4-м коленом — исход не наблюдаем, статус терминала не подтверждён",1,0,20000.0,0.0,0.0005438507021136128,0.0,4,False,True,-0.0,6.799503811333395e-21,0.0,20000.0,0,False,
100000007841978100,terminal,0.35,4,0.4429,"вход 449,000₸ от 1; ОБРЕЗАН 4-м коленом — исход не наблюдаем, статус терминала не подтверждён",1,0,449000.0,0.0,0.0005085344625420965,0.0,4,False,True,-0.0,1.0110004423425292e-19,0.0,449000.0,0,False,
100000006866831100,terminal,0.35,3,0.293,"вход 16,500₸ от 1; ОБРЕЗАН 4-м коленом — исход не наблюдаем, статус терминала не подтверждён",1,0,16500.0,0.0,0.0003693041098975185,0.0,4,False,True,-0.0,1.6772387180332826e-19,0.0,16500.0,0,False,
100000002999140100,terminal,0.35,11,0.1556,"вход 10,000₸ от 1; ОБРЕЗАН 4-м коленом — исход не наблюдаем, статус терминала не подтверждён",1,0,10000.0,0.0,0.0002907787555485696,0.0,4,False,True,-0.0,2.3697854479436968e-06,0.0,10000.0,0,False,
100000002884708100,terminal,0.35,10,0.4799,"вход 1,171,644₸ от 1; ОБРЕЗАН 4-м коленом — исход не наблюдаем, статус терминала не подтверждён",1,0,1171644.0,0.0,0.0005650270040464904,0.0,4,False,True,-0.0,1.4090463701367487e-20,0.0,1171644.0,0,False,
100000001130553100,terminal,0.35,4,0.3383,"вход 18,000₸ от 1; ОБРЕЗАН 4-м коленом — исход не наблюдаем, статус терминала не подтверждён",1,0,18000.0,0.0,0.0005459673279026691,0.0,4,False,True,-0.0,2.1164645498122172e-19,0.0,18000.0,0,False,
100000006351075100,terminal,0.35,39,0.221,"вход 40,000₸ от 1; ОБРЕЗАН 4-м коленом — исход не наблюдаем, статус терминала не подтверждён",1,0,40000.0,0.0,0.0002923884266111348,0.0,4,False,True,-0.0,1.4712355050899586e-20,0.0,40000.0,0,False,
100000005616568100,terminal,0.35,4,0.4369,"вход 530,000₸ от 1; ОБРЕЗАН 4-м коленом — исход не наблюдаем, статус терминала не подтверждён",1,0,530000.0,0.0,0.000433855168393233,0.0,4,False,True,-0.0,1.5324690177695546e-19,0.0,530000.0,0,False,
100000006381453100,terminal,0.35,7,0.3845,"вход 45,000₸ от 1; ОБРЕЗАН 4-м коленом — исход не наблюдаем, статус терминала не подтверждён",1,0,45000.0,0.0,0.0005787091993217518,0.0,4,False,True,-0.0,-8.002455930509373e-21,0.0,45000.0,0,False,
100000004616845100,terminal,0.35,58,0.1733,"вход 20,200₸ от 1; ОБРЕЗАН 4-м коленом — исход не наблюдаем, статус терминала не подтверждён",1,0,20200.0,0.0,0.00029011117484757973,0.0,4,False,True,-0.0,-4.4045696635758787e-20,0.0,20200.0,0,False,
100000004908173100,terminal,0.35,10,0.276,"вход 21,000₸ от 1; ОБРЕЗАН 4-м коленом — исход не наблюдаем, статус терминала не подтверждён",1,0,21000.0,0.0,0.00032226599501557814,0.0,4,False,True,-0.0,-1.685668198504934e-19,0.0,21000.0,0,False,
100000004433250100,terminal,0.35,0,0.2219,"вход 8,000₸ от 1; ОБРЕЗАН 4-м коленом — исход не наблюдаем, статус терминала не подтверждён",1,0,8000.0,0.0,0.00030793930150589736,0.0,4,False,True,-0.0,-2.327610859003765e-21,0.0,8000.0,0,False,
100000003664994100,terminal,0.35,38,0.4132,"вход 338,271₸ от 1; ОБРЕЗАН 4-м коленом — исход не наблюдаем, статус терминала не подтверждён",1,0,338271.0,0.0,0.00039283565744490946,0.0,4,False,True,-0.0,1.2072356240563371e-06,0.0,338271.0,0,False,
100000004673335100,terminal,0.35,30,0.3832,"вход 80,000₸ от 1; ОБРЕЗАН 4-м коленом — исход не наблюдаем, статус терминала не подтверждён",1,0,80000.0,0.0,0.0004962127063303444,0.0,4,False,True,-0.0,4.500602285482754e-05,0.0,80000.0,0,False,
100000002487222100,terminal,0.35,4,0.3181,"вход 90,000₸ от 1; ОБРЕЗАН 4-м коленом — исход не наблюдаем, статус терминала не подтверждён",1,0,90000.0,0.0,0.00031181218764613514,0.0,4,False,True,-0.0,6.669310821624877e-20,0.0,90000.0,0,False,
100000000018102100,terminal,0.35,3,0.244,"вход 7,000₸ от 1; ОБРЕЗАН 4-м коленом — исход не наблюдаем, статус терминала не подтверждён",1,0,7000.0,0.0,0.0003218298697391781,0.0,4,False,True,-0.0,-1.3215674261795817e-19,0.0,7000.0,0,False,
100000008638859100,terminal,0.35,17,0.3645,"вход 34,000₸ от 1; ОБРЕЗАН 4-м коленом — исход не наблюдаем, статус терминала не подтверждён",1,0,34000.0,0.0,0.0005419497123214285,0.0,4,False,True,-0.0,3.5536462700490064e-05,0.0,34000.0,0,False,
100000001131403100,terminal,0.35,58,0.474,"вход 1,570,000₸ от 1; ОБРЕЗАН 4-м коленом — исход не наблюдаем, статус терминала не подтверждён",1,0,1570000.0,0.0,0.0005404057294243341,0.0,4,False,True,-0.0,-9.321701973575903e-20,0.0,1570000.0,0,False,
100000001733216100,terminal,0.35,0,0.3609,"вход 60,000₸ от 1; ОБРЕЗАН 4-м коленом — исход не наблюдаем, статус терминала не подтверждён",1,0,60000.0,0.0,0.0004094535334103889,0.0,4,False,True,-0.0,3.3383646954696476e-19,0.0,60000.0,0,False,
100000004400480100,terminal,0.35,12,0.3289,"вход 21,700₸ от 1; ОБРЕЗАН 4-м коленом — исход не наблюдаем, статус терминала не подтверждён",1,0,21700.0,0.0,0.0004866968416971746,0.0,4,False,True,-0.0,4.855346779244203e-20,0.0,21700.0,0,False,
100000007539296100,terminal,0.35,4,0.3822,"вход 46,000₸ от 1; ОБРЕЗАН 4-м коленом — исход не наблюдаем, статус терминала не подтверждён",1,0,46000.0,0.0,0.0005597526869806093,0.0,4,False,True,-0.0,1.1869326366893298e-20,0.0,46000.0,0,False,
100000008757301100,terminal,0.35,0,0.3805,"вход 58,398₸ от 1; ОБРЕЗАН 4-м коленом — исход не наблюдаем, статус терминала не подтверждён",1,0,58398.0,0.0,0.000532870629678765,0.0,4,False,True,-0.0,-2.324536059222244e-21,0.0,58398.0,0,False,
100000002752565100,terminal,0.35,3,0.3319,"вход 57,000₸ от 1; ОБРЕЗАН 4-м коленом — исход не наблюдаем, статус терминала не подтверждён",1,0,57000.0,0.0,0.00033973572253054356,0.0,4,False,True,-0.0,-8.70697088471461e-20,0.0,57000.0,0,False,
100000002734815100,terminal,0.35,7,0.3296,"вход 110,000₸ от 1; ОБРЕЗАН 4-м коленом — исход не наблюдаем, статус терминала не подтверждён",1,0,110000.0,0.0,0.000313589037662223,0.0,4,False,True,-0.0,3.090697526271652e-08,0.0,110000.0,0,False,
100000008333492100,terminal,0.35,46,0.4115,"вход 216,400₸ от 1; ОБРЕЗАН 4-м коленом — исход не наблюдаем, статус терминала не подтверждён",1,0,216400.0,0.0,0.0004399409299864769,0.0,4,False,True,-0.0,1.3211304844627583e-19,0.0,216400.0,0,False,
100000006527156100,terminal,0.35,48,0.2567,"вход 48,500₸ от 1; ОБРЕЗАН 4-м коленом — исход не наблюдаем, статус терминала не подтверждён",1,0,48500.0,0.0,0.00029740102648613743,0.0,4,False,True,-0.0,7.199373816440559e-20,0.0,48500.0,0,False,
100000003448713100,terminal,0.35,3,0.3431,"вход 266,750₸ от 1; ОБРЕЗАН 4-м коленом — исход не наблюдаем, статус терминала не подтверждён",1,0,266750.0,0.0,0.0003048101172056621,0.0,4,False,True,-0.0,0.00011365723689489925,0.0,266750.0,0,False,
100000004780083100,terminal,0.35,59,0.181,"вход 9,999₸ от 1; ОБРЕЗАН 4-м коленом — исход не наблюдаем, статус терминала не подтверждён",1,0,9999.0,0.0,0.0002946979045255726,0.0,4,False,True,-0.0,1.7655663111646905e-19,0.0,9999.0,0,False,
100000004798515100,terminal,0.35,11,0.3893,"вход 200,000₸ от 1; ОБРЕЗАН 4-м коленом — исход не наблюдаем, статус терминала не подтверждён",1,0,200000.0,0.0,0.00036544694814377303,0.0,4,False,True,-0.0,2.3697854479433554e-06,0.0,200000.0,0,False,
100000004232712100,terminal,0.35,4,0.3151,"вход 12,500₸ от 1; ОБРЕЗАН 4-м коленом — исход не наблюдаем, статус терминала не подтверждён",1,0,12500.0,0.0,0.0005315954812987935,0.0,4,False,True,-0.0,7.145519091713507e-21,0.0,12500.0,0,False,
100000005209352100,terminal,0.35,0,0.2803,"вход 5,000₸ от 1; ОБРЕЗАН 4-м коленом — исход не наблюдаем, статус терминала не подтверждён",1,0,5000.0,0.0,0.00042212780031842547,0.0,4,False,True,-0.0,3.0193720544932686e-20,0.0,5000.0,0,False,
100000000561160100,terminal,0.35,2,0.4148,"вход 240,000₸ от 1; ОБРЕЗАН 4-м коленом — исход не наблюдаем, статус терминала не подтверждён",1,0,240000.0,0.0,0.00043816438032217447,0.0,4,False,True,-0.0,1.1987358810531824e-05,0.0,240000.0,0,False,
100000003568904100,terminal,0.35,13,0.373,"вход 49,000₸ от 1; ОБРЕЗАН 4-м коленом — исход не наблюдаем, статус терминала не подтверждён",1,0,49000.0,0.0,0.0005340597144097778,0.0,4,False,True,-0.0,7.48743680848231e-21,0.0,49000.0,0,False,
100000000470237100,terminal,0.35,28,0.3739,"вход 32,500₸ от 1; ОБРЕЗАН 4-м коленом — исход не наблюдаем, статус терминала не подтверждён",1,0,32500.0,0.0,0.0005874891550959067,0.0,4,False,True,-0.0,-1.8146129320755551e-19,0.0,32500.0,0,False,
100000008560263100,terminal,0.35,4,0.3285,"вход 100,000₸ от 1; ОБРЕЗАН 4-м коленом — исход не наблюдаем, статус терминала не подтверждён",1,0,100000.0,0.0,0.00031458589175402374,0.0,4,False,True,-0.0,8.9724650219474e-23,0.0,100000.0,0,False,
100000000542087100,terminal,0.35,37,0.1235,"вход 8,507₸ от 1; ОБРЕЗАН 4-м коленом — исход не наблюдаем, статус терминала не подтверждён",1,0,8506.91,0.0,0.00028769776072608104,0.0,4,False,True,-0.0,-2.742005518085578e-20,0.0,8506.91,0,False,
100000004403548100,terminal,0.35,3,0.2668,"вход 5,000₸ от 1; ОБРЕЗАН 4-м коленом — исход не наблюдаем, статус терминала не подтверждён",1,0,5000.0,0.0,0.0003694957251542552,0.0,4,False,True,-0.0,-1.3131883203846305e-19,0.0,5000.0,0,False,
100000003010908100,terminal,0.35,8,0.3039,"вход 17,000₸ от 1; ОБРЕЗАН 4-м коленом — исход не наблюдаем, статус терминала не подтверждён",1,0,17000.0,0.0,0.00040117257173756337,0.0,4,False,True,-0.0,2.1678034372451037e-06,0.0,17000.0,0,False,
100000006756956100,terminal,0.35,0,0.3307,"вход 121,200₸ от 1; ОБРЕЗАН 4-м коленом — исход не наблюдаем, статус терминала не подтверждён",1,0,121200.0,0.0,0.00031233192132253763,0.0,4,False,True,-0.0,9.170991618779574e-05,0.0,121200.0,0,False,
100000007357489100,terminal,0.35,7,0.3443,"вход 164,500₸ от 2; ОБРЕЗАН 4-м коленом — исход не наблюдаем, статус терминала не подтверждён",2,0,164500.0,0.0,0.00031435760399258953,0.0,4,False,True,-0.0,1.607107932504388e-06,0.0,164500.0,0,False,
100000002599729100,terminal,0.35,0,0.376,"вход 65,000₸ от 1; ОБРЕЗАН 4-м коленом — исход не наблюдаем, статус терминала не подтверждён",1,0,65000.0,0.0,0.00048791952362156144,0.0,4,False,True,-0.0,-2.1302219883557628e-19,0.0,65000.0,0,False,
100000005849862100,terminal,0.35,6,0.3278,"вход 13,000₸ от 1; ОБРЕЗАН 4-м коленом — исход не наблюдаем, статус терминала не подтверждён",1,0,13000.0,0.0,0.0005508281363852516,0.0,4,False,True,-0.0,-6.384437708569513e-21,0.0,13000.0,0,False,
100000008762843100,terminal,0.35,7,0.1273,"вход 7,000₸ от 1; ОБРЕЗАН 4-м коленом — исход не наблюдаем, статус терминала не подтверждён",1,0,7000.0,0.0,0.00028855049893795236,0.0,4,False,True,-0.0,3.090697526242677e-08,0.0,7000.0,0,False,
100000002723674100,terminal,0.35,21,0.2962,"вход 30,000₸ от 1; ОБРЕЗАН 4-м коленом — исход не наблюдаем, статус терминала не подтверждён",1,0,30000.0,0.0,0.0003286204436086749,0.0,4,False,True,-0.0,1.8782593285799073e-19,0.0,30000.0,0,False,
100000008758106100,terminal,0.35,7,0.1308,"вход 10,000₸ от 1; ОБРЕЗАН 4-м коленом — исход не наблюдаем, статус терминала не подтверждён",1,0,10000.0,0.0,0.0002881700501369176,0.0,4,False,True,-0.0,1.276148026252419e-06,0.0,10000.0,0,False,
100000001286703100,terminal,0.35,41,0.158,"вход 20,500₸ от 1; ОБРЕЗАН 4-м коленом — исход не наблюдаем, статус терминала не подтверждён",1,0,20500.0,0.0,0.0002885264901584041,0.0,4,False,True,-0.0,1.0627214900243234e-19,0.0,20500.0,0,False,
